ts,acs1,acs2,ci,ti,bi,si,rpm,torque,weight,brush_peak,growth_pct
1782217527.7271054,516,496,31,31,15,100,18125,105.0,63.0,0,0
1782217527.826397,516,496,31,31,15,100,18125,105.0,63.0,0,0
1782217527.9267693,516,496,31,31,15,100,18125,105.0,63.0,0,0
1782217528.02712,517,497,32,32,16,100,18125,105.0,63.0,0,0
1782217528.126472,516,495,31,31,14,100,18125,105.0,63.0,0,0
1782217528.226922,516,495,31,31,14,99.62732200375004,18125,105.0,63.0,0,0
1782217528.3272305,516,496,31,31,15,99.65007289388812,18125,105.0,63.0,0,0
1782217528.4265494,516,496,31,31,15,99.66928108611692,18125,105.0,63.0,0,0
1782217528.526911,516,497,31,31,16,99.68573031947264,18125,105.0,63.0,0,0
1782217528.6272502,516,496,31,31,15,99.7,18125,105.0,63.0,15,0
1782217528.7265973,517,496,32,32,15,99.61430539208007,18125,105.0,63.0,15,0
1782217528.8269064,516,496,31,31,15,99.62732200375004,18125,105.0,63.0,15,0
1782217528.9272392,516,496,31,31,15,99.6391987877059,18125,105.0,63.0,15,0
1782217529.0265675,516,496,31,31,15,99.65007289388812,18125,105.0,63.0,15,0
1782217529.1269112,516,496,31,31,15,99.66006536576049,18125,105.0,63.0,15,0
1782217529.2277405,516,496,31,31,15,99.66928108611692,18125,105.0,63.0,15,0
1782217529.427352,516,496,31,31,15,99.67781026029108,18125,105.0,63.0,15,0
1782217529.527592,516,497,31,31,16,99.68573031947264,18125,105.0,63.0,16,0
1782217529.7269585,55,497,430,430,16,10.928831094489922,4552,273.0,163.8,16,0
1782217529.9271276,515,495,30,30,14,13.050589421204236,18125,105.0,63.0,16,12.5
1782217530.0275102,516,496,31,31,15,15.03923808157299,18125,105.0,63.0,16,6.25
1782217530.327535,517,496,32,32,15,16.907536815806637,18125,105.0,63.0,16,6.25
1782217530.527176,516,496,31,31,15,18.64900199059231,18125,105.0,63.0,16,6.25
1782217530.6275308,516,496,31,31,15,20.285677172236547,18125,105.0,63.0,16,6.25
1782217530.7267294,517,496,32,32,15,21.83559889566095,18125,105.0,63.0,16,6.25
1782217530.8272123,516,496,31,31,15,23.291144444007912,18125,105.0,63.0,16,6.25
1782217530.9276557,516,495,31,31,14,24.66846937587927,18125,105.0,63.0,16,12.5
1782217531.026781,516,496,31,31,15,25.974321884847527,18125,105.0,63.0,16,6.25
1782217531.1272652,517,496,32,32,15,27.221003016649803,18125,105.0,63.0,16,6.25
1782217531.3268473,516,496,31,31,15,28.400799197508107,18125,105.0,63.0,16,6.25
1782217531.527596,516,496,31,31,15,28.400799197508107,18125,105.0,63.0,16,6.25
1782217531.6268153,516,496,31,31,15,28.400799197508107,18125,105.0,63.0,16,6.25
1782217531.727213,516,495,31,31,14,28.400799197508107,18125,105.0,63.0,16,12.5
1782217531.8274565,516,496,31,31,15,28.394786037142055,18125,105.0,63.0,16,6.25
1782217531.9267595,515,496,30,30,15,28.38832342262735,18125,105.0,63.0,16,6.25
1782217532.0271919,516,496,31,31,15,28.38832342262735,18125,105.0,63.0,16,6.25
1782217532.127605,516,496,31,31,15,28.38832342262735,18125,105.0,63.0,16,6.25
1782217532.226877,516,497,31,31,16,28.38832342262735,18125,105.0,63.0,16,0
1782217532.3272107,516,496,31,31,15,28.38832342262735,18125,105.0,63.0,16,6.25
1782217532.4276423,16,496,469,469,15,0,4173,273.0,163.8,16,6.25
1782217532.5270715,516,496,31,31,15,0,18125,105.0,63.0,16,6.25
1782217532.6273928,516,496,31,31,15,0,18125,105.0,63.0,16,6.25
1782217532.7276661,516,496,31,31,15,0,18125,105.0,63.0,16,6.25
1782217532.8269317,517,495,32,32,14,0,18125,105.0,63.0,16,12.5
1782217532.9273362,516,496,31,31,15,0,18125,105.0,63.0,16,6.25
1782217533.2271574,516,496,31,31,15,0,18125,105.0,63.0,16,6.25
1782217533.426947,515,496,30,30,15,0,18125,105.0,63.0,16,6.25
1782217533.5272553,516,496,31,31,15,0,18125,105.0,63.0,16,6.25
1782217533.626545,515,497,30,30,16,21.374897986287692,18125,105.0,63.0,16,0
1782217533.8273463,516,496,31,31,15,21.38130700088631,18125,105.0,63.0,16,6.25
1782217533.9265673,516,496,31,31,15,21.38130700088631,18125,105.0,63.0,16,6.25
1782217534.0269442,517,495,32,32,14,21.38130700088631,18125,105.0,63.0,16,12.5
1782217534.127282,516,497,31,31,16,21.38130700088631,18125,105.0,63.0,16,0
1782217534.2267795,516,496,31,31,15,21.38130700088631,18125,105.0,63.0,16,6.25
1782217534.3274639,516,495,31,31,14,21.375321940245755,18125,105.0,63.0,16,12.5
1782217534.427461,516,496,31,31,15,21.375321940245755,18125,105.0,63.0,16,6.25
1782217534.5268242,516,497,31,31,16,21.375321940245755,18125,105.0,63.0,16,0
1782217534.6271386,515,496,30,30,15,21.36892754416003,18125,105.0,63.0,16,6.25
1782217534.7275412,515,496,30,30,15,21.356606549988356,18125,105.0,63.0,16,6.25
1782217534.8268359,516,496,31,31,15,21.356606549988356,18125,105.0,63.0,16,6.25
1782217534.9270444,516,495,31,31,14,21.356606549988356,18125,105.0,63.0,16,12.5
1782217535.02743,516,496,31,31,15,21.356606549988356,18125,105.0,63.0,16,6.25
1782217535.1266994,516,496,31,31,15,21.356606549988356,18125,105.0,63.0,16,6.25
1782217535.2269962,516,495,31,31,14,21.356606549988356,18125,105.0,63.0,16,12.5
1782217535.3274164,516,497,31,31,16,21.362971684948434,18125,105.0,63.0,16,0
1782217535.527024,515,495,30,30,14,21.356606549988356,18125,105.0,63.0,16,12.5
1782217535.6274385,515,497,30,30,16,21.350256057491052,18125,105.0,63.0,16,0
1782217535.72672,516,496,31,31,15,21.350256057491052,18125,105.0,63.0,16,6.25
1782217535.8270705,516,496,31,31,15,21.350256057491052,18125,105.0,63.0,16,6.25
1782217535.9274373,516,497,31,31,16,99.50111234843014,18125,105.0,63.0,16,0
1782217536.0267172,517,496,32,32,15,99.46148351928655,18125,105.0,63.0,16,6.25
1782217536.1271179,515,496,30,30,15,99.43825668178825,18125,105.0,63.0,16,6.25
1782217536.2264163,517,496,32,32,15,99.40278423776104,18125,105.0,63.0,16,6.25
1782217536.3268278,515,495,30,30,14,99.41785836011424,18125,105.0,63.0,16,12.5
1782217536.4271903,517,496,32,32,15,99.38175876696695,18125,105.0,63.0,16,6.25
1782217536.526621,516,495,31,31,14,99.38175876696695,18125,105.0,63.0,16,12.5
1782217536.6269302,516,495,31,31,14,99.40278423776104,18125,105.0,63.0,16,12.5
1782217536.7272713,516,494,31,31,13,99.40278423776104,18125,105.0,63.0,16,18.75
1782217536.8266194,516,496,31,31,15,99.42651164886382,18125,105.0,63.0,16,6.25
1782217536.9269753,517,496,32,32,15,99.39538809509277,18125,105.0,63.0,16,6.25
1782217537.0273366,516,496,31,31,15,99.39538809509277,18125,105.0,63.0,16,6.25
1782217537.126546,517,495,32,32,14,99.39538809509277,18125,105.0,63.0,16,12.5
1782217537.2263825,516,495,31,31,14,99.39538809509277,18125,105.0,63.0,16,12.5
1782217537.3267386,516,496,31,31,15,99.39538809509277,18125,105.0,63.0,16,6.25
1782217537.4261034,516,496,31,31,15,99.39538809509277,18125,105.0,63.0,16,6.25
1782217537.5264175,515,497,30,30,16,99.37106792452956,18125,105.0,63.0,16,0
1782217537.6267843,516,496,31,31,15,99.37106792452956,18125,105.0,63.0,16,6.25
1782217537.726146,517,496,32,32,15,99.36754446796633,18125,105.0,63.0,16,6.25
1782217537.8264067,516,496,31,31,15,99.39538809509277,18125,105.0,63.0,16,6.25
1782217537.926772,515,497,30,30,16,99.36754446796633,18125,105.0,63.0,16,0
1782217538.026154,517,496,32,32,15,99.34256390255614,18125,105.0,63.0,16,6.25
1782217538.1264553,516,496,31,31,15,99.34256390255614,18125,105.0,63.0,16,6.25
1782217538.2267804,516,496,31,31,15,99.34256390255614,18125,105.0,63.0,16,6.25
1782217538.3261826,516,496,31,31,15,99.34256390255614,18125,105.0,63.0,16,6.25
1782217538.4264624,516,495,31,31,14,99.34256390255614,18125,105.0,63.0,16,12.5
1782217538.526813,516,496,31,31,15,99.37106792452956,18125,105.0,63.0,16,6.25
1782217538.6261923,516,496,31,31,15,99.40278423776104,18125,105.0,63.0,16,6.25
1782217538.7265067,516,496,31,31,15,99.40278423776104,18125,105.0,63.0,16,6.25
1782217538.8268006,516,495,31,31,14,99.40278423776104,18125,105.0,63.0,16,12.5
1782217538.9261775,515,496,30,30,15,99.37106792452956,18125,105.0,63.0,16,6.25
1782217539.0264812,517,496,32,32,15,99.37106792452956,18125,105.0,63.0,16,6.25
1782217539.126854,516,496,31,31,15,99.40278423776104,18125,105.0,63.0,16,6.25
1782217539.2261653,517,495,32,32,14,99.40278423776104,18125,105.0,63.0,16,12.5
1782217539.3266964,518,496,33,33,15,99.34680273525782,18125,105.0,63.0,16,6.25
1782217539.4259675,516,496,31,31,15,99.36316756084857,18125,105.0,63.0,16,6.25
1782217539.526409,516,496,31,31,15,99.36316756084857,18125,105.0,63.0,16,6.25
1782217539.6267338,517,496,32,32,15,99.34680273525782,18125,105.0,63.0,16,6.25
1782217539.7260892,517,496,32,32,15,99.3325005201833,18125,105.0,63.0,16,6.25
1782217539.8264134,516,497,31,31,16,99.3325005201833,18125,105.0,63.0,16,0
1782217539.9267566,515,496,30,30,15,99.31281572906373,18125,105.0,63.0,16,6.25
1782217540.0260668,516,497,31,31,16,99.31281572906373,18125,105.0,63.0,16,0
1782217540.126425,516,496,31,31,15,99.33000829192527,18125,105.0,63.0,16,6.25
1782217540.226785,515,496,30,30,15,99.3,18125,105.0,63.0,16,6.25
1782217540.3261058,517,496,32,32,15,99.2819780257154,18125,105.0,63.0,16,6.25
1782217540.4264503,516,496,31,31,15,99.2819780257154,18125,105.0,63.0,16,6.25
1782217540.5267708,516,496,31,31,15,99.31281572906373,18125,105.0,63.0,16,6.25
1782217540.6260917,516,496,31,31,15,99.31281572906373,18125,105.0,63.0,16,6.25
1782217540.7264485,516,496,31,31,15,99.33000829192527,18125,105.0,63.0,16,6.25
1782217540.8268201,516,496,31,31,15,99.33000829192527,18125,105.0,63.0,16,6.25
1782217540.9261348,516,496,31,31,15,99.36316756084857,18125,105.0,63.0,16,6.25
1782217541.02641,516,496,31,31,15,99.38175876696695,18125,105.0,63.0,16,6.25
1782217541.1267872,516,495,31,31,14,99.38175876696695,18125,105.0,63.0,16,12.5
1782217541.22613,516,496,31,31,15,99.38175876696695,18125,105.0,63.0,16,6.25
1782217541.326499,516,496,31,31,15,99.38175876696695,18125,105.0,63.0,16,6.25
1782217541.4272223,516,496,31,31,15,99.38175876696695,18125,105.0,63.0,16,6.25
1782217541.526543,516,496,31,31,15,99.38175876696695,18125,105.0,63.0,16,6.25
1782217541.626739,516,497,31,31,16,99.38175876696695,18125,105.0,63.0,16,0
1782217541.7270956,516,497,31,31,16,99.38175876696695,18125,105.0,63.0,16,0
1782217541.8263795,517,496,32,32,15,99.36316756084857,18125,105.0,63.0,16,6.25
1782217541.9267423,516,497,31,31,16,99.4,18125,105.0,63.0,16,0
1782217542.0271015,516,496,31,31,15,99.41785836011424,18125,105.0,63.0,16,6.25
1782217542.1264257,516,496,31,31,15,99.41785836011424,18125,105.0,63.0,16,6.25
1782217542.2267976,515,496,30,30,15,99.40278423776104,18125,105.0,63.0,16,6.25
1782217542.3272047,516,497,31,31,16,99.5181055901733,18125,105.0,63.0,16,0
1782217542.426435,516,496,31,31,15,99.5181055901733,18125,105.0,63.0,16,6.25
1782217542.5267887,517,496,32,32,15,99.48792361680876,18125,105.0,63.0,16,6.25
1782217542.6261053,516,496,31,31,15,99.5181055901733,18125,105.0,63.0,16,6.25
1782217542.7267985,516,496,31,31,15,99.55278640450004,18125,105.0,63.0,16,6.25
1782217542.8267837,515,496,30,30,15,99.5181055901733,18125,105.0,63.0,16,6.25
1782217542.9260602,517,496,32,32,15,99.5181055901733,18125,105.0,63.0,16,6.25
1782217543.0264425,517,496,32,32,15,99.48792361680876,18125,105.0,63.0,16,6.25
1782217543.126801,516,496,31,31,15,99.48792361680876,18125,105.0,63.0,16,6.25
1782217543.226048,516,497,31,31,16,99.52741843737473,18125,105.0,63.0,16,0
1782217543.326462,516,496,31,31,15,99.55778336128594,18125,105.0,63.0,16,6.25
1782217543.4267855,515,497,30,30,16,99.5181055901733,18125,105.0,63.0,16,0
1782217543.5261354,516,497,31,31,16,99.5181055901733,18125,105.0,63.0,16,0
1782217543.6267612,516,496,31,31,15,99.5181055901733,18125,105.0,63.0,16,6.25
1782217543.7269921,516,496,31,31,15,99.5181055901733,18125,105.0,63.0,16,6.25
1782217543.8262897,516,496,31,31,15,99.5181055901733,18125,105.0,63.0,16,6.25
1782217543.9266732,515,497,30,30,16,99.48360222050567,18125,105.0,63.0,16,0
1782217544.0270326,516,496,31,31,15,99.48360222050567,18125,105.0,63.0,16,6.25
1782217544.126265,517,496,32,32,15,99.45329268443811,18125,105.0,63.0,16,6.25
1782217544.2266665,516,497,31,31,16,99.45329268443811,18125,105.0,63.0,16,0
1782217544.3269658,517,496,32,32,15,99.42651164886382,18125,105.0,63.0,16,6.25
1782217544.4263856,516,496,31,31,15,99.42651164886382,18125,105.0,63.0,16,6.25
1782217544.5266163,516,496,31,31,15,99.42651164886382,18125,105.0,63.0,16,6.25
1782217544.6269805,515,496,30,30,15,99.39538809509277,18125,105.0,63.0,16,6.25
1782217544.7257872,516,497,31,31,16,99.39538809509277,18125,105.0,63.0,16,0
1782217544.8261542,516,496,31,31,15,99.42264973081038,18125,105.0,63.0,16,6.25
1782217544.9264529,516,495,31,31,14,99.42264973081038,18125,105.0,63.0,16,12.5
1782217545.0257578,518,496,33,33,15,99.32013073152096,18125,105.0,63.0,16,6.25
1782217545.1261542,516,496,31,31,15,99.32013073152096,18125,105.0,63.0,16,6.25
1782217545.2265205,516,496,31,31,15,99.34935929013523,18125,105.0,63.0,16,6.25
1782217545.3258374,516,496,31,31,15,99.34935929013523,18125,105.0,63.0,16,6.25
1782217545.4261627,515,496,30,30,15,99.32013073152096,18125,105.0,63.0,16,6.25
1782217545.5264993,516,497,31,31,16,99.34256390255614,18125,105.0,63.0,16,0
1782217545.6258078,516,491,31,31,10,99.34256390255614,18125,105.0,63.0,16,37.5
1782217545.7262006,515,495,30,30,14,99.31686994893603,18125,105.0,63.0,16,12.5
1782217545.8255124,516,495,31,31,14,99.34256390255614,18125,105.0,63.0,16,12.5
1782217545.9258592,515,496,30,30,15,99.34256390255614,18125,105.0,63.0,16,6.25
1782217546.0262635,515,496,30,30,15,99.34935929013523,18125,105.0,63.0,16,6.25
1782217546.1260726,505,503,20,20,22,97.93871668883463,18125,105.0,63.0,16,0
1782217546.2261999,507,507,22,22,26,97.43506551957192,18125,105.0,63.0,16,0
1782217546.3265405,508,487,23,23,6,97.13081505959929,18125,105.0,63.0,16,62.5
1782217546.425844,507,490,22,22,9,96.79427595282023,18125,105.0,63.0,16,43.75
1782217546.5262446,508,491,23,23,10,96.58744149419302,18125,105.0,63.0,16,37.5
1782217546.6265867,508,492,23,23,11,96.41221207117502,18125,105.0,63.0,16,31.25
1782217546.7265306,509,491,24,24,10,96.3127848509267,18125,105.0,63.0,16,37.5
1782217546.8267324,508,493,23,23,12,96.1848256192468,18125,105.0,63.0,16,25.0
1782217546.9270058,508,493,23,23,12,96.06144414509299,18125,105.0,63.0,16,25.0
1782217547.0263157,507,494,22,22,13,95.92787251891322,18125,105.0,63.0,16,18.75
1782217547.1266658,509,494,24,24,13,95.92787251891322,18125,105.0,63.0,16,18.75
1782217547.2269502,506,493,21,21,12,95.7910149019561,18125,105.0,63.0,16,25.0
1782217547.3263662,507,495,22,22,14,95.76207597991659,18125,105.0,63.0,16,12.5
1782217547.4266796,508,494,23,23,13,95.75788312801785,18125,105.0,63.0,16,18.75
1782217547.5270371,508,495,23,23,14,95.7704741531835,18125,105.0,63.0,16,12.5
1782217547.6263638,508,496,23,23,15,95.76771666564936,18125,105.0,63.0,16,6.25
1782217547.7267218,508,495,23,23,14,95.8120543354899,18125,105.0,63.0,16,12.5
1782217547.8269668,509,495,24,24,14,95.89363637481748,18125,105.0,63.0,16,12.5
1782217547.9263716,506,495,21,21,14,95.91262105174151,18125,105.0,63.0,16,12.5
1782217548.0267243,509,495,24,24,14,96.14297178300876,18125,105.0,63.0,16,12.5
1782217548.127182,508,495,23,23,14,96.27187863812229,18125,105.0,63.0,16,12.5
1782217548.2266843,507,495,22,22,14,96.40432358395685,18125,105.0,63.0,16,12.5
1782217548.327004,508,494,23,23,13,96.58695313702128,18125,105.0,63.0,16,18.75
1782217548.427285,508,495,23,23,14,96.73724724265605,18125,105.0,63.0,16,12.5
1782217548.5265307,508,495,23,23,14,96.98356354469568,18125,105.0,63.0,16,12.5
1782217548.6268454,509,495,24,24,14,97.28052292608385,18125,105.0,63.0,16,12.5
1782217548.72721,508,495,23,23,14,97.54032522475023,18125,105.0,63.0,16,12.5
1782217548.8265746,509,495,24,24,14,97.96803324611625,18125,105.0,63.0,16,12.5
1782217548.9267402,509,495,24,24,14,98.38892720352072,18125,105.0,63.0,16,12.5
1782217549.0260742,508,495,23,23,14,99.0310372097501,18125,105.0,63.0,16,12.5
1782217549.1265655,508,496,23,23,15,99.18622962561776,18125,105.0,63.0,16,6.25
1782217549.2269912,509,495,24,24,14,99.18350341907228,18125,105.0,63.0,16,12.5
1782217549.3260803,507,495,22,22,14,99.1640042530677,18125,105.0,63.0,16,12.5
1782217549.426603,509,496,24,24,15,99.1640042530677,18125,105.0,63.0,16,6.25
1782217549.5268054,508,495,23,23,14,99.1640042530677,18125,105.0,63.0,16,12.5
1782217549.6261964,508,496,23,23,15,99.1640042530677,18125,105.0,63.0,16,6.25
1782217549.7265465,508,496,23,23,15,99.18350341907228,18125,105.0,63.0,16,6.25
1782217549.8268042,506,495,21,21,14,99.10806078931603,18125,105.0,63.0,16,12.5
1782217549.9261098,509,495,24,24,14,99.08773785443974,18125,105.0,63.0,16,12.5
1782217550.026499,507,496,22,22,15,99.08773785443974,18125,105.0,63.0,16,6.25
1782217550.1269176,509,496,24,24,15,99.08773785443974,18125,105.0,63.0,16,6.25
1782217550.2263422,507,496,22,22,15,99.14365116142233,18125,105.0,63.0,16,6.25
1782217550.326707,508,496,23,23,15,99.1640042530677,18125,105.0,63.0,16,6.25
1782217550.427029,508,497,23,23,16,99.1640042530677,18125,105.0,63.0,16,0
1782217550.526172,508,496,23,23,15,99.1640042530677,18125,105.0,63.0,16,6.25
1782217550.6267464,508,495,23,23,14,99.1640042530677,18125,105.0,63.0,16,12.5
1782217550.727113,508,496,23,23,15,99.1640042530677,18125,105.0,63.0,16,6.25
1782217550.8262162,507,496,22,22,15,99.1640042530677,18125,105.0,63.0,16,6.25
1782217550.92656,508,496,23,23,15,99.24796572182143,18125,105.0,63.0,16,6.25
1782217551.0271,509,495,24,24,14,99.24796572182143,18125,105.0,63.0,16,12.5
1782217551.1264355,508,497,23,23,16,99.24796572182143,18125,105.0,63.0,16,0
1782217551.2267516,508,496,23,23,15,99.27275252569095,18125,105.0,63.0,16,6.25
1782217551.3270962,509,496,24,24,15,99.25389902381335,18125,105.0,63.0,16,6.25
1782217551.4262288,507,495,22,22,14,99.22827753981399,18125,105.0,63.0,16,12.5
1782217551.5266612,508,495,23,23,14,99.22827753981399,18125,105.0,63.0,16,12.5
1782217551.6268954,509,496,24,24,15,99.22827753981399,18125,105.0,63.0,16,6.25
1782217551.7262998,507,496,22,22,15,99.20487597054156,18125,105.0,63.0,16,6.25
1782217551.8265977,507,495,22,22,14,99.20487597054156,18125,105.0,63.0,16,12.5
1782217551.9269626,508,496,23,23,15,99.22827753981399,18125,105.0,63.0,16,6.25
1782217552.0265028,508,495,23,23,14,99.22827753981399,18125,105.0,63.0,16,12.5
1782217552.126696,508,495,23,23,14,99.22827753981399,18125,105.0,63.0,16,12.5
1782217552.225498,508,496,23,23,15,99.25389902381335,18125,105.0,63.0,16,6.25
1782217552.325815,508,496,23,23,15,99.27275252569095,18125,105.0,63.0,16,6.25
1782217552.4261909,508,496,23,23,15,99.3,18125,105.0,63.0,16,6.25
1782217552.5259361,508,495,23,23,14,99.3,18125,105.0,63.0,16,12.5
1782217552.6262968,509,496,24,24,15,99.27275252569095,18125,105.0,63.0,16,6.25
1782217552.7265835,508,495,23,23,14,99.27275252569095,18125,105.0,63.0,16,12.5
1782217552.8259652,508,496,23,23,15,99.36754446796633,18125,105.0,63.0,16,6.25
1782217552.926322,507,495,22,22,14,99.37106792452956,18125,105.0,63.0,16,12.5
1782217553.0266585,507,496,22,22,15,99.37106792452956,18125,105.0,63.0,16,6.25
1782217553.1259902,507,495,22,22,14,99.38175876696695,18125,105.0,63.0,16,12.5
1782217553.2263608,508,496,23,23,15,99.40278423776104,18125,105.0,63.0,16,6.25
1782217553.3266408,508,496,23,23,15,99.40278423776104,18125,105.0,63.0,16,6.25
1782217553.4260423,508,496,23,23,15,99.40278423776104,18125,105.0,63.0,16,6.25
1782217553.5262952,508,496,23,23,15,99.40278423776104,18125,105.0,63.0,16,6.25
1782217553.6266804,509,496,24,24,15,99.37106792452956,18125,105.0,63.0,16,6.25
1782217553.7260263,507,496,22,22,15,99.34935929013523,18125,105.0,63.0,16,6.25
1782217553.8263862,507,495,22,22,14,99.34935929013523,18125,105.0,63.0,16,12.5
1782217553.926698,507,496,22,22,15,99.33000829192527,18125,105.0,63.0,16,6.25
1782217554.0262842,508,495,23,23,14,99.36316756084857,18125,105.0,63.0,16,12.5
1782217554.1264067,508,496,23,23,15,99.36316756084857,18125,105.0,63.0,16,6.25
1782217554.2268934,508,496,23,23,15,99.36316756084857,18125,105.0,63.0,16,6.25
1782217554.3262393,508,496,23,23,15,99.4,18125,105.0,63.0,16,6.25
1782217554.4265485,507,497,22,22,16,99.4,18125,105.0,63.0,16,0
1782217554.526956,508,496,23,23,15,99.4,18125,105.0,63.0,16,6.25
1782217554.6262145,508,496,23,23,15,99.44123151285866,18125,105.0,63.0,16,6.25
1782217554.726644,508,495,23,23,14,99.45839743969094,18125,105.0,63.0,16,12.5
1782217554.8269165,508,496,23,23,15,99.47825080525006,18125,105.0,63.0,16,6.25
1782217554.926241,508,497,23,23,16,99.47825080525006,18125,105.0,63.0,16,0
1782217555.0266316,507,496,22,22,15,99.45839743969094,18125,105.0,63.0,16,6.25
1782217555.1267111,509,495,24,24,14,99.41785836011424,18125,105.0,63.0,16,12.5
1782217555.226098,506,496,21,21,15,99.3325005201833,18125,105.0,63.0,16,6.25
1782217555.3265088,508,496,23,23,15,99.3325005201833,18125,105.0,63.0,16,6.25
1782217555.4256573,509,496,24,24,15,99.29762308314315,18125,105.0,63.0,16,6.25
1782217555.5261106,507,496,22,22,15,99.2843029815472,18125,105.0,63.0,16,6.25
1782217555.6264672,508,496,23,23,15,99.32013073152096,18125,105.0,63.0,16,6.25
1782217555.7258058,509,495,24,24,14,99.2843029815472,18125,105.0,63.0,16,12.5
1782217555.826219,508,496,23,23,15,99.2843029815472,18125,105.0,63.0,16,6.25
1782217555.926575,508,496,23,23,15,99.29762308314315,18125,105.0,63.0,16,6.25
1782217556.025735,508,496,23,23,15,99.31281572906373,18125,105.0,63.0,16,6.25
1782217556.1260667,509,496,24,24,15,99.3,18125,105.0,63.0,16,6.25
1782217556.226755,508,496,23,23,15,99.3,18125,105.0,63.0,16,6.25
1782217556.3258812,507,496,22,22,15,99.2819780257154,18125,105.0,63.0,16,6.25
1782217556.4260888,507,495,22,22,14,99.26590948181516,18125,105.0,63.0,16,12.5
1782217556.5265865,508,497,23,23,16,99.26590948181516,18125,105.0,63.0,16,0
1782217556.6257296,509,496,24,24,15,99.26590948181516,18125,105.0,63.0,16,6.25
1782217556.7271192,508,495,23,23,14,99.2819780257154,18125,105.0,63.0,16,12.5
1782217556.8265157,508,495,23,23,14,99.3,18125,105.0,63.0,16,12.5
1782217556.9257855,508,496,23,23,15,99.32013073152096,18125,105.0,63.0,16,6.25
1782217557.0263355,509,496,24,24,15,99.29367932998609,18125,105.0,63.0,16,6.25
1782217557.1264298,516,496,31,31,15,98.39410807060722,18125,105.0,63.0,16,6.25
1782217557.2259,516,496,31,31,15,97.87475491609399,18125,105.0,63.0,16,6.25
1782217557.3261034,516,496,31,31,15,97.48758637517183,18125,105.0,63.0,16,6.25
1782217557.4266586,515,497,30,30,16,97.27378976925435,18125,105.0,63.0,16,0
1782217557.5258675,517,496,32,32,15,96.93043615114098,18125,105.0,63.0,16,6.25
1782217557.626262,516,496,31,31,15,96.71772436664236,18125,105.0,63.0,16,6.25
1782217557.7264197,516,496,31,31,15,96.53846533713408,18125,105.0,63.0,16,6.25
1782217557.8258529,516,495,31,31,14,96.38767541756158,18125,105.0,63.0,16,12.5
1782217557.9262974,516,496,31,31,15,96.26190779496635,18125,105.0,63.0,16,6.25
1782217558.0266316,516,495,31,31,14,96.18642774641238,18125,105.0,63.0,16,12.5
1782217558.125747,516,496,31,31,15,96.08478750399306,18125,105.0,63.0,16,6.25
1782217558.2260425,516,496,31,31,15,96.09331058027104,18125,105.0,63.0,16,6.25
1782217558.3265488,516,496,31,31,15,96.05256764184334,18125,105.0,63.0,16,6.25
1782217558.4257138,515,495,30,30,14,96.03403367527044,18125,105.0,63.0,16,12.5
1782217558.5260468,516,496,31,31,15,96.06313717677529,18125,105.0,63.0,16,6.25
1782217558.6254103,516,496,31,31,15,96.0744427147219,18125,105.0,63.0,16,6.25
1782217558.7258763,516,495,31,31,14,96.06949254053768,18125,105.0,63.0,16,12.5
1782217558.8261333,516,497,31,31,16,96.11498605751108,18125,105.0,63.0,16,0
1782217558.925458,516,496,31,31,15,96.17958699149483,18125,105.0,63.0,16,6.25
1782217559.0258486,515,496,30,30,15,96.28381916478759,18125,105.0,63.0,16,6.25
1782217559.1262934,515,496,30,30,15,96.35994505535974,18125,105.0,63.0,16,6.25
1782217559.225643,516,496,31,31,15,96.48163548095299,18125,105.0,63.0,16,6.25
1782217559.3253446,516,495,31,31,14,96.69411299514202,18125,105.0,63.0,16,12.5
1782217559.4256818,516,497,31,31,16,96.9505920428895,18125,105.0,63.0,16,0
1782217559.5250406,516,495,31,31,14,97.17766841856674,18125,105.0,63.0,16,12.5
1782217559.6253545,516,496,31,31,15,97.37025561022453,18125,105.0,63.0,16,6.25
1782217559.7257366,515,496,30,30,15,97.7,18125,105.0,63.0,16,6.25
1782217559.825022,516,496,31,31,15,98.11173212823086,18125,105.0,63.0,16,6.25
1782217559.925354,516,496,31,31,15,98.69658568026553,18125,105.0,63.0,16,6.25
1782217560.0257113,516,496,31,31,15,99.57312505083782,18125,105.0,63.0,16,6.25
1782217560.1250238,516,496,31,31,15,99.57312505083782,18125,105.0,63.0,16,6.25
1782217560.2254038,517,496,32,32,15,99.52741843737473,18125,105.0,63.0,16,6.25
1782217560.3257403,516,496,31,31,15,99.52741843737473,18125,105.0,63.0,16,6.25
1782217560.425031,516,496,31,31,15,99.55778336128594,18125,105.0,63.0,16,6.25
1782217560.525393,517,497,32,32,16,99.55778336128594,18125,105.0,63.0,16,0
1782217560.6257467,516,496,31,31,15,99.55778336128594,18125,105.0,63.0,16,6.25
1782217560.7250311,517,496,32,32,15,99.5181055901733,18125,105.0,63.0,16,6.25
1782217560.8254504,516,496,31,31,15,99.5181055901733,18125,105.0,63.0,16,6.25
1782217560.925785,516,496,31,31,15,99.5181055901733,18125,105.0,63.0,16,6.25
1782217561.0251415,516,497,31,31,16,99.5181055901733,18125,105.0,63.0,16,0
1782217561.125423,516,496,31,31,15,99.5181055901733,18125,105.0,63.0,16,6.25
1782217561.225803,515,496,30,30,15,99.48792361680876,18125,105.0,63.0,16,6.25
1782217561.3251016,517,496,32,32,15,99.45329268443811,18125,105.0,63.0,16,6.25
1782217561.4254649,516,496,31,31,15,99.48360222050567,18125,105.0,63.0,16,6.25
1782217561.5257523,516,496,31,31,15,99.48360222050567,18125,105.0,63.0,16,6.25
1782217561.6250722,517,497,32,32,16,99.45329268443811,18125,105.0,63.0,16,0
1782217561.7254653,516,497,31,31,16,99.45329268443811,18125,105.0,63.0,16,0
1782217561.8247995,516,496,31,31,15,99.45329268443811,18125,105.0,63.0,16,6.25
1782217561.9251087,516,497,31,31,16,99.45329268443811,18125,105.0,63.0,16,0
1782217562.025485,516,496,31,31,15,99.48792361680876,18125,105.0,63.0,16,6.25
1782217562.1248071,517,496,32,32,15,99.50111234843014,18125,105.0,63.0,16,6.25
1782217562.2251692,516,496,31,31,15,99.50111234843014,18125,105.0,63.0,16,6.25
1782217562.3255098,516,496,31,31,15,99.50111234843014,18125,105.0,63.0,16,6.25
1782217562.4248228,516,496,31,31,15,99.50111234843014,18125,105.0,63.0,16,6.25
1782217562.5251772,516,495,31,31,14,99.50111234843014,18125,105.0,63.0,16,12.5
1782217562.6255536,516,496,31,31,15,99.50111234843014,18125,105.0,63.0,16,6.25
1782217562.724812,516,497,31,31,16,99.54661764970882,18125,105.0,63.0,16,0
1782217562.8251903,516,496,31,31,15,99.54661764970882,18125,105.0,63.0,16,6.25
1782217562.9255533,516,496,31,31,15,99.54661764970882,18125,105.0,63.0,16,6.25
1782217563.0248537,515,496,30,30,15,99.50111234843014,18125,105.0,63.0,16,6.25
1782217563.1252313,516,497,31,31,16,99.50111234843014,18125,105.0,63.0,16,0
1782217563.225546,516,496,31,31,15,99.52741843737473,18125,105.0,63.0,16,6.25
1782217563.324837,516,496,31,31,15,99.52741843737473,18125,105.0,63.0,16,6.25
1782217563.425206,515,496,30,30,15,99.48792361680876,18125,105.0,63.0,16,6.25
1782217563.5255852,516,495,31,31,14,99.5181055901733,18125,105.0,63.0,16,12.5
1782217563.6249146,516,497,31,31,16,99.5181055901733,18125,105.0,63.0,16,0
1782217563.7252352,516,496,31,31,15,99.55278640450004,18125,105.0,63.0,16,6.25
1782217563.8255734,516,497,31,31,16,99.55278640450004,18125,105.0,63.0,16,0
1782217563.92494,517,496,32,32,15,99.5181055901733,18125,105.0,63.0,16,6.25
1782217564.0252433,516,497,31,31,16,99.5181055901733,18125,105.0,63.0,16,0
1782217564.1256106,516,496,31,31,15,99.5181055901733,18125,105.0,63.0,16,6.25
1782217564.2249498,517,496,32,32,15,99.52741843737473,18125,105.0,63.0,16,6.25
1782217564.3252697,516,495,31,31,14,99.55778336128594,18125,105.0,63.0,16,12.5
1782217564.4256134,516,497,31,31,16,99.55778336128594,18125,105.0,63.0,16,0
1782217564.5249743,515,496,30,30,15,99.5181055901733,18125,105.0,63.0,16,6.25
1782217564.6252785,516,495,31,31,14,99.55278640450004,18125,105.0,63.0,16,12.5
1782217564.72565,515,497,30,30,16,99.5181055901733,18125,105.0,63.0,16,0
1782217564.8249855,516,496,31,31,15,99.5181055901733,18125,105.0,63.0,16,6.25
1782217564.9252784,516,496,31,31,15,99.5181055901733,18125,105.0,63.0,16,6.25
1782217565.024623,516,496,31,31,15,99.5181055901733,18125,105.0,63.0,16,6.25
1782217565.1255374,517,496,32,32,15,99.5181055901733,18125,105.0,63.0,16,6.25
1782217565.2257807,516,496,31,31,15,99.5181055901733,18125,105.0,63.0,16,6.25
1782217565.325172,516,497,31,31,16,99.5181055901733,18125,105.0,63.0,16,0
1782217565.4256663,516,496,31,31,15,99.5181055901733,18125,105.0,63.0,16,6.25
1782217565.5260117,516,497,31,31,16,99.5181055901733,18125,105.0,63.0,16,0
1782217565.6252677,518,496,33,33,15,99.39538809509277,18125,105.0,63.0,16,6.25
1782217565.7256598,516,496,31,31,15,99.39538809509277,18125,105.0,63.0,16,6.25
1782217565.8260508,516,496,31,31,15,99.39538809509277,18125,105.0,63.0,16,6.25
1782217565.925332,516,496,31,31,15,99.39538809509277,18125,105.0,63.0,16,6.25
1782217566.025661,515,497,30,30,16,99.39538809509277,18125,105.0,63.0,16,0
1782217566.126024,516,496,31,31,15,99.39538809509277,18125,105.0,63.0,16,6.25
1782217566.2252986,516,497,31,31,16,99.39538809509277,18125,105.0,63.0,16,0
1782217566.3254445,516,496,31,31,15,99.39538809509277,18125,105.0,63.0,16,6.25
1782217566.425897,516,496,31,31,15,99.42651164886382,18125,105.0,63.0,16,6.25
1782217566.5252976,516,496,31,31,15,99.42651164886382,18125,105.0,63.0,16,6.25
1782217566.625688,516,497,31,31,16,99.42651164886382,18125,105.0,63.0,16,0
1782217566.7258532,517,496,32,32,15,99.40278423776104,18125,105.0,63.0,16,6.25
1782217566.8246927,516,496,31,31,15,99.40278423776104,18125,105.0,63.0,16,6.25
1782217566.9250524,517,496,32,32,15,99.40278423776104,18125,105.0,63.0,16,6.25
1782217567.0254395,516,497,31,31,16,99.40278423776104,18125,105.0,63.0,16,0
1782217567.1247275,516,496,31,31,15,99.40278423776104,18125,105.0,63.0,16,6.25
1782217567.2250712,516,496,31,31,15,99.42651164886382,18125,105.0,63.0,16,6.25
1782217567.3254197,516,496,31,31,15,99.42651164886382,18125,105.0,63.0,16,6.25
1782217567.424762,517,496,32,32,15,99.40278423776104,18125,105.0,63.0,16,6.25
1782217567.525105,516,497,31,31,16,99.43825668178825,18125,105.0,63.0,16,0
1782217567.625427,516,496,31,31,15,99.43825668178825,18125,105.0,63.0,16,6.25
1782217567.7247155,515,496,30,30,15,99.43825668178825,18125,105.0,63.0,16,6.25
1782217567.8251069,516,496,31,31,15,99.43825668178825,18125,105.0,63.0,16,6.25
1782217567.9254482,515,496,30,30,15,99.40278423776104,18125,105.0,63.0,16,6.25
1782217568.024783,516,496,31,31,15,99.40278423776104,18125,105.0,63.0,16,6.25
1782217568.1251278,515,496,30,30,15,99.39538809509277,18125,105.0,63.0,16,6.25
1782217568.2244356,516,497,31,31,16,99.39538809509277,18125,105.0,63.0,16,0
1782217568.3247726,516,495,31,31,14,99.39538809509277,18125,105.0,63.0,16,12.5
1782217568.4251416,516,496,31,31,15,99.39538809509277,18125,105.0,63.0,16,6.25
1782217568.524472,517,495,32,32,14,99.37106792452956,18125,105.0,63.0,16,12.5
1782217568.6247957,516,497,31,31,16,99.48360222050567,18125,105.0,63.0,16,0
1782217568.725179,516,497,31,31,16,99.48360222050567,18125,105.0,63.0,16,0
1782217568.8244498,516,496,31,31,15,99.48360222050567,18125,105.0,63.0,16,6.25
1782217568.924802,515,496,30,30,15,99.45329268443811,18125,105.0,63.0,16,6.25
1782217569.0251763,516,496,31,31,15,99.48360222050567,18125,105.0,63.0,16,6.25
1782217569.1245148,516,496,31,31,15,99.48360222050567,18125,105.0,63.0,16,6.25
1782217569.2248986,515,496,30,30,15,99.45329268443811,18125,105.0,63.0,16,6.25
1782217569.3251612,516,496,31,31,15,99.45329268443811,18125,105.0,63.0,16,6.25
1782217569.4244943,516,496,31,31,15,99.45329268443811,18125,105.0,63.0,16,6.25
1782217569.5248775,517,496,32,32,15,99.42264973081038,18125,105.0,63.0,16,6.25
1782217569.6252208,516,496,31,31,15,99.42264973081038,18125,105.0,63.0,16,6.25
1782217569.7245507,517,497,32,32,16,99.42264973081038,18125,105.0,63.0,16,0
1782217569.82494,516,496,31,31,15,99.42264973081038,18125,105.0,63.0,16,6.25
1782217569.92522,516,496,31,31,15,99.45329268443811,18125,105.0,63.0,16,6.25
1782217570.0245233,516,496,31,31,15,99.45329268443811,18125,105.0,63.0,16,6.25
1782217570.1249056,516,496,31,31,15,99.45329268443811,18125,105.0,63.0,16,6.25
1782217570.2252676,515,496,30,30,15,99.42651164886382,18125,105.0,63.0,16,6.25
1782217570.324574,517,496,32,32,15,99.39538809509277,18125,105.0,63.0,16,6.25
1782217570.4249814,516,496,31,31,15,99.42651164886382,18125,105.0,63.0,16,6.25
1782217570.5252612,516,496,31,31,15,99.42651164886382,18125,105.0,63.0,16,6.25
1782217570.6245859,516,496,31,31,15,99.42651164886382,18125,105.0,63.0,16,6.25
1782217570.7249684,516,496,31,31,15,99.45329268443811,18125,105.0,63.0,16,6.25
1782217570.8252883,516,496,31,31,15,99.45329268443811,18125,105.0,63.0,16,6.25
1782217570.9246218,517,497,32,32,16,99.45329268443811,18125,105.0,63.0,16,0
1782217571.024943,516,496,31,31,15,99.45329268443811,18125,105.0,63.0,16,6.25
1782217571.1252842,517,497,32,32,16,99.46148351928655,18125,105.0,63.0,16,0
1782217571.2246265,516,497,31,31,16,99.46148351928655,18125,105.0,63.0,16,0
1782217571.3249881,517,497,32,32,16,99.43825668178825,18125,105.0,63.0,16,0
1782217571.4242952,517,496,32,32,15,99.41785836011424,18125,105.0,63.0,16,6.25
1782217571.525218,517,496,32,32,15,99.41785836011424,18125,105.0,63.0,16,6.25
1782217571.6256185,515,496,30,30,15,99.38175876696695,18125,105.0,63.0,16,6.25
1782217571.7249837,516,496,31,31,15,99.38175876696695,18125,105.0,63.0,16,6.25
1782217571.8252487,516,496,31,31,15,99.38175876696695,18125,105.0,63.0,16,6.25
1782217571.9255443,516,496,31,31,15,99.41785836011424,18125,105.0,63.0,16,6.25
1782217572.024713,517,496,32,32,15,99.4,18125,105.0,63.0,16,6.25
1782217572.1250086,516,496,31,31,15,99.4,18125,105.0,63.0,16,6.25
1782217572.2254112,516,496,31,31,15,99.44123151285866,18125,105.0,63.0,16,6.25
1782217572.3247795,516,496,31,31,15,99.44123151285866,18125,105.0,63.0,16,6.25
1782217572.4251363,515,496,30,30,15,99.4,18125,105.0,63.0,16,6.25
1782217572.5254605,515,496,30,30,15,99.38175876696695,18125,105.0,63.0,16,6.25
1782217572.6247807,516,496,31,31,15,99.38175876696695,18125,105.0,63.0,16,6.25
1782217572.725177,517,497,32,32,16,99.38175876696695,18125,105.0,63.0,16,0
1782217572.8254485,515,495,30,30,14,99.34935929013523,18125,105.0,63.0,16,12.5
1782217572.9247305,516,496,31,31,15,99.34935929013523,18125,105.0,63.0,16,6.25
1782217573.0251584,516,496,31,31,15,99.34935929013523,18125,105.0,63.0,16,6.25
1782217573.1255307,516,495,31,31,14,99.34935929013523,18125,105.0,63.0,16,12.5
1782217573.2249737,517,495,32,32,14,99.36316756084857,18125,105.0,63.0,16,12.5
1782217573.3253577,516,495,31,31,14,99.38175876696695,18125,105.0,63.0,16,12.5
1782217573.4256976,516,496,31,31,15,99.38175876696695,18125,105.0,63.0,16,6.25
1782217573.525016,516,496,31,31,15,99.38175876696695,18125,105.0,63.0,16,6.25
1782217573.6253214,516,497,31,31,16,99.38175876696695,18125,105.0,63.0,16,0
1782217573.7256653,516,496,31,31,15,99.38175876696695,18125,105.0,63.0,16,6.25
1782217573.8249748,517,496,32,32,15,99.36316756084857,18125,105.0,63.0,16,6.25
1782217573.9252768,516,496,31,31,15,99.38175876696695,18125,105.0,63.0,16,6.25
1782217574.02573,516,496,31,31,15,99.38175876696695,18125,105.0,63.0,16,6.25
1782217574.12445,516,495,31,31,14,99.40278423776104,18125,105.0,63.0,16,12.5
1782217574.2247763,516,497,31,31,16,99.40278423776104,18125,105.0,63.0,16,0
1782217574.325088,516,497,31,31,16,99.42651164886382,18125,105.0,63.0,16,0
1782217574.4244258,516,495,31,31,14,99.45329268443811,18125,105.0,63.0,16,12.5
1782217574.5247602,516,496,31,31,15,99.48360222050567,18125,105.0,63.0,16,6.25
1782217574.6241155,516,496,31,31,15,99.5181055901733,18125,105.0,63.0,16,6.25
1782217574.724475,516,497,31,31,16,99.5181055901733,18125,105.0,63.0,16,0
1782217574.8247695,517,497,32,32,16,99.48792361680876,18125,105.0,63.0,16,0
1782217574.9241037,515,496,30,30,15,99.45329268443811,18125,105.0,63.0,16,6.25
1782217575.0244768,517,496,32,32,15,99.45329268443811,18125,105.0,63.0,16,6.25
1782217575.1248825,516,496,31,31,15,99.45329268443811,18125,105.0,63.0,16,6.25
1782217575.2247663,516,496,31,31,15,99.45329268443811,18125,105.0,63.0,16,6.25
1782217575.3251462,516,496,31,31,15,99.45329268443811,18125,105.0,63.0,16,6.25
1782217575.4255145,516,497,31,31,16,99.48792361680876,18125,105.0,63.0,16,0
1782217575.5247684,517,496,32,32,15,99.50111234843014,18125,105.0,63.0,16,6.25
1782217575.6250439,516,497,31,31,16,99.50111234843014,18125,105.0,63.0,16,0
1782217575.7255616,517,496,32,32,15,99.50111234843014,18125,105.0,63.0,16,6.25
1782217575.8247516,516,497,31,31,16,99.54661764970882,18125,105.0,63.0,16,0
1782217575.9251163,516,497,31,31,16,99.54661764970882,18125,105.0,63.0,16,0
1782217576.0255482,517,496,32,32,15,99.52390477143048,18125,105.0,63.0,16,6.25
1782217576.124797,516,497,31,31,16,99.52390477143048,18125,105.0,63.0,16,0
1782217576.2251422,516,496,31,31,15,99.54661764970882,18125,105.0,63.0,16,6.25
1782217576.3255038,516,497,31,31,16,99.54661764970882,18125,105.0,63.0,16,0
1782217576.4247427,516,497,31,31,16,99.54661764970882,18125,105.0,63.0,16,0
1782217576.5251076,516,496,31,31,15,99.54661764970882,18125,105.0,63.0,16,6.25
1782217576.62551,515,496,30,30,15,99.50111234843014,18125,105.0,63.0,16,6.25
1782217576.724744,516,496,31,31,15,99.50111234843014,18125,105.0,63.0,16,6.25
1782217576.8251026,516,496,31,31,15,99.52741843737473,18125,105.0,63.0,16,6.25
1782217576.9254606,515,497,30,30,16,99.48792361680876,18125,105.0,63.0,16,0
1782217577.0247617,517,496,32,32,15,99.46148351928655,18125,105.0,63.0,16,6.25
1782217577.1251464,517,496,32,32,15,99.43825668178825,18125,105.0,63.0,16,6.25
1782217577.2254071,515,496,30,30,15,99.40278423776104,18125,105.0,63.0,16,6.25
1782217577.3249354,516,496,31,31,15,99.40278423776104,18125,105.0,63.0,16,6.25
1782217577.425184,517,497,32,32,16,99.38175876696695,18125,105.0,63.0,16,0
1782217577.525581,515,497,30,30,16,99.34935929013523,18125,105.0,63.0,16,0
1782217577.6249034,516,496,31,31,15,99.34935929013523,18125,105.0,63.0,16,6.25
1782217577.7252307,516,496,31,31,15,99.34935929013523,18125,105.0,63.0,16,6.25
1782217577.824584,516,496,31,31,15,99.37106792452956,18125,105.0,63.0,16,6.25
1782217577.9249437,517,496,32,32,15,99.38175876696695,18125,105.0,63.0,16,6.25
1782217578.0250745,516,496,31,31,15,99.40278423776104,18125,105.0,63.0,16,6.25
1782217578.124584,516,497,31,31,16,99.40278423776104,18125,105.0,63.0,16,0
1782217578.2249389,517,495,32,32,14,99.38175876696695,18125,105.0,63.0,16,12.5
1782217578.3252509,515,497,30,30,16,99.34935929013523,18125,105.0,63.0,16,0
1782217578.4246218,516,496,31,31,15,99.34935929013523,18125,105.0,63.0,16,6.25
1782217578.5247886,515,495,30,30,14,99.34256390255614,18125,105.0,63.0,16,12.5
1782217578.6250935,516,495,31,31,14,99.34256390255614,18125,105.0,63.0,16,12.5
1782217578.7244542,516,496,31,31,15,99.36754446796633,18125,105.0,63.0,16,6.25
1782217578.8248076,516,496,31,31,15,99.36754446796633,18125,105.0,63.0,16,6.25
1782217578.9251223,516,496,31,31,15,99.36754446796633,18125,105.0,63.0,16,6.25
1782217579.0244513,516,496,31,31,15,99.39538809509277,18125,105.0,63.0,16,6.25
1782217579.1249201,516,497,31,31,16,99.39538809509277,18125,105.0,63.0,16,0
1782217579.2252188,517,496,32,32,15,99.36754446796633,18125,105.0,63.0,16,6.25
1782217579.3244526,516,496,31,31,15,99.36754446796633,18125,105.0,63.0,16,6.25
1782217579.4248557,516,497,31,31,16,99.36754446796633,18125,105.0,63.0,16,0
1782217579.5251257,516,496,31,31,15,99.36754446796633,18125,105.0,63.0,16,6.25
1782217579.6244967,516,496,31,31,15,99.39538809509277,18125,105.0,63.0,16,6.25
1782217579.7247493,516,496,31,31,15,99.39538809509277,18125,105.0,63.0,16,6.25
1782217579.8253872,516,497,31,31,16,99.39538809509277,18125,105.0,63.0,16,0
1782217579.9246383,517,496,32,32,15,99.40278423776104,18125,105.0,63.0,16,6.25
1782217580.0248597,516,495,31,31,14,99.42651164886382,18125,105.0,63.0,16,12.5
1782217580.1252706,516,496,31,31,15,99.45329268443811,18125,105.0,63.0,16,6.25
1782217580.2246323,508,497,23,23,16,98.46377085042627,18125,105.0,63.0,16,0
1782217580.3251069,509,496,24,24,15,98.0389911893223,18125,105.0,63.0,16,6.25
1782217580.4253292,508,496,23,23,15,97.63450733343865,18125,105.0,63.0,16,6.25
1782217580.524919,509,496,24,24,15,97.38041563941486,18125,105.0,63.0,16,6.25
1782217580.6252792,507,496,22,22,15,97.01466547565902,18125,105.0,63.0,16,6.25
1782217580.7253568,508,496,23,23,15,96.78804317173056,18125,105.0,63.0,16,6.25
1782217580.8247828,507,496,22,22,15,96.53205151902935,18125,105.0,63.0,16,6.25
1782217580.925082,508,496,23,23,15,96.4004629927355,18125,105.0,63.0,16,6.25
1782217581.0243034,508,496,23,23,15,96.27187863812229,18125,105.0,63.0,16,6.25
1782217581.124742,508,497,23,23,16,96.16608700034952,18125,105.0,63.0,16,0
1782217581.2250369,509,496,24,24,15,96.14989177641286,18125,105.0,63.0,16,6.25
1782217581.3246067,508,496,23,23,15,96.061021000874,18125,105.0,63.0,16,6.25
1782217581.4249215,508,495,23,23,14,96.01168373036106,18125,105.0,63.0,16,12.5
1782217581.5253756,508,497,23,23,16,95.95456361370549,18125,105.0,63.0,16,0
1782217581.6240108,508,496,23,23,15,95.9392118991506,18125,105.0,63.0,16,6.25
1782217581.724757,509,497,24,24,16,95.9690089445784,18125,105.0,63.0,16,0
1782217581.825094,508,496,23,23,15,95.98668881512202,18125,105.0,63.0,16,6.25
1782217581.9243977,508,496,23,23,15,96.02228429595299,18125,105.0,63.0,16,6.25
1782217582.024711,508,495,23,23,14,96.07628294145009,18125,105.0,63.0,16,12.5
1782217582.1251833,508,496,23,23,15,96.14945891248169,18125,105.0,63.0,16,6.25
1782217582.2244413,508,497,23,23,16,96.29639814954865,18125,105.0,63.0,16,0
1782217582.3248167,507,496,22,22,15,96.39075261769622,18125,105.0,63.0,16,6.25
1782217582.4251974,507,496,22,22,15,96.51335882737173,18125,105.0,63.0,16,6.25
1782217582.5244179,508,496,23,23,15,96.6885719763891,18125,105.0,63.0,16,6.25
1782217582.6247447,508,496,23,23,15,96.89641784026551,18125,105.0,63.0,16,6.25
1782217582.7251647,508,496,23,23,15,97.1440121382144,18125,105.0,63.0,16,6.25
1782217582.8244286,507,496,22,22,15,97.42576872315895,18125,105.0,63.0,16,6.25
1782217582.9247854,508,496,23,23,15,97.92234106103368,18125,105.0,63.0,16,6.25
1782217583.0251644,508,496,23,23,15,98.45763529316542,18125,105.0,63.0,16,6.25
1782217583.1245842,508,496,23,23,15,99.45329268443811,18125,105.0,63.0,16,6.25
1782217583.2251997,508,497,23,23,16,99.45329268443811,18125,105.0,63.0,16,0
1782217583.3251343,509,496,24,24,15,99.45329268443811,18125,105.0,63.0,16,6.25
1782217583.4245634,508,497,23,23,16,99.45329268443811,18125,105.0,63.0,16,0
1782217583.5248568,509,496,24,24,15,99.45329268443811,18125,105.0,63.0,16,6.25
1782217583.6251526,509,496,24,24,15,99.45329268443811,18125,105.0,63.0,16,6.25
1782217583.724462,508,496,23,23,15,99.45329268443811,18125,105.0,63.0,16,6.25
1782217583.8249311,507,496,22,22,15,99.45329268443811,18125,105.0,63.0,16,6.25
1782217583.9253023,507,496,22,22,15,99.42264973081038,18125,105.0,63.0,16,6.25
1782217584.024502,508,496,23,23,15,99.42264973081038,18125,105.0,63.0,16,6.25
1782217584.12499,509,497,24,24,16,99.39538809509277,18125,105.0,63.0,16,0
1782217584.2244294,506,497,21,21,16,99.32013073152096,18125,105.0,63.0,16,0
1782217584.3247037,508,496,23,23,15,99.32013073152096,18125,105.0,63.0,16,6.25
1782217584.4248776,508,496,23,23,15,99.32013073152096,18125,105.0,63.0,16,6.25
1782217584.5245047,507,496,22,22,15,99.3,18125,105.0,63.0,16,6.25
1782217584.624583,508,497,23,23,16,99.3,18125,105.0,63.0,16,0
1782217584.7250996,509,497,24,24,16,99.3,18125,105.0,63.0,16,0
1782217584.8244994,507,497,22,22,16,99.2819780257154,18125,105.0,63.0,16,0
1782217584.924735,508,496,23,23,15,99.2819780257154,18125,105.0,63.0,16,6.25
1782217585.0251143,508,496,23,23,15,99.2819780257154,18125,105.0,63.0,16,6.25
1782217585.124501,509,496,24,24,15,99.25389902381335,18125,105.0,63.0,16,6.25
1782217585.2248368,508,496,23,23,15,99.25389902381335,18125,105.0,63.0,16,6.25
1782217585.3252487,508,496,23,23,15,99.27275252569095,18125,105.0,63.0,16,6.25
1782217585.4243088,508,496,23,23,15,99.29367932998609,18125,105.0,63.0,16,6.25
1782217585.524732,507,498,22,22,17,99.27275252569095,18125,105.0,63.0,16,0
1782217585.624923,508,496,23,23,15,99.27275252569095,18125,105.0,63.0,16,6.25
1782217585.7245479,508,496,23,23,15,99.27275252569095,18125,105.0,63.0,16,6.25
1782217585.824867,508,496,23,23,15,99.29367932998609,18125,105.0,63.0,16,6.25
1782217585.9251454,507,495,22,22,14,99.27275252569095,18125,105.0,63.0,16,12.5
1782217586.0245411,508,496,23,23,15,99.27275252569095,18125,105.0,63.0,16,6.25
1782217586.1249018,509,496,24,24,15,99.24796572182143,18125,105.0,63.0,16,6.25
1782217586.22521,508,497,23,23,16,99.24796572182143,18125,105.0,63.0,16,0
1782217586.3242793,507,496,22,22,15,99.25389902381335,18125,105.0,63.0,16,6.25
1782217586.4245794,508,496,23,23,15,99.25389902381335,18125,105.0,63.0,16,6.25
1782217586.524917,509,497,24,24,16,99.25389902381335,18125,105.0,63.0,16,0
1782217586.62428,508,496,23,23,15,99.2819780257154,18125,105.0,63.0,16,6.25
1782217586.724688,509,496,24,24,15,99.25389902381335,18125,105.0,63.0,16,6.25
1782217586.8250499,508,496,23,23,15,99.27275252569095,18125,105.0,63.0,16,6.25
1782217586.9243174,508,495,23,23,14,99.29367932998609,18125,105.0,63.0,16,12.5
1782217587.024656,507,496,22,22,15,99.27275252569095,18125,105.0,63.0,16,6.25
1782217587.125043,508,497,23,23,16,99.3,18125,105.0,63.0,16,0
1782217587.224323,507,497,22,22,16,99.37106792452956,18125,105.0,63.0,16,0
1782217587.3246453,508,493,23,23,12,99.37106792452956,18125,105.0,63.0,16,25.0
1782217587.4242878,508,496,23,23,15,99.37106792452956,18125,105.0,63.0,16,6.25
1782217587.5246172,508,496,23,23,15,99.39538809509277,18125,105.0,63.0,16,6.25
1782217587.6249049,508,496,23,23,15,99.39538809509277,18125,105.0,63.0,16,6.25
1782217587.7240577,509,497,24,24,16,99.39538809509277,18125,105.0,63.0,16,0
1782217587.8245995,507,496,22,22,15,99.39538809509277,18125,105.0,63.0,16,6.25
1782217587.9248114,508,496,23,23,15,99.39538809509277,18125,105.0,63.0,16,6.25
1782217588.0241253,508,496,23,23,15,99.39538809509277,18125,105.0,63.0,16,6.25
1782217588.1243885,507,496,22,22,15,99.40278423776104,18125,105.0,63.0,16,6.25
1782217588.2249646,508,497,23,23,16,99.40278423776104,18125,105.0,63.0,16,0
1782217588.3241506,508,496,23,23,15,99.40278423776104,18125,105.0,63.0,16,6.25
1782217588.4239979,510,496,25,25,15,99.29367932998609,18125,105.0,63.0,16,6.25
1782217588.5243628,508,496,23,23,15,99.31686994893603,18125,105.0,63.0,16,6.25
1782217588.6236582,506,496,21,21,15,99.22827753981399,18125,105.0,63.0,16,6.25
1782217588.7240026,508,496,23,23,15,99.22827753981399,18125,105.0,63.0,16,6.25
1782217588.824355,509,496,24,24,15,99.20487597054156,18125,105.0,63.0,16,6.25
1782217588.9237316,508,502,23,23,21,99.22540333075851,18125,105.0,63.0,16,0
1782217589.024028,507,496,22,22,15,99.20487597054156,18125,105.0,63.0,16,6.25
1782217589.124391,509,497,24,24,16,99.20487597054156,18125,105.0,63.0,16,0
1782217589.2236958,507,496,22,22,15,99.18622962561776,18125,105.0,63.0,16,6.25
1782217589.3240423,509,496,24,24,15,99.18350341907228,18125,105.0,63.0,16,6.25
1782217589.4244044,508,496,23,23,15,99.18350341907228,18125,105.0,63.0,16,6.25
1782217589.523727,508,496,23,23,15,99.20487597054156,18125,105.0,63.0,16,6.25
1782217589.6240673,508,497,23,23,16,99.20487597054156,18125,105.0,63.0,16,0
1782217589.7243793,508,497,23,23,16,99.22827753981399,18125,105.0,63.0,16,0
1782217589.8239226,507,496,22,22,15,99.2104853811782,18125,105.0,63.0,16,6.25
1782217589.924273,507,496,22,22,15,99.19446360176036,18125,105.0,63.0,16,6.25
1782217590.024594,508,497,23,23,16,99.2104853811782,18125,105.0,63.0,16,0
1782217590.123941,508,497,23,23,16,99.2104853811782,18125,105.0,63.0,16,0
1782217590.2242599,508,495,23,23,14,99.22827753981399,18125,105.0,63.0,16,12.5
1782217590.3246367,508,497,23,23,16,99.22827753981399,18125,105.0,63.0,16,0
1782217590.4239419,507,496,22,22,15,99.2104853811782,18125,105.0,63.0,16,6.25
1782217590.5243044,508,497,23,23,16,99.2104853811782,18125,105.0,63.0,16,0
1782217590.6235964,508,497,23,23,16,99.2104853811782,18125,105.0,63.0,16,0
1782217590.7239616,507,496,22,22,15,99.22182549800475,18125,105.0,63.0,16,6.25
1782217590.8243115,506,497,21,21,16,99.16733360021355,18125,105.0,63.0,16,0
1782217590.924227,508,497,23,23,16,99.16733360021355,18125,105.0,63.0,16,0
1782217591.0246072,509,497,24,24,16,99.14041353611816,18125,105.0,63.0,16,0
1782217591.1249044,510,497,25,25,16,99.07144078152106,18125,105.0,63.0,16,0
1782217591.2240038,508,496,23,23,15,99.07144078152106,18125,105.0,63.0,16,6.25
1782217591.3243318,508,497,23,23,16,99.07144078152106,18125,105.0,63.0,16,0
1782217591.4248524,508,497,23,23,16,99.1540948306367,18125,105.0,63.0,16,0
1782217591.524075,509,498,24,24,17,99.13013410995335,18125,105.0,63.0,17,0
1782217591.624424,508,497,23,23,16,99.20487597054156,18125,105.0,63.0,17,5.88235294117647
1782217591.7249835,507,497,22,22,16,99.18622962561776,18125,105.0,63.0,17,5.88235294117647
1782217591.8240604,508,496,23,23,15,99.2104853811782,18125,105.0,63.0,17,11.76470588235294
1782217591.9244103,508,494,23,23,13,99.2104853811782,18125,105.0,63.0,17,23.52941176470588
1782217592.0248969,507,496,22,22,15,99.2104853811782,18125,105.0,63.0,17,11.76470588235294
1782217592.124071,507,496,22,22,15,99.22182549800475,18125,105.0,63.0,17,11.76470588235294
1782217592.2243662,509,496,24,24,15,99.2104853811782,18125,105.0,63.0,17,11.76470588235294
1782217592.324715,507,497,22,22,16,99.22182549800475,18125,105.0,63.0,17,5.88235294117647
1782217592.424114,508,496,23,23,15,99.22182549800475,18125,105.0,63.0,17,11.76470588235294
1782217592.5243142,516,497,31,31,16,98.33967874594504,18125,105.0,63.0,17,5.88235294117647
1782217592.6246953,515,496,30,30,15,97.92903672439878,18125,105.0,63.0,17,11.76470588235294
1782217592.723948,517,496,32,32,15,97.41177881762611,18125,105.0,63.0,17,11.76470588235294
1782217592.8243232,517,496,32,32,15,97.02809451324201,18125,105.0,63.0,17,11.76470588235294
1782217592.9247272,516,496,31,31,15,96.79652965953761,18125,105.0,63.0,17,11.76470588235294
1782217593.0239892,516,496,31,31,15,96.58695313702128,18125,105.0,63.0,17,11.76470588235294
1782217593.124332,515,496,30,30,15,96.46273803313605,18125,105.0,63.0,17,11.76470588235294
1782217593.224669,516,496,31,31,15,96.30781606332754,18125,105.0,63.0,17,11.76470588235294
1782217593.3239489,516,496,31,31,15,96.17769702927671,18125,105.0,63.0,17,11.76470588235294
1782217593.4243412,517,496,32,32,15,96.04623948345095,18125,105.0,63.0,17,11.76470588235294
1782217593.524687,515,496,30,30,15,96.00222283984935,18125,105.0,63.0,17,11.76470588235294
1782217593.6240044,516,496,31,31,15,95.93606649223248,18125,105.0,63.0,17,11.76470588235294
1782217593.7243361,515,496,30,30,15,95.95360242520172,18125,105.0,63.0,17,11.76470588235294
1782217593.8236961,516,496,31,31,15,96.00055559414116,18125,105.0,63.0,17,11.76470588235294
1782217593.924045,515,496,30,30,15,96.02102749164784,18125,105.0,63.0,17,11.76470588235294
1782217594.0244122,516,497,31,31,16,95.99666805439935,18125,105.0,63.0,17,5.88235294117647
1782217594.1237268,516,496,31,31,15,95.96184860775791,18125,105.0,63.0,17,11.76470588235294
1782217594.2240393,516,497,31,31,16,95.99722318605917,18125,105.0,63.0,17,5.88235294117647
1782217594.3245053,516,497,31,31,16,96.05087914143469,18125,105.0,63.0,17,5.88235294117647
1782217594.4238174,517,496,32,32,15,96.09544425631346,18125,105.0,63.0,17,11.76470588235294
1782217594.524035,515,496,30,30,15,96.16434852701367,18125,105.0,63.0,17,11.76470588235294
1782217594.624398,516,496,31,31,15,96.27486018159497,18125,105.0,63.0,17,11.76470588235294
1782217594.7237415,516,496,31,31,15,96.46918328616924,18125,105.0,63.0,17,11.76470588235294
1782217594.824076,516,497,31,31,16,96.6341585169695,18125,105.0,63.0,17,5.88235294117647
1782217594.9244418,517,496,32,32,15,96.80956290002625,18125,105.0,63.0,17,11.76470588235294
1782217595.02377,516,496,31,31,15,97.1279121028616,18125,105.0,63.0,17,11.76470588235294
1782217595.1241114,516,497,31,31,16,97.52232187544692,18125,105.0,63.0,17,5.88235294117647
1782217595.224421,516,497,31,31,16,97.8,18125,105.0,63.0,17,5.88235294117647
1782217595.3233435,516,496,31,31,15,98.44758253037399,18125,105.0,63.0,17,11.76470588235294
1782217595.4236836,516,497,31,31,16,99.39538809509277,18125,105.0,63.0,17,5.88235294117647
1782217595.5240552,516,497,31,31,16,99.39538809509277,18125,105.0,63.0,17,5.88235294117647
1782217595.6233373,516,496,31,31,15,99.42264973081038,18125,105.0,63.0,17,11.76470588235294
1782217595.7237744,516,496,31,31,15,99.45329268443811,18125,105.0,63.0,17,11.76470588235294
1782217595.8240867,516,496,31,31,15,99.48792361680876,18125,105.0,63.0,17,11.76470588235294
1782217595.9233918,516,496,31,31,15,99.48792361680876,18125,105.0,63.0,17,11.76470588235294
1782217596.0238206,515,497,30,30,16,99.46148351928655,18125,105.0,63.0,17,5.88235294117647
1782217596.124091,516,497,31,31,16,99.48792361680876,18125,105.0,63.0,17,5.88235294117647
1782217596.2234097,516,496,31,31,15,99.48792361680876,18125,105.0,63.0,17,11.76470588235294
1782217596.3238132,516,497,31,31,16,99.48792361680876,18125,105.0,63.0,17,5.88235294117647
1782217596.4240918,517,497,32,32,16,99.48792361680876,18125,105.0,63.0,17,5.88235294117647
1782217596.523445,517,497,32,32,16,99.48360222050567,18125,105.0,63.0,17,5.88235294117647
1782217596.6238434,515,497,30,30,16,99.45329268443811,18125,105.0,63.0,17,5.88235294117647
1782217596.7241275,516,496,31,31,15,99.48360222050567,18125,105.0,63.0,17,11.76470588235294
1782217596.8234358,515,496,30,30,15,99.45329268443811,18125,105.0,63.0,17,11.76470588235294
1782217596.9238455,515,497,30,30,16,99.45329268443811,18125,105.0,63.0,17,5.88235294117647
1782217597.0237544,516,496,31,31,15,99.45329268443811,18125,105.0,63.0,17,11.76470588235294
1782217597.1239984,515,497,30,30,16,99.42651164886382,18125,105.0,63.0,17,5.88235294117647
1782217597.2245166,516,497,31,31,16,99.42651164886382,18125,105.0,63.0,17,5.88235294117647
1782217597.3237271,516,496,31,31,15,99.42651164886382,18125,105.0,63.0,17,11.76470588235294
1782217597.4240384,516,496,31,31,15,99.46148351928655,18125,105.0,63.0,17,11.76470588235294
1782217597.5244775,516,496,31,31,15,99.48792361680876,18125,105.0,63.0,17,11.76470588235294
1782217597.6237717,516,497,31,31,16,99.48792361680876,18125,105.0,63.0,17,5.88235294117647
1782217597.723862,514,496,29,29,15,99.38175876696695,18125,105.0,63.0,17,11.76470588235294
1782217597.8242807,516,497,31,31,16,99.38175876696695,18125,105.0,63.0,17,5.88235294117647
1782217597.9235384,515,497,30,30,16,99.4,18125,105.0,63.0,17,5.88235294117647
1782217598.0238595,516,495,31,31,14,99.4,18125,105.0,63.0,17,17.647058823529413
1782217598.124341,516,495,31,31,14,99.4,18125,105.0,63.0,17,17.647058823529413
1782217598.2234988,516,496,31,31,15,99.4,18125,105.0,63.0,17,11.76470588235294
1782217598.3239954,515,496,30,30,15,99.38446048957935,18125,105.0,63.0,17,11.76470588235294
1782217598.424273,515,496,30,30,15,99.37106792452956,18125,105.0,63.0,17,11.76470588235294
1782217598.5235395,516,496,31,31,15,99.37106792452956,18125,105.0,63.0,17,11.76470588235294
1782217598.624029,515,496,30,30,15,99.35968757625672,18125,105.0,63.0,17,11.76470588235294
1782217598.724258,515,496,30,30,15,99.35021371034607,18125,105.0,63.0,17,11.76470588235294
1782217598.8236332,517,496,32,32,15,99.30958949409306,18125,105.0,63.0,17,11.76470588235294
1782217598.9241447,516,496,31,31,15,99.30958949409306,18125,105.0,63.0,17,11.76470588235294
1782217599.024411,516,496,31,31,15,99.32013073152096,18125,105.0,63.0,17,11.76470588235294
1782217599.123727,516,496,31,31,15,99.32013073152096,18125,105.0,63.0,17,11.76470588235294
1782217599.224158,515,496,30,30,15,99.30958949409306,18125,105.0,63.0,17,11.76470588235294
1782217599.324476,516,497,31,31,16,99.30958949409306,18125,105.0,63.0,17,5.88235294117647
1782217599.4238408,517,496,32,32,15,99.30958949409306,18125,105.0,63.0,17,11.76470588235294
1782217599.5242002,515,496,30,30,15,99.34256390255614,18125,105.0,63.0,17,11.76470588235294
1782217599.6245284,517,497,32,32,16,99.30958949409306,18125,105.0,63.0,17,5.88235294117647
1782217599.7238746,516,497,31,31,16,99.30958949409306,18125,105.0,63.0,17,5.88235294117647
1782217599.8241405,515,496,30,30,15,99.30958949409306,18125,105.0,63.0,17,11.76470588235294
1782217599.924553,516,497,31,31,16,99.32013073152096,18125,105.0,63.0,17,5.88235294117647
1782217600.0238373,515,496,30,30,15,99.30958949409306,18125,105.0,63.0,17,11.76470588235294
1782217600.1242266,516,497,31,31,16,99.32013073152096,18125,105.0,63.0,17,5.88235294117647
1782217600.223538,516,496,31,31,15,99.32013073152096,18125,105.0,63.0,17,11.76470588235294
1782217600.3238966,516,497,31,31,16,99.32013073152096,18125,105.0,63.0,17,5.88235294117647
1782217600.4242308,515,496,30,30,15,99.30958949409306,18125,105.0,63.0,17,11.76470588235294
1782217600.5235534,517,496,32,32,15,99.27275252569095,18125,105.0,63.0,17,11.76470588235294
1782217600.623879,515,496,30,30,15,99.2628885204168,18125,105.0,63.0,17,11.76470588235294
1782217600.7242286,516,496,31,31,15,99.3325005201833,18125,105.0,63.0,17,11.76470588235294
1782217600.823557,515,497,30,30,16,99.32013073152096,18125,105.0,63.0,17,5.88235294117647
1782217600.9239383,516,496,31,31,15,99.3325005201833,18125,105.0,63.0,17,11.76470588235294
1782217601.0242586,515,496,30,30,15,99.32013073152096,18125,105.0,63.0,17,11.76470588235294
1782217601.123578,515,497,30,30,16,99.30958949409306,18125,105.0,63.0,17,5.88235294117647
1782217601.223937,516,497,31,31,16,99.30958949409306,18125,105.0,63.0,17,5.88235294117647
1782217601.3241794,516,497,31,31,16,99.32013073152096,18125,105.0,63.0,17,5.88235294117647
1782217601.423509,516,496,31,31,15,99.3325005201833,18125,105.0,63.0,17,11.76470588235294
1782217601.5237973,517,497,32,32,16,99.29762308314315,18125,105.0,63.0,17,5.88235294117647
1782217601.6241055,515,496,30,30,15,99.29762308314315,18125,105.0,63.0,17,11.76470588235294
1782217601.7233882,516,497,31,31,16,99.31281572906373,18125,105.0,63.0,17,5.88235294117647
1782217601.823759,516,496,31,31,15,99.34680273525782,18125,105.0,63.0,17,11.76470588235294
1782217601.9242663,515,497,30,30,16,99.3325005201833,18125,105.0,63.0,17,5.88235294117647
1782217602.0234544,517,497,32,32,16,99.29762308314315,18125,105.0,63.0,17,5.88235294117647
1782217602.1239672,516,496,31,31,15,99.29762308314315,18125,105.0,63.0,17,11.76470588235294
1782217602.2237816,516,496,31,31,15,99.31281572906373,18125,105.0,63.0,17,11.76470588235294
1782217602.323052,516,496,31,31,15,99.31281572906373,18125,105.0,63.0,17,11.76470588235294
1782217602.4234147,515,496,30,30,15,99.3325005201833,18125,105.0,63.0,17,11.76470588235294
1782217602.5238194,516,496,31,31,15,99.34680273525782,18125,105.0,63.0,17,11.76470588235294
1782217602.6230927,515,496,30,30,15,99.37106792452956,18125,105.0,63.0,17,11.76470588235294
1782217602.7234123,516,497,31,31,16,99.37106792452956,18125,105.0,63.0,17,5.88235294117647
1782217602.8238077,516,496,31,31,15,99.38446048957935,18125,105.0,63.0,17,11.76470588235294
1782217602.9237258,516,497,31,31,16,99.38446048957935,18125,105.0,63.0,17,5.88235294117647
1782217603.023976,516,496,31,31,15,99.4,18125,105.0,63.0,17,11.76470588235294
1782217603.1244478,515,497,30,30,16,99.38446048957935,18125,105.0,63.0,17,5.88235294117647
1782217603.2235622,515,496,30,30,15,99.37106792452956,18125,105.0,63.0,17,11.76470588235294
1782217603.3238418,515,496,30,30,15,99.35968757625672,18125,105.0,63.0,17,11.76470588235294
1782217603.423301,516,497,31,31,16,99.37106792452956,18125,105.0,63.0,17,5.88235294117647
1782217603.5236104,516,497,31,31,16,99.41405347229177,18125,105.0,63.0,17,5.88235294117647
1782217603.6237886,516,496,31,31,15,99.42651164886382,18125,105.0,63.0,17,11.76470588235294
1782217603.7234116,515,496,30,30,15,99.41405347229177,18125,105.0,63.0,17,11.76470588235294
1782217603.823631,515,496,30,30,15,99.41405347229177,18125,105.0,63.0,17,11.76470588235294
1782217603.9239175,515,496,30,30,15,99.40371520600006,18125,105.0,63.0,17,11.76470588235294
1782217604.023258,514,496,29,29,15,99.34256390255614,18125,105.0,63.0,17,11.76470588235294
1782217604.1234908,516,496,31,31,15,99.35021371034607,18125,105.0,63.0,17,11.76470588235294
1782217604.223877,515,497,30,30,16,99.34256390255614,18125,105.0,63.0,17,5.88235294117647
1782217604.3231847,515,496,30,30,15,99.33667504192891,18125,105.0,63.0,17,11.76470588235294
1782217604.4235463,516,497,31,31,16,99.33667504192891,18125,105.0,63.0,17,5.88235294117647
1782217604.523946,516,497,31,31,16,99.38446048957935,18125,105.0,63.0,17,5.88235294117647
1782217604.623258,515,496,30,30,15,99.38446048957935,18125,105.0,63.0,17,11.76470588235294
1782217604.7237818,515,497,30,30,16,99.38175876696695,18125,105.0,63.0,17,5.88235294117647
1782217604.8240786,515,496,30,30,15,99.38086081263312,18125,105.0,63.0,17,11.76470588235294
1782217604.9234545,515,496,30,30,15,99.38086081263312,18125,105.0,63.0,17,11.76470588235294
1782217605.0237985,515,497,30,30,16,99.44123151285866,18125,105.0,63.0,17,5.88235294117647
1782217605.1241977,516,497,31,31,16,99.44123151285866,18125,105.0,63.0,17,5.88235294117647
1782217605.2235122,516,497,31,31,16,99.44123151285866,18125,105.0,63.0,17,5.88235294117647
1782217605.323836,515,497,30,30,16,99.44622507580546,18125,105.0,63.0,17,5.88235294117647
1782217605.4240847,517,496,32,32,15,99.38175876696695,18125,105.0,63.0,17,11.76470588235294
1782217605.5234861,516,496,31,31,15,99.38175876696695,18125,105.0,63.0,17,11.76470588235294
1782217605.6237774,516,497,31,31,16,99.38086081263312,18125,105.0,63.0,17,5.88235294117647
1782217605.7241693,516,497,31,31,16,99.38086081263312,18125,105.0,63.0,17,5.88235294117647
1782217605.823479,516,496,31,31,15,99.38086081263312,18125,105.0,63.0,17,11.76470588235294
1782217605.9236326,515,497,30,30,16,99.38175876696695,18125,105.0,63.0,17,5.88235294117647
1782217606.0239813,515,497,30,30,16,99.38446048957935,18125,105.0,63.0,17,5.88235294117647
1782217606.1233513,515,497,30,30,16,99.38446048957935,18125,105.0,63.0,17,5.88235294117647
1782217606.2236996,516,498,31,31,17,99.38175876696695,18125,105.0,63.0,17,0
1782217606.3240075,515,497,30,30,16,99.38175876696695,18125,105.0,63.0,17,5.88235294117647
1782217606.4233673,516,497,31,31,16,99.38175876696695,18125,105.0,63.0,17,5.88235294117647
1782217606.5236225,517,496,32,32,15,99.32917960675006,18125,105.0,63.0,17,11.76470588235294
1782217606.6230476,515,497,30,30,16,99.33000829192527,18125,105.0,63.0,17,5.88235294117647
1782217606.7233305,516,497,31,31,16,99.32917960675006,18125,105.0,63.0,17,5.88235294117647
1782217606.8236408,515,497,30,30,16,99.32917960675006,18125,105.0,63.0,17,5.88235294117647
1782217606.9231262,516,497,31,31,16,99.33000829192527,18125,105.0,63.0,17,5.88235294117647
1782217607.0233798,515,496,30,30,15,99.38446048957935,18125,105.0,63.0,17,11.76470588235294
1782217607.123817,515,497,30,30,16,99.38175876696695,18125,105.0,63.0,17,5.88235294117647
1782217607.2230961,516,496,31,31,15,99.38446048957935,18125,105.0,63.0,17,11.76470588235294
1782217607.3233373,516,497,31,31,16,99.38898990733922,18125,105.0,63.0,17,5.88235294117647
1782217607.4237216,516,497,31,31,16,99.38898990733922,18125,105.0,63.0,17,5.88235294117647
1782217607.5233154,516,497,31,31,16,99.38898990733922,18125,105.0,63.0,17,5.88235294117647
1782217607.6235938,515,496,30,30,15,99.38898990733922,18125,105.0,63.0,17,11.76470588235294
1782217607.7239847,516,497,31,31,16,99.39538809509277,18125,105.0,63.0,17,5.88235294117647
1782217607.8233483,515,497,30,30,16,99.39538809509277,18125,105.0,63.0,17,5.88235294117647
1782217607.9236233,517,497,32,32,16,99.35968757625672,18125,105.0,63.0,17,5.88235294117647
1782217608.023953,517,496,32,32,15,99.3325005201833,18125,105.0,63.0,17,11.76470588235294
1782217608.1233864,516,498,31,31,17,99.3325005201833,18125,105.0,63.0,17,0
1782217608.223629,516,497,31,31,16,99.3325005201833,18125,105.0,63.0,17,5.88235294117647
1782217608.3241584,513,496,28,28,15,99.1774024880498,18125,105.0,63.0,17,11.76470588235294
1782217608.4236355,431,405,54,54,76,95.73632917676694,18125,105.0,63.0,17,0
1782217608.5236363,509,495,24,24,14,95.53233841926226,18125,105.0,63.0,17,17.647058823529413
1782217608.6239862,516,497,31,31,16,95.53233841926226,18125,105.0,63.0,17,5.88235294117647
1782217608.7234335,517,496,32,32,15,95.53022496216097,18125,105.0,63.0,17,11.76470588235294
1782217608.8236353,516,496,31,31,15,95.53022496216097,18125,105.0,63.0,17,11.76470588235294
1782217608.9240336,515,497,30,30,16,95.53022496216097,18125,105.0,63.0,17,5.88235294117647
1782217609.0234218,516,497,31,31,16,95.53582158859115,18125,105.0,63.0,17,5.88235294117647
1782217609.1237223,516,495,31,31,14,95.54167445483546,18125,105.0,63.0,17,17.647058823529413
1782217609.2239947,516,497,31,31,16,95.54167445483546,18125,105.0,63.0,17,5.88235294117647
1782217609.3227756,516,496,31,31,15,95.5477845714496,18125,105.0,63.0,17,11.76470588235294
1782217609.4237049,515,496,30,30,15,95.54167445483546,18125,105.0,63.0,17,11.76470588235294
1782217609.5242105,352,463,133,133,18,81.20401934218677,14718,206.9,124.1,17,0
1782217609.6231823,515,506,30,30,25,81.20401934218677,18125,105.0,63.0,18,0
1782217609.7235599,516,505,31,31,24,81.20401934218677,18125,105.0,63.0,24,0
1782217609.8229225,515,506,30,30,25,81.20401934218677,18125,105.0,63.0,25,0
1782217609.9233832,515,505,30,30,24,81.19666105300563,18125,105.0,63.0,25,4.0
1782217610.0237918,515,507,30,30,26,81.19666105300563,18125,105.0,63.0,25,0
1782217610.1230671,515,506,30,30,25,81.19666105300563,18125,105.0,63.0,25,0
1782217610.223422,515,507,30,30,26,81.189364710356,18125,105.0,63.0,26,0
1782217610.3237894,515,506,30,30,25,81.18213024218144,18125,105.0,63.0,26,3.8461538461538463
1782217610.4230964,516,506,31,31,25,81.18213024218144,18125,105.0,63.0,26,3.8461538461538463
1782217610.5234697,516,507,31,31,26,81.18213024218144,18125,105.0,63.0,26,0
1782217610.6237535,514,505,29,29,24,81.17318696940747,18125,105.0,63.0,26,7.6923076923076925
1782217610.7230098,516,505,31,31,24,81.17318696940747,18125,105.0,63.0,26,7.6923076923076925
1782217610.823272,516,507,31,31,26,81.18035895961646,18125,105.0,63.0,26,0
1782217610.9236593,516,507,31,31,26,81.17495757714681,18125,105.0,63.0,26,0
1782217611.0231018,515,506,30,30,25,81.16256681793168,18125,105.0,63.0,26,3.8461538461538463
1782217611.1234097,515,506,30,30,25,81.1555784853389,18125,105.0,63.0,26,3.8461538461538463
1782217611.2236054,516,506,31,31,25,81.1555784853389,18125,105.0,63.0,26,3.8461538461538463
1782217611.3229928,516,506,31,31,25,81.18204167409345,18125,105.0,63.0,26,3.8461538461538463
1782217611.4234142,517,506,32,32,25,81.52948295255382,18125,105.0,63.0,26,3.8461538461538463
1782217611.5237513,515,506,30,30,25,81.60434833989294,18125,105.0,63.0,26,3.8461538461538463
1782217611.6230588,517,506,32,32,25,81.60890916171033,18125,105.0,63.0,26,3.8461538461538463
1782217611.723445,516,507,31,31,26,81.60434833989294,18125,105.0,63.0,26,0
1782217611.8238182,515,506,30,30,25,81.59803754426659,18125,105.0,63.0,26,3.8461538461538463
1782217611.9231343,515,506,30,30,25,81.59803754426659,18125,105.0,63.0,26,3.8461538461538463
1782217612.0234673,516,506,31,31,25,81.59803754426659,18125,105.0,63.0,26,3.8461538461538463
1782217612.1238036,516,506,31,31,25,81.59803754426659,18125,105.0,63.0,26,3.8461538461538463
1782217612.223186,515,506,30,30,25,81.59178927157171,18125,105.0,63.0,26,3.8461538461538463
1782217612.3234782,516,505,31,31,24,81.59178927157171,18125,105.0,63.0,26,7.6923076923076925
1782217612.423842,515,505,30,30,24,81.59178927157171,18125,105.0,63.0,26,7.6923076923076925
1782217612.5231476,516,507,31,31,26,99.33000829192527,18125,105.0,63.0,26,0
1782217612.6235054,515,505,30,30,24,99.33000829192527,18125,105.0,63.0,26,7.6923076923076925
1782217612.7238467,515,506,30,30,25,99.32917960675006,18125,105.0,63.0,26,3.8461538461538463
1782217612.823138,516,506,31,31,25,99.33000829192527,18125,105.0,63.0,26,3.8461538461538463
1782217612.9235277,515,506,30,30,25,99.33000829192527,18125,105.0,63.0,26,3.8461538461538463
1782217613.0228379,516,506,31,31,25,99.3325005201833,18125,105.0,63.0,26,3.8461538461538463
1782217613.1229777,516,506,31,31,25,99.33667504192891,18125,105.0,63.0,26,3.8461538461538463
1782217613.223457,516,506,31,31,25,99.34256390255614,18125,105.0,63.0,26,3.8461538461538463
1782217613.3229349,516,506,31,31,25,99.35021371034607,18125,105.0,63.0,26,3.8461538461538463
1782217613.4232483,516,506,31,31,25,99.35021371034607,18125,105.0,63.0,26,3.8461538461538463
1782217613.5234635,515,507,30,30,26,99.34256390255614,18125,105.0,63.0,26,0
1782217613.6227014,516,507,31,31,26,99.41405347229177,18125,105.0,63.0,26,0
1782217613.723132,516,506,31,31,25,99.41405347229177,18125,105.0,63.0,26,3.8461538461538463
1782217613.8234353,516,506,31,31,25,99.41405347229177,18125,105.0,63.0,26,3.8461538461538463
1782217613.9227467,515,505,30,30,24,99.40371520600006,18125,105.0,63.0,26,7.6923076923076925
1782217614.0233355,516,507,31,31,26,99.41405347229177,18125,105.0,63.0,26,0
1782217614.1236136,516,506,31,31,25,99.42651164886382,18125,105.0,63.0,26,3.8461538461538463
1782217614.2228844,516,505,31,31,24,99.42651164886382,18125,105.0,63.0,26,7.6923076923076925
1782217614.3232784,515,507,30,30,26,99.41405347229177,18125,105.0,63.0,26,0
1782217614.4236825,515,506,30,30,25,99.45329268443811,18125,105.0,63.0,26,3.8461538461538463
1782217614.5229998,515,506,30,30,25,99.45329268443811,18125,105.0,63.0,26,3.8461538461538463
1782217614.6234107,515,506,30,30,25,99.50446437508938,18125,105.0,63.0,26,3.8461538461538463
1782217614.7236772,516,507,31,31,26,99.50446437508938,18125,105.0,63.0,26,0
1782217614.8229983,515,506,30,30,25,99.50446437508938,18125,105.0,63.0,26,3.8461538461538463
1782217614.9234045,516,507,31,31,26,99.51010205144337,18125,105.0,63.0,26,0
1782217615.0236871,516,507,31,31,26,99.51010205144337,18125,105.0,63.0,26,0
1782217615.1230037,516,506,31,31,25,99.51010205144337,18125,105.0,63.0,26,3.8461538461538463
1782217615.2233014,516,505,31,31,24,99.5181055901733,18125,105.0,63.0,26,7.6923076923076925
1782217615.32365,516,506,31,31,25,99.5181055901733,18125,105.0,63.0,26,3.8461538461538463
1782217615.422967,516,506,31,31,25,99.52859547920897,18125,105.0,63.0,26,3.8461538461538463
1782217615.523252,516,506,31,31,25,99.52859547920897,18125,105.0,63.0,26,3.8461538461538463
1782217615.6236405,516,507,31,31,26,99.54174243050441,18125,105.0,63.0,26,0
1782217615.7229111,516,505,31,31,24,99.55778336128594,18125,105.0,63.0,26,7.6923076923076925
1782217615.823241,516,507,31,31,26,99.55778336128594,18125,105.0,63.0,26,0
1782217615.923597,516,506,31,31,25,99.57704741531835,18125,105.0,63.0,26,3.8461538461538463
1782217616.0229597,515,505,30,30,24,99.55778336128594,18125,105.0,63.0,26,7.6923076923076925
1782217616.1231565,517,507,32,32,26,99.50446437508938,18125,105.0,63.0,26,0
1782217616.2226424,516,507,31,31,26,99.50446437508938,18125,105.0,63.0,26,0
1782217616.3230786,517,507,32,32,26,99.45839743969094,18125,105.0,63.0,26,0
1782217616.422802,516,507,31,31,26,99.45839743969094,18125,105.0,63.0,26,0
1782217616.5221233,516,506,31,31,25,99.47825080525006,18125,105.0,63.0,26,3.8461538461538463
1782217616.6224697,515,506,30,30,25,99.45839743969094,18125,105.0,63.0,26,3.8461538461538463
1782217616.722837,515,506,30,30,25,99.44123151285866,18125,105.0,63.0,26,3.8461538461538463
1782217616.8221607,515,507,30,30,26,99.42651164886382,18125,105.0,63.0,26,0
1782217616.9225175,515,506,30,30,25,99.42651164886382,18125,105.0,63.0,26,3.8461538461538463
1782217617.022838,516,506,31,31,25,99.42651164886382,18125,105.0,63.0,26,3.8461538461538463
1782217617.1221652,516,506,31,31,25,99.42651164886382,18125,105.0,63.0,26,3.8461538461538463
1782217617.2231243,515,506,30,30,25,99.41405347229177,18125,105.0,63.0,26,3.8461538461538463
1782217617.3234677,514,507,29,29,26,99.35021371034607,18125,105.0,63.0,26,0
1782217617.4227667,516,507,31,31,26,99.35968757625672,18125,105.0,63.0,26,0
1782217617.5231106,517,505,32,32,24,99.3325005201833,18125,105.0,63.0,26,7.6923076923076925
1782217617.623468,517,506,32,32,25,99.31281572906373,18125,105.0,63.0,26,3.8461538461538463
1782217617.7227836,516,507,31,31,26,99.31281572906373,18125,105.0,63.0,26,0
1782217617.8231428,515,507,30,30,26,99.31281572906373,18125,105.0,63.0,26,0
1782217617.9234524,516,506,31,31,25,99.31281572906373,18125,105.0,63.0,26,3.8461538461538463
1782217618.0228198,515,507,30,30,26,99.29762308314315,18125,105.0,63.0,26,0
1782217618.1231647,515,506,30,30,25,99.2843029815472,18125,105.0,63.0,26,3.8461538461538463
1782217618.223506,515,506,30,30,25,99.27275252569095,18125,105.0,63.0,26,3.8461538461538463
1782217618.3228295,517,506,32,32,25,99.23915251929911,18125,105.0,63.0,26,3.8461538461538463
1782217618.423188,516,506,31,31,25,99.23915251929911,18125,105.0,63.0,26,3.8461538461538463
1782217618.5234966,516,506,31,31,25,99.23915251929911,18125,105.0,63.0,26,3.8461538461538463
1782217618.6228285,515,506,30,30,25,99.22827753981399,18125,105.0,63.0,26,3.8461538461538463
1782217618.7231922,516,506,31,31,25,99.22827753981399,18125,105.0,63.0,26,3.8461538461538463
1782217618.823515,515,506,30,30,25,99.21897503240933,18125,105.0,63.0,26,3.8461538461538463
1782217618.9226937,515,506,30,30,25,99.21118936225338,18125,105.0,63.0,26,3.8461538461538463
1782217619.0231867,516,506,31,31,25,99.21897503240933,18125,105.0,63.0,26,3.8461538461538463
1782217619.1234627,516,506,31,31,25,99.25464400750008,18125,105.0,63.0,26,3.8461538461538463
1782217619.2226682,516,506,31,31,25,99.25464400750008,18125,105.0,63.0,26,3.8461538461538463
1782217619.3231676,516,506,31,31,25,99.29367932998609,18125,105.0,63.0,26,3.8461538461538463
1782217619.4225504,517,506,32,32,25,99.25464400750008,18125,105.0,63.0,26,3.8461538461538463
1782217619.522868,515,506,30,30,25,99.24796572182143,18125,105.0,63.0,26,3.8461538461538463
1782217619.6233368,515,506,30,30,25,99.24796572182143,18125,105.0,63.0,26,3.8461538461538463
1782217619.7225797,516,505,31,31,24,99.25464400750008,18125,105.0,63.0,26,7.6923076923076925
1782217619.822984,515,507,30,30,26,99.25464400750008,18125,105.0,63.0,26,0
1782217619.9233124,516,506,31,31,25,99.2628885204168,18125,105.0,63.0,26,3.8461538461538463
1782217620.0225084,515,506,30,30,25,99.25464400750008,18125,105.0,63.0,26,3.8461538461538463
1782217620.1228487,516,506,31,31,25,99.25464400750008,18125,105.0,63.0,26,3.8461538461538463
1782217620.2232285,517,506,32,32,25,99.22827753981399,18125,105.0,63.0,26,3.8461538461538463
1782217620.322381,515,506,30,30,25,99.2843029815472,18125,105.0,63.0,26,3.8461538461538463
1782217620.4227607,515,506,30,30,25,99.27275252569095,18125,105.0,63.0,26,3.8461538461538463
1782217620.523179,516,506,31,31,25,99.30958949409306,18125,105.0,63.0,26,3.8461538461538463
1782217620.622704,516,506,31,31,25,99.35021371034607,18125,105.0,63.0,26,3.8461538461538463
1782217620.7228138,516,506,31,31,25,99.35021371034607,18125,105.0,63.0,26,3.8461538461538463
1782217620.8232453,516,507,31,31,26,99.35968757625672,18125,105.0,63.0,26,0
1782217620.9225204,515,505,30,30,24,99.35021371034607,18125,105.0,63.0,26,7.6923076923076925
1782217621.0227869,516,506,31,31,25,99.35968757625672,18125,105.0,63.0,26,3.8461538461538463
1782217621.123285,509,507,24,24,26,98.63985294912645,18125,105.0,63.0,26,0
1782217621.2227094,509,507,24,24,26,98.2083527132831,18125,105.0,63.0,26,0
1782217621.3231869,508,506,23,23,25,97.80910976997933,18125,105.0,63.0,26,3.8461538461538463
1782217621.4233449,507,506,22,22,25,97.39040232986002,18125,105.0,63.0,26,3.8461538461538463
1782217621.5225675,507,506,22,22,25,97.06061230866018,18125,105.0,63.0,26,3.8461538461538463
1782217621.6229987,507,506,22,22,25,96.77785440704145,18125,105.0,63.0,26,3.8461538461538463
1782217621.7233393,508,506,23,23,25,96.61637932254679,18125,105.0,63.0,26,3.8461538461538463
1782217621.8227844,508,506,23,23,25,96.46462323239956,18125,105.0,63.0,26,3.8461538461538463
1782217621.9231598,508,506,23,23,25,96.33393944403532,18125,105.0,63.0,26,3.8461538461538463
1782217622.0233731,509,506,24,24,25,96.28441719839867,18125,105.0,63.0,26,3.8461538461538463
1782217622.1227276,507,506,22,22,25,96.16391403178245,18125,105.0,63.0,26,3.8461538461538463
1782217622.223198,507,506,22,22,25,96.0699165968703,18125,105.0,63.0,26,3.8461538461538463
1782217622.3234885,507,507,22,22,26,96.00055559414116,18125,105.0,63.0,26,0
1782217622.4228184,508,506,23,23,25,96.02941370128346,18125,105.0,63.0,26,3.8461538461538463
1782217622.5231526,507,505,22,22,24,95.97383557216052,18125,105.0,63.0,26,7.6923076923076925
1782217622.6224022,507,506,22,22,25,95.9364766246246,18125,105.0,63.0,26,3.8461538461538463
1782217622.7229192,506,506,21,21,25,95.9146603568369,18125,105.0,63.0,26,3.8461538461538463
1782217622.823321,508,506,23,23,25,95.94427702019863,18125,105.0,63.0,26,3.8461538461538463
1782217622.9226046,508,505,23,23,24,96.02843439770494,18125,105.0,63.0,26,7.6923076923076925
1782217623.022811,508,506,23,23,25,96.08862059001062,18125,105.0,63.0,26,3.8461538461538463
1782217623.1231735,508,507,23,23,26,96.21098077773857,18125,105.0,63.0,26,0
1782217623.222643,508,506,23,23,25,96.4185663950498,18125,105.0,63.0,26,3.8461538461538463
1782217623.3228989,507,506,22,22,25,96.51925933807824,18125,105.0,63.0,26,3.8461538461538463
1782217623.423284,507,507,22,22,26,96.6440765470258,18125,105.0,63.0,26,0
1782217623.5225685,508,507,23,23,26,96.88017094485397,18125,105.0,63.0,26,0
1782217623.6229217,507,506,22,22,25,97.14634736989007,18125,105.0,63.0,26,3.8461538461538463
1782217623.723284,507,506,22,22,25,97.47545383616513,18125,105.0,63.0,26,3.8461538461538463
1782217623.822538,508,506,23,23,25,97.90662420425232,18125,105.0,63.0,26,3.8461538461538463
1782217623.922349,508,507,23,23,26,98.33967874594504,18125,105.0,63.0,26,0
1782217624.0227118,507,506,22,22,25,99.28819478319791,18125,105.0,63.0,26,3.8461538461538463
1782217624.1220317,507,506,22,22,25,99.33000829192527,18125,105.0,63.0,26,3.8461538461538463
1782217624.2223952,508,507,23,23,26,99.38086081263312,18125,105.0,63.0,26,0
1782217624.3227181,508,506,23,23,25,99.38086081263312,18125,105.0,63.0,26,3.8461538461538463
1782217624.4220388,509,507,24,24,26,99.3325005201833,18125,105.0,63.0,26,0
1782217624.5224123,507,507,22,22,26,99.3325005201833,18125,105.0,63.0,26,0
1782217624.6227188,507,506,22,22,25,99.3325005201833,18125,105.0,63.0,26,3.8461538461538463
1782217624.722095,508,507,23,23,26,99.3325005201833,18125,105.0,63.0,26,0
1782217624.8223896,507,506,22,22,25,99.33000829192527,18125,105.0,63.0,26,3.8461538461538463
1782217624.922737,508,506,23,23,25,99.33000829192527,18125,105.0,63.0,26,3.8461538461538463
1782217625.0220792,509,507,24,24,26,99.33000829192527,18125,105.0,63.0,26,0
1782217625.122453,507,506,22,22,25,99.33000829192527,18125,105.0,63.0,26,3.8461538461538463
1782217625.2227614,507,506,22,22,25,99.33000829192527,18125,105.0,63.0,26,3.8461538461538463
1782217625.322483,507,508,22,22,27,99.33000829192527,18125,105.0,63.0,26,0
1782217625.4227884,507,507,22,22,26,99.32917960675006,18125,105.0,63.0,26,0
1782217625.523155,508,506,23,23,25,99.33000829192527,18125,105.0,63.0,26,3.8461538461538463
1782217625.6224794,508,507,23,23,26,99.3325005201833,18125,105.0,63.0,26,0
1782217625.7228389,508,507,23,23,26,99.39538809509277,18125,105.0,63.0,26,0
1782217625.8222036,506,506,21,21,25,99.3325005201833,18125,105.0,63.0,26,3.8461538461538463
1782217625.9224834,508,506,23,23,25,99.3325005201833,18125,105.0,63.0,26,3.8461538461538463
1782217626.0228364,507,506,22,22,25,99.33000829192527,18125,105.0,63.0,26,3.8461538461538463
1782217626.1221488,507,506,22,22,25,99.32917960675006,18125,105.0,63.0,26,3.8461538461538463
1782217626.2224538,506,507,21,21,26,99.2843029815472,18125,105.0,63.0,26,0
1782217626.3227677,507,506,22,22,25,99.2843029815472,18125,105.0,63.0,26,3.8461538461538463
1782217626.422057,508,506,23,23,25,99.2819780257154,18125,105.0,63.0,26,3.8461538461538463
1782217626.5224195,506,506,21,21,25,99.24281222055997,18125,105.0,63.0,26,3.8461538461538463
1782217626.6227648,508,506,23,23,25,99.23915251929911,18125,105.0,63.0,26,3.8461538461538463
1782217626.7221098,508,509,23,23,28,99.23696512384936,18125,105.0,63.0,26,0
1782217626.8224542,508,506,23,23,25,99.23696512384936,18125,105.0,63.0,26,3.8461538461538463
1782217626.9228077,507,507,22,22,26,99.23915251929911,18125,105.0,63.0,26,0
1782217627.022112,509,506,24,24,25,99.19377422517015,18125,105.0,63.0,26,3.8461538461538463
1782217627.1224174,507,506,22,22,25,99.19377422517015,18125,105.0,63.0,26,3.8461538461538463
1782217627.2227643,508,507,23,23,26,99.19377422517015,18125,105.0,63.0,26,0
1782217627.3221326,509,506,24,24,25,99.1540948306367,18125,105.0,63.0,26,3.8461538461538463
1782217627.422516,506,506,21,21,25,99.15606740658852,18125,105.0,63.0,26,3.8461538461538463
1782217627.522834,507,507,22,22,26,99.15606740658852,18125,105.0,63.0,26,0
1782217627.6221201,513,506,28,28,25,98.69658568026553,18125,105.0,63.0,26,3.8461538461538463
1782217627.7224402,507,507,22,22,26,98.69360547051564,18125,105.0,63.0,26,0
1782217627.8229904,508,505,23,23,24,98.69658568026553,18125,105.0,63.0,26,7.6923076923076925
1782217627.92227,508,509,23,23,28,98.69658568026553,18125,105.0,63.0,27,0
1782217628.0225997,508,506,23,23,25,98.71937515251344,18125,105.0,63.0,27,7.4074074074074066
1782217628.12303,508,506,23,23,25,98.72241547355088,18125,105.0,63.0,27,7.4074074074074066
1782217628.2222705,509,507,24,24,26,98.70513836002966,18125,105.0,63.0,27,3.7037037037037033
1782217628.3226035,508,506,23,23,25,98.71072802627909,18125,105.0,63.0,27,7.4074074074074066
1782217628.4230297,507,507,22,22,26,98.71072802627909,18125,105.0,63.0,27,3.7037037037037033
1782217628.5223057,508,507,23,23,26,98.71072802627909,18125,105.0,63.0,27,3.7037037037037033
1782217628.6226263,508,506,23,23,25,98.71072802627909,18125,105.0,63.0,27,7.4074074074074066
1782217628.7230275,506,506,21,21,25,98.67502620570988,18125,105.0,63.0,27,7.4074074074074066
1782217628.822317,507,506,22,22,25,98.70513836002966,18125,105.0,63.0,27,7.4074074074074066
1782217628.9226367,507,507,22,22,26,98.70042742069214,18125,105.0,63.0,27,3.7037037037037033
1782217629.022019,508,506,23,23,25,98.70513836002966,18125,105.0,63.0,27,7.4074074074074066
1782217629.122423,508,507,23,23,26,98.71072802627909,18125,105.0,63.0,27,3.7037037037037033
1782217629.2226214,507,506,22,22,25,98.74346154500195,18125,105.0,63.0,27,7.4074074074074066
1782217629.322078,507,506,22,22,25,98.74346154500195,18125,105.0,63.0,27,7.4074074074074066
1782217629.4223094,508,507,23,23,26,98.74346154500195,18125,105.0,63.0,27,3.7037037037037033
1782217629.5226693,509,506,24,24,25,98.76892097915871,18125,105.0,63.0,27,7.4074074074074066
1782217629.6220572,507,506,22,22,25,98.75948039560477,18125,105.0,63.0,27,7.4074074074074066
1782217629.7223387,507,505,22,22,24,98.75100040032032,18125,105.0,63.0,27,11.11111111111111
1782217629.822658,507,506,22,22,25,98.74346154500195,18125,105.0,63.0,27,7.4074074074074066
1782217629.9220552,509,506,24,24,25,98.73289481275012,18125,105.0,63.0,27,7.4074074074074066
1782217630.0223355,508,507,23,23,26,98.75100040032032,18125,105.0,63.0,27,3.7037037037037033
1782217630.1227732,508,506,23,23,25,98.75948039560477,18125,105.0,63.0,27,7.4074074074074066
1782217630.2219918,508,506,23,23,25,98.75948039560477,18125,105.0,63.0,27,7.4074074074074066
1782217630.3223484,507,507,22,22,26,98.77027555028688,18125,105.0,63.0,27,3.7037037037037033
1782217630.4227428,508,506,23,23,25,98.81443871708142,18125,105.0,63.0,27,7.4074074074074066
1782217630.5220966,507,507,22,22,26,98.81443871708142,18125,105.0,63.0,27,3.7037037037037033
1782217630.6224208,508,506,23,23,25,99.30079410121989,18125,105.0,63.0,27,7.4074074074074066
1782217630.7227767,507,506,22,22,25,99.30079410121989,18125,105.0,63.0,27,7.4074074074074066
1782217630.822068,509,506,24,24,25,99.2628885204168,18125,105.0,63.0,27,7.4074074074074066
1782217630.9223406,508,506,23,23,25,99.2628885204168,18125,105.0,63.0,27,7.4074074074074066
1782217631.0226808,508,507,23,23,26,99.2628885204168,18125,105.0,63.0,27,3.7037037037037033
1782217631.1220093,508,506,23,23,25,99.2628885204168,18125,105.0,63.0,27,7.4074074074074066
1782217631.2223547,508,507,23,23,26,99.30079410121989,18125,105.0,63.0,27,3.7037037037037033
1782217631.3224554,507,506,22,22,25,99.29367932998609,18125,105.0,63.0,27,7.4074074074074066
1782217631.4217567,508,506,23,23,25,99.30079410121989,18125,105.0,63.0,27,7.4074074074074066
1782217631.5220912,508,507,23,23,26,99.30079410121989,18125,105.0,63.0,27,3.7037037037037033
1782217631.6224568,506,505,21,21,24,99.24281222055997,18125,105.0,63.0,27,11.11111111111111
1782217631.7217772,509,506,24,24,25,99.2628885204168,18125,105.0,63.0,27,7.4074074074074066
1782217631.8221307,508,507,23,23,26,99.27275252569095,18125,105.0,63.0,27,3.7037037037037033
1782217631.9224558,507,506,22,22,25,99.27275252569095,18125,105.0,63.0,27,7.4074074074074066
1782217632.0217817,507,506,22,22,25,99.2628885204168,18125,105.0,63.0,27,7.4074074074074066
1782217632.1221354,508,507,23,23,26,99.2628885204168,18125,105.0,63.0,27,3.7037037037037033
1782217632.221454,508,507,23,23,26,99.27275252569095,18125,105.0,63.0,27,3.7037037037037033
1782217632.3218203,508,505,23,23,24,99.2843029815472,18125,105.0,63.0,27,11.11111111111111
1782217632.4221764,508,507,23,23,26,99.2843029815472,18125,105.0,63.0,27,3.7037037037037033
1782217632.5214865,508,506,23,23,25,99.32013073152096,18125,105.0,63.0,27,7.4074074074074066
1782217632.6218216,508,507,23,23,26,99.3325005201833,18125,105.0,63.0,27,3.7037037037037033
1782217632.7221732,508,507,23,23,26,99.34680273525782,18125,105.0,63.0,27,3.7037037037037033
1782217632.8214843,508,506,23,23,25,99.36316756084857,18125,105.0,63.0,27,7.4074074074074066
1782217632.9218395,508,506,23,23,25,99.4,18125,105.0,63.0,27,7.4074074074074066
1782217633.0222044,508,506,23,23,25,99.4,18125,105.0,63.0,27,7.4074074074074066
1782217633.1214774,508,506,23,23,25,99.4,18125,105.0,63.0,27,7.4074074074074066
1782217633.2218518,508,506,23,23,25,99.4,18125,105.0,63.0,27,7.4074074074074066
1782217633.3222034,508,506,23,23,25,99.41785836011424,18125,105.0,63.0,27,7.4074074074074066
1782217633.4214976,509,506,24,24,25,99.38175876696695,18125,105.0,63.0,27,7.4074074074074066
1782217633.5218792,508,506,23,23,25,99.40278423776104,18125,105.0,63.0,27,7.4074074074074066
1782217633.6222105,507,507,22,22,26,99.38175876696695,18125,105.0,63.0,27,3.7037037037037033
1782217633.721512,509,506,24,24,25,99.37106792452956,18125,105.0,63.0,27,7.4074074074074066
1782217633.8218656,508,506,23,23,25,99.40278423776104,18125,105.0,63.0,27,7.4074074074074066
1782217633.9222302,508,506,23,23,25,99.40278423776104,18125,105.0,63.0,27,7.4074074074074066
1782217634.0216124,508,506,23,23,25,99.40278423776104,18125,105.0,63.0,27,7.4074074074074066
1782217634.121883,507,506,22,22,25,99.38175876696695,18125,105.0,63.0,27,7.4074074074074066
1782217634.2222393,508,506,23,23,25,99.38175876696695,18125,105.0,63.0,27,7.4074074074074066
1782217634.3215709,509,506,24,24,25,99.37106792452956,18125,105.0,63.0,27,7.4074074074074066
1782217634.4219172,508,506,23,23,25,99.37106792452956,18125,105.0,63.0,27,7.4074074074074066
1782217634.5222583,508,507,23,23,26,99.37106792452956,18125,105.0,63.0,27,3.7037037037037033
1782217634.6216483,507,507,22,22,26,99.45329268443811,18125,105.0,63.0,27,3.7037037037037033
1782217634.7219439,507,506,22,22,25,99.46148351928655,18125,105.0,63.0,27,7.4074074074074066
1782217634.8222814,508,506,23,23,25,99.46148351928655,18125,105.0,63.0,27,7.4074074074074066
1782217634.921659,507,507,22,22,26,99.46148351928655,18125,105.0,63.0,27,3.7037037037037033
1782217635.021967,507,506,22,22,25,99.46148351928655,18125,105.0,63.0,27,7.4074074074074066
1782217635.1223216,508,506,23,23,25,99.46148351928655,18125,105.0,63.0,27,7.4074074074074066
1782217635.2216825,508,507,23,23,26,99.46148351928655,18125,105.0,63.0,27,3.7037037037037033
1782217635.3219712,508,506,23,23,25,99.46148351928655,18125,105.0,63.0,27,7.4074074074074066
1782217635.421262,509,506,24,24,25,99.42651164886382,18125,105.0,63.0,27,7.4074074074074066
1782217635.5216682,508,506,23,23,25,99.42651164886382,18125,105.0,63.0,27,7.4074074074074066
1782217635.6219833,507,506,22,22,25,99.40278423776104,18125,105.0,63.0,27,7.4074074074074066
1782217635.721299,508,506,23,23,25,99.40278423776104,18125,105.0,63.0,27,7.4074074074074066
1782217635.821683,507,505,22,22,24,99.38175876696695,18125,105.0,63.0,27,11.11111111111111
1782217635.9220107,507,507,22,22,26,99.36316756084857,18125,105.0,63.0,27,3.7037037037037033
1782217636.021324,507,506,22,22,25,99.34680273525782,18125,105.0,63.0,27,7.4074074074074066
1782217636.121674,508,507,23,23,26,99.34680273525782,18125,105.0,63.0,27,3.7037037037037033
1782217636.2220397,508,506,23,23,25,99.34680273525782,18125,105.0,63.0,27,7.4074074074074066
1782217636.3213575,508,506,23,23,25,99.34680273525782,18125,105.0,63.0,27,7.4074074074074066
1782217636.421684,508,506,23,23,25,99.38446048957935,18125,105.0,63.0,27,7.4074074074074066
1782217636.5220435,508,506,23,23,25,99.38446048957935,18125,105.0,63.0,27,7.4074074074074066
1782217636.6213396,508,506,23,23,25,99.4,18125,105.0,63.0,27,7.4074074074074066
1782217636.7217083,507,506,22,22,25,99.42651164886382,18125,105.0,63.0,27,7.4074074074074066
1782217636.8220868,507,507,22,22,26,99.41405347229177,18125,105.0,63.0,27,3.7037037037037033
1782217636.9213989,508,506,23,23,25,99.41405347229177,18125,105.0,63.0,27,7.4074074074074066
1782217637.0217218,507,507,22,22,26,99.40371520600006,18125,105.0,63.0,27,3.7037037037037033
1782217637.1220696,508,505,23,23,24,99.41405347229177,18125,105.0,63.0,27,11.11111111111111
1782217637.221353,507,506,22,22,25,99.40371520600006,18125,105.0,63.0,27,7.4074074074074066
1782217637.3217323,508,506,23,23,25,99.45329268443811,18125,105.0,63.0,27,7.4074074074074066
1782217637.4220314,507,506,22,22,25,99.44622507580546,18125,105.0,63.0,27,7.4074074074074066
1782217637.521344,507,506,22,22,25,99.44123151285866,18125,105.0,63.0,27,7.4074074074074066
1782217637.6217213,508,506,23,23,25,99.44622507580546,18125,105.0,63.0,27,7.4074074074074066
1782217637.7221086,508,506,23,23,25,99.45329268443811,18125,105.0,63.0,27,7.4074074074074066
1782217637.8214116,507,506,22,22,25,99.44622507580546,18125,105.0,63.0,27,7.4074074074074066
1782217637.9217677,506,507,21,21,26,99.38446048957935,18125,105.0,63.0,27,3.7037037037037033
1782217638.0221162,508,506,23,23,25,99.38898990733922,18125,105.0,63.0,27,7.4074074074074066
1782217638.1213977,508,506,23,23,25,99.38898990733922,18125,105.0,63.0,27,7.4074074074074066
1782217638.2219899,508,507,23,23,26,99.38898990733922,18125,105.0,63.0,27,3.7037037037037033
1782217638.3224068,508,507,23,23,26,99.38898990733922,18125,105.0,63.0,27,3.7037037037037033
1782217638.421478,508,505,23,23,24,99.44123151285866,18125,105.0,63.0,27,11.11111111111111
1782217638.5218232,508,507,23,23,26,99.44123151285866,18125,105.0,63.0,27,3.7037037037037033
1782217638.6211498,508,506,23,23,25,99.44622507580546,18125,105.0,63.0,27,7.4074074074074066
1782217638.7214541,509,506,24,24,25,99.39538809509277,18125,105.0,63.0,27,7.4074074074074066
1782217638.821822,507,505,22,22,24,99.39538809509277,18125,105.0,63.0,27,11.11111111111111
1782217638.9211433,509,506,24,24,25,99.35968757625672,18125,105.0,63.0,27,7.4074074074074066
1782217639.021496,508,506,23,23,25,99.37106792452956,18125,105.0,63.0,27,7.4074074074074066
1782217639.121831,507,506,22,22,25,99.35968757625672,18125,105.0,63.0,27,7.4074074074074066
1782217639.2211893,509,506,24,24,25,99.32013073152096,18125,105.0,63.0,27,7.4074074074074066
1782217639.3215017,508,506,23,23,25,99.32013073152096,18125,105.0,63.0,27,7.4074074074074066
1782217639.4218752,508,506,23,23,25,99.32013073152096,18125,105.0,63.0,27,7.4074074074074066
1782217639.5211895,508,506,23,23,25,99.32013073152096,18125,105.0,63.0,27,7.4074074074074066
1782217639.6215887,507,506,22,22,25,99.30958949409306,18125,105.0,63.0,27,7.4074074074074066
1782217639.721864,509,507,24,24,26,99.2843029815472,18125,105.0,63.0,27,3.7037037037037033
1782217639.8211744,508,505,23,23,24,99.29762308314315,18125,105.0,63.0,27,11.11111111111111
1782217639.9215772,508,506,23,23,25,99.29762308314315,18125,105.0,63.0,27,7.4074074074074066
1782217640.021906,508,507,23,23,26,99.31281572906373,18125,105.0,63.0,27,3.7037037037037033
1782217640.1212156,509,506,24,24,25,99.2819780257154,18125,105.0,63.0,27,7.4074074074074066
1782217640.221615,507,506,22,22,25,99.2819780257154,18125,105.0,63.0,27,7.4074074074074066
1782217640.3219001,508,506,23,23,25,99.2819780257154,18125,105.0,63.0,27,7.4074074074074066
1782217640.4212208,508,506,23,23,25,99.3,18125,105.0,63.0,27,7.4074074074074066
1782217640.5215976,508,505,23,23,24,99.32013073152096,18125,105.0,63.0,27,11.11111111111111
1782217640.6219351,508,506,23,23,25,99.32013073152096,18125,105.0,63.0,27,7.4074074074074066
1782217640.7212458,508,506,23,23,25,99.32013073152096,18125,105.0,63.0,27,7.4074074074074066
1782217640.8216536,508,507,23,23,26,99.34256390255614,18125,105.0,63.0,27,3.7037037037037033
1782217640.9219444,507,506,22,22,25,99.42264973081038,18125,105.0,63.0,27,7.4074074074074066
1782217641.0212529,508,506,23,23,25,99.42264973081038,18125,105.0,63.0,27,7.4074074074074066
1782217641.1216633,506,506,21,21,25,99.32013073152096,18125,105.0,63.0,27,7.4074074074074066
1782217641.2219856,508,506,23,23,25,99.32013073152096,18125,105.0,63.0,27,7.4074074074074066
1782217641.3212547,507,505,22,22,24,99.3,18125,105.0,63.0,27,11.11111111111111
1782217641.4216642,507,506,22,22,25,99.2819780257154,18125,105.0,63.0,27,7.4074074074074066
1782217641.5219746,508,506,23,23,25,99.2819780257154,18125,105.0,63.0,27,7.4074074074074066
1782217641.6212935,508,507,23,23,26,99.2819780257154,18125,105.0,63.0,27,3.7037037037037033
1782217641.721655,507,506,22,22,25,99.29762308314315,18125,105.0,63.0,27,7.4074074074074066
1782217641.8209803,508,506,23,23,25,99.31281572906373,18125,105.0,63.0,27,7.4074074074074066
1782217641.9213347,507,507,22,22,26,99.3325005201833,18125,105.0,63.0,27,3.7037037037037033
1782217642.0216544,508,505,23,23,24,99.3325005201833,18125,105.0,63.0,27,11.11111111111111
1782217642.1209311,508,506,23,23,25,99.34680273525782,18125,105.0,63.0,27,7.4074074074074066
1782217642.2212958,510,507,25,25,26,99.26590948181516,18125,105.0,63.0,27,3.7037037037037033
1782217642.3221009,508,506,23,23,25,99.26590948181516,18125,105.0,63.0,27,7.4074074074074066
1782217642.4213681,509,505,24,24,24,99.23696512384936,18125,105.0,63.0,27,11.11111111111111
1782217642.521681,508,506,23,23,25,99.23696512384936,18125,105.0,63.0,27,7.4074074074074066
1782217642.6220436,508,506,23,23,25,99.25389902381335,18125,105.0,63.0,27,7.4074074074074066
1782217642.7213476,507,504,22,22,23,99.26590948181516,18125,105.0,63.0,27,14.814814814814813
1782217642.821848,507,506,22,22,25,99.25166852264522,18125,105.0,63.0,27,7.4074074074074066
1782217642.922141,508,506,23,23,25,99.25166852264522,18125,105.0,63.0,27,7.4074074074074066
1782217643.021367,508,506,23,23,25,99.25166852264522,18125,105.0,63.0,27,7.4074074074074066
1782217643.1218045,508,505,23,23,24,99.2843029815472,18125,105.0,63.0,27,11.11111111111111
1782217643.2220795,508,507,23,23,26,99.29762308314315,18125,105.0,63.0,27,3.7037037037037033
1782217643.3214343,508,506,23,23,25,99.29762308314315,18125,105.0,63.0,27,7.4074074074074066
1782217643.4218223,507,506,22,22,25,99.2843029815472,18125,105.0,63.0,27,7.4074074074074066
1782217643.5221303,508,507,23,23,26,99.2843029815472,18125,105.0,63.0,27,3.7037037037037033
1782217643.6214464,508,506,23,23,25,99.2843029815472,18125,105.0,63.0,27,7.4074074074074066
1782217643.721816,508,506,23,23,25,99.2843029815472,18125,105.0,63.0,27,7.4074074074074066
1782217643.8221653,508,506,23,23,25,99.2843029815472,18125,105.0,63.0,27,7.4074074074074066
1782217643.921534,507,507,22,22,26,99.2843029815472,18125,105.0,63.0,27,3.7037037037037033
1782217644.0218096,507,506,22,22,25,99.27275252569095,18125,105.0,63.0,27,7.4074074074074066
1782217644.1224124,507,506,22,22,25,99.3325005201833,18125,105.0,63.0,27,7.4074074074074066
1782217644.2216196,509,506,24,24,25,99.29762308314315,18125,105.0,63.0,27,7.4074074074074066
1782217644.3220131,508,507,23,23,26,99.31281572906373,18125,105.0,63.0,27,3.7037037037037033
1782217644.422359,509,506,24,24,25,99.3,18125,105.0,63.0,27,7.4074074074074066
1782217644.5216382,507,509,22,22,28,99.2819780257154,18125,105.0,63.0,27,0
1782217644.622022,509,506,24,24,25,99.25389902381335,18125,105.0,63.0,27,7.4074074074074066
1782217644.7223742,509,506,24,24,25,99.24796572182143,18125,105.0,63.0,27,7.4074074074074066
1782217644.8216457,508,509,23,23,28,99.24796572182143,18125,105.0,63.0,27,0
1782217644.9218917,508,506,23,23,25,99.26970325665978,18125,105.0,63.0,27,7.4074074074074066
1782217645.0207736,508,508,23,23,27,99.26970325665978,18125,105.0,63.0,27,0
1782217645.1211197,509,505,24,24,24,99.24796572182143,18125,105.0,63.0,27,11.11111111111111
1782217645.2214875,508,506,23,23,25,99.34256390255614,18125,105.0,63.0,27,7.4074074074074066
1782217645.3208349,508,506,23,23,25,99.34256390255614,18125,105.0,63.0,27,7.4074074074074066
1782217645.421159,508,507,23,23,26,99.37106792452956,18125,105.0,63.0,27,3.7037037037037033
1782217645.5215356,507,503,22,22,22,99.34935929013523,18125,105.0,63.0,27,18.51851851851852
1782217645.6208127,512,507,27,27,26,99.01737313513442,18125,105.0,63.0,27,3.7037037037037033
1782217645.7211666,509,506,24,24,25,99.02190661659192,18125,105.0,63.0,27,7.4074074074074066
1782217645.8220057,508,506,23,23,25,99.0431533270395,18125,105.0,63.0,27,7.4074074074074066
1782217645.9213104,508,507,23,23,26,99.0431533270395,18125,105.0,63.0,27,3.7037037037037033
1782217646.0215762,512,505,27,27,24,98.81866365688872,18125,105.0,63.0,27,11.11111111111111
1782217646.1221266,509,506,24,24,25,98.81256579129621,18125,105.0,63.0,27,7.4074074074074066
1782217646.2214758,509,507,24,24,26,98.80743041200012,18125,105.0,63.0,27,3.7037037037037033
1782217646.3218465,509,507,24,24,26,98.80324512859892,18125,105.0,63.0,27,3.7037037037037033
1782217646.4222815,509,506,24,24,25,98.82573900307943,18125,105.0,63.0,27,7.4074074074074066
1782217646.5214574,507,506,22,22,25,98.8,18125,105.0,63.0,27,7.4074074074074066
1782217646.621874,507,507,22,22,26,98.77570882185287,18125,105.0,63.0,27,3.7037037037037033
1782217646.7223208,508,505,23,23,24,98.77570882185287,18125,105.0,63.0,27,11.11111111111111
1782217646.8215158,511,506,26,26,25,98.69020781970744,18125,105.0,63.0,27,7.4074074074074066
1782217646.9218478,506,506,21,21,25,98.64148774184568,18125,105.0,63.0,27,7.4074074074074066
1782217647.0221512,507,506,22,22,25,98.64148774184568,18125,105.0,63.0,27,7.4074074074074066
1782217647.121289,512,506,27,27,25,98.5257770408336,18125,105.0,63.0,27,7.4074074074074066
1782217647.221625,508,506,23,23,25,98.52389401163437,18125,105.0,63.0,27,7.4074074074074066
1782217647.3220932,508,506,23,23,25,98.52389401163437,18125,105.0,63.0,27,7.4074074074074066
1782217647.421331,509,506,24,24,25,98.52389401163437,18125,105.0,63.0,27,7.4074074074074066
1782217647.5217931,507,506,22,22,25,98.52389401163437,18125,105.0,63.0,27,7.4074074074074066
1782217647.6220186,505,505,20,20,24,98.39410807060722,18125,105.0,63.0,27,11.11111111111111
1782217647.721338,507,506,22,22,25,98.3775875301816,18125,105.0,63.0,27,7.4074074074074066
1782217647.8216982,509,507,24,24,26,98.37519231907281,18125,105.0,63.0,27,3.7037037037037033
1782217647.922023,509,506,24,24,25,98.37348361349922,18125,105.0,63.0,27,7.4074074074074066
1782217648.0212958,508,506,23,23,25,98.37348361349922,18125,105.0,63.0,27,7.4074074074074066
1782217648.1216614,509,506,24,24,25,98.37348361349922,18125,105.0,63.0,27,7.4074074074074066
1782217648.2209744,508,506,23,23,25,98.37348361349922,18125,105.0,63.0,27,7.4074074074074066
1782217648.321464,508,505,23,23,24,98.37348361349922,18125,105.0,63.0,27,11.11111111111111
1782217648.4218233,507,506,22,22,25,98.35480497609959,18125,105.0,63.0,27,7.4074074074074066
1782217648.5210545,507,507,22,22,26,98.35480497609959,18125,105.0,63.0,27,3.7037037037037033
1782217648.6213803,508,506,23,23,25,98.49593144364287,18125,105.0,63.0,27,7.4074074074074066
1782217648.7216995,508,511,23,23,30,98.50148221380073,18125,105.0,63.0,28,0
1782217648.8210833,508,507,23,23,26,98.50148221380073,18125,105.0,63.0,28,7.142857142857142
1782217648.9214573,508,506,23,23,25,98.50148221380073,18125,105.0,63.0,28,10.714285714285714
1782217649.0217228,508,506,23,23,25,98.6746069765286,18125,105.0,63.0,28,10.714285714285714
1782217649.121148,507,505,22,22,24,98.67125790480036,18125,105.0,63.0,28,14.285714285714285
1782217649.2214527,507,507,22,22,26,98.67125790480036,18125,105.0,63.0,28,7.142857142857142
1782217649.3219156,508,506,23,23,25,98.68512780511226,18125,105.0,63.0,28,10.714285714285714
1782217649.4212115,509,507,24,24,26,98.68512780511226,18125,105.0,63.0,28,7.142857142857142
1782217649.5215607,508,506,23,23,25,98.69658568026553,18125,105.0,63.0,28,10.714285714285714
1782217649.621831,507,506,22,22,25,98.69658568026553,18125,105.0,63.0,28,10.714285714285714
1782217649.7211215,508,506,23,23,25,98.69658568026553,18125,105.0,63.0,28,10.714285714285714
1782217649.8215592,508,506,23,23,25,98.8243205274301,18125,105.0,63.0,28,10.714285714285714
1782217649.921907,507,506,22,22,25,98.86421833083995,18125,105.0,63.0,28,10.714285714285714
1782217650.021135,509,506,24,24,25,98.86031193351475,18125,105.0,63.0,28,10.714285714285714
1782217650.1215882,508,506,23,23,25,99.14041353611816,18125,105.0,63.0,28,10.714285714285714
1782217650.2219846,508,505,23,23,24,99.14041353611816,18125,105.0,63.0,28,14.285714285714285
1782217650.3213637,508,506,23,23,25,99.14041353611816,18125,105.0,63.0,28,10.714285714285714
1782217650.4217062,508,506,23,23,25,99.16733360021355,18125,105.0,63.0,28,10.714285714285714
1782217650.522075,507,506,22,22,25,99.16733360021355,18125,105.0,63.0,28,10.714285714285714
1782217650.6213799,508,505,23,23,24,99.34935929013523,18125,105.0,63.0,28,14.285714285714285
1782217650.7216733,508,507,23,23,26,99.37106792452956,18125,105.0,63.0,28,7.142857142857142
1782217650.8220704,507,506,22,22,25,99.38175876696695,18125,105.0,63.0,28,10.714285714285714
1782217650.921403,509,506,24,24,25,99.38175876696695,18125,105.0,63.0,28,10.714285714285714
1782217651.021698,507,506,22,22,25,99.36316756084857,18125,105.0,63.0,28,10.714285714285714
1782217651.1221974,508,506,23,23,25,99.4,18125,105.0,63.0,28,10.714285714285714
1782217651.2213848,508,506,23,23,25,99.4,18125,105.0,63.0,28,10.714285714285714
1782217651.3217514,507,507,22,22,26,99.38446048957935,18125,105.0,63.0,28,7.142857142857142
1782217651.4208767,508,505,23,23,24,99.4,18125,105.0,63.0,28,14.285714285714285
1782217651.5214272,508,506,23,23,25,99.41785836011424,18125,105.0,63.0,28,10.714285714285714
1782217651.6217992,507,507,22,22,26,99.4,18125,105.0,63.0,28,7.142857142857142
1782217651.7211049,508,507,23,23,26,99.4,18125,105.0,63.0,28,7.142857142857142
1782217651.821464,508,506,23,23,25,99.4,18125,105.0,63.0,28,10.714285714285714
1782217651.921717,508,507,23,23,26,99.4,18125,105.0,63.0,28,7.142857142857142
1782217652.0211406,508,506,23,23,25,99.4,18125,105.0,63.0,28,10.714285714285714
1782217652.1214256,508,506,23,23,25,99.41785836011424,18125,105.0,63.0,28,10.714285714285714
1782217652.2218611,509,506,24,24,25,99.40278423776104,18125,105.0,63.0,28,10.714285714285714
1782217652.321223,508,506,23,23,25,99.40278423776104,18125,105.0,63.0,28,10.714285714285714
1782217652.4208653,508,506,23,23,25,99.43825668178825,18125,105.0,63.0,28,10.714285714285714
1782217652.5212169,508,506,23,23,25,99.43825668178825,18125,105.0,63.0,28,10.714285714285714
1782217652.6205857,508,506,23,23,25,99.46148351928655,18125,105.0,63.0,28,10.714285714285714
1782217652.720899,508,505,23,23,24,99.46148351928655,18125,105.0,63.0,28,14.285714285714285
1782217652.8212404,507,506,22,22,25,99.43825668178825,18125,105.0,63.0,28,10.714285714285714
1782217652.9206023,507,506,22,22,25,99.43825668178825,18125,105.0,63.0,28,10.714285714285714
1782217653.0208685,507,506,22,22,25,99.45839743969094,18125,105.0,63.0,28,10.714285714285714
1782217653.121255,507,507,22,22,26,99.44123151285866,18125,105.0,63.0,28,7.142857142857142
1782217653.220605,508,506,23,23,25,99.44123151285866,18125,105.0,63.0,28,10.714285714285714
1782217653.3209124,508,507,23,23,26,99.44123151285866,18125,105.0,63.0,28,7.142857142857142
1782217653.4212418,507,506,22,22,25,99.42651164886382,18125,105.0,63.0,28,10.714285714285714
1782217653.5206156,508,506,23,23,25,99.44123151285866,18125,105.0,63.0,28,10.714285714285714
1782217653.6209102,509,506,24,24,25,99.4,18125,105.0,63.0,28,10.714285714285714
1782217653.7212882,508,506,23,23,25,99.4,18125,105.0,63.0,28,10.714285714285714
1782217653.8206122,509,506,24,24,25,99.38175876696695,18125,105.0,63.0,28,10.714285714285714
1782217653.9209533,508,505,23,23,24,99.41785836011424,18125,105.0,63.0,28,14.285714285714285
1782217654.0212812,507,505,22,22,24,99.41785836011424,18125,105.0,63.0,28,14.285714285714285
1782217654.1205883,508,506,23,23,25,99.41785836011424,18125,105.0,63.0,28,10.714285714285714
1782217654.2209702,507,506,22,22,25,99.4,18125,105.0,63.0,28,10.714285714285714
1782217654.3213031,508,506,23,23,25,99.41785836011424,18125,105.0,63.0,28,10.714285714285714
1782217654.4205992,509,506,24,24,25,99.38175876696695,18125,105.0,63.0,28,10.714285714285714
1782217654.5209835,508,506,23,23,25,99.38175876696695,18125,105.0,63.0,28,10.714285714285714
1782217654.620288,508,506,23,23,25,99.40278423776104,18125,105.0,63.0,28,10.714285714285714
1782217654.7206345,509,506,24,24,25,99.37106792452956,18125,105.0,63.0,28,10.714285714285714
1782217654.8209803,508,506,23,23,25,99.37106792452956,18125,105.0,63.0,28,10.714285714285714
1782217654.9203272,508,505,23,23,24,99.37106792452956,18125,105.0,63.0,28,14.285714285714285
1782217655.0206838,508,509,23,23,28,99.37106792452956,18125,105.0,63.0,28,0
1782217655.1209912,508,506,23,23,25,99.37106792452956,18125,105.0,63.0,28,10.714285714285714
1782217655.2203102,509,506,24,24,25,99.37106792452956,18125,105.0,63.0,28,10.714285714285714
1782217655.3206892,508,505,23,23,24,99.37106792452956,18125,105.0,63.0,28,14.285714285714285
1782217655.4210248,508,506,23,23,25,99.37106792452956,18125,105.0,63.0,28,10.714285714285714
1782217655.5203524,507,506,22,22,25,99.34935929013523,18125,105.0,63.0,28,10.714285714285714
1782217655.6207075,508,506,23,23,25,99.34935929013523,18125,105.0,63.0,28,10.714285714285714
1782217655.721003,508,506,23,23,25,99.34935929013523,18125,105.0,63.0,28,10.714285714285714
1782217655.8203702,507,507,22,22,26,99.34935929013523,18125,105.0,63.0,28,7.142857142857142
1782217655.9207346,508,507,23,23,26,99.37106792452956,18125,105.0,63.0,28,7.142857142857142
1782217656.0210867,508,506,23,23,25,99.39538809509277,18125,105.0,63.0,28,10.714285714285714
1782217656.1204078,509,506,24,24,25,99.39538809509277,18125,105.0,63.0,28,10.714285714285714
1782217656.220771,507,506,22,22,25,99.36754446796633,18125,105.0,63.0,28,10.714285714285714
1782217656.321088,507,506,22,22,25,99.34256390255614,18125,105.0,63.0,28,10.714285714285714
1782217656.4204035,508,506,23,23,25,99.36754446796633,18125,105.0,63.0,28,10.714285714285714
1782217656.5207758,508,506,23,23,25,99.36754446796633,18125,105.0,63.0,28,10.714285714285714
1782217656.6211336,508,506,23,23,25,99.39538809509277,18125,105.0,63.0,28,10.714285714285714
1782217656.7204366,507,507,22,22,26,99.37106792452956,18125,105.0,63.0,28,7.142857142857142
1782217656.8207724,508,506,23,23,25,99.40278423776104,18125,105.0,63.0,28,10.714285714285714
1782217656.9211292,508,506,23,23,25,99.40278423776104,18125,105.0,63.0,28,10.714285714285714
1782217657.0210447,508,507,23,23,26,99.42651164886382,18125,105.0,63.0,28,7.142857142857142
1782217657.1212378,507,507,22,22,26,99.40278423776104,18125,105.0,63.0,28,7.142857142857142
1782217657.2215269,508,506,23,23,25,99.42651164886382,18125,105.0,63.0,28,10.714285714285714
1782217657.3208933,508,506,23,23,25,99.42651164886382,18125,105.0,63.0,28,10.714285714285714
1782217657.4212887,509,506,24,24,25,99.42651164886382,18125,105.0,63.0,28,10.714285714285714
1782217657.5215511,508,506,23,23,25,99.42651164886382,18125,105.0,63.0,28,10.714285714285714
1782217657.6209247,508,506,23,23,25,99.42651164886382,18125,105.0,63.0,28,10.714285714285714
1782217657.7212682,507,506,22,22,25,99.43825668178825,18125,105.0,63.0,28,10.714285714285714
1782217657.820674,511,506,26,26,25,99.20487597054156,18125,105.0,63.0,28,10.714285714285714
1782217657.9210308,507,506,22,22,25,99.18622962561776,18125,105.0,63.0,28,10.714285714285714
1782217658.0213006,509,507,24,24,26,99.1640042530677,18125,105.0,63.0,28,7.142857142857142
1782217658.120509,509,506,24,24,25,99.14365116142233,18125,105.0,63.0,28,10.714285714285714
1782217658.2209587,508,506,23,23,25,99.1640042530677,18125,105.0,63.0,28,10.714285714285714
1782217658.3213758,507,507,22,22,26,99.14625010167562,18125,105.0,63.0,28,7.142857142857142
1782217658.4206629,507,507,22,22,26,99.13013410995335,18125,105.0,63.0,28,7.142857142857142
1782217658.5210714,508,507,23,23,26,99.14625010167562,18125,105.0,63.0,28,7.142857142857142
1782217658.621353,508,506,23,23,25,99.14625010167562,18125,105.0,63.0,28,10.714285714285714
1782217658.7206237,508,505,23,23,24,99.14625010167562,18125,105.0,63.0,28,14.285714285714285
1782217658.8210554,509,506,24,24,25,99.14365116142233,18125,105.0,63.0,28,10.714285714285714
1782217658.921277,507,506,22,22,25,99.12503968343955,18125,105.0,63.0,28,10.714285714285714
1782217659.0206969,509,506,24,24,25,99.10557280900008,18125,105.0,63.0,28,10.714285714285714
1782217659.1210701,509,506,24,24,25,99.10557280900008,18125,105.0,63.0,28,10.714285714285714
1782217659.2213643,508,506,23,23,25,99.12503968343955,18125,105.0,63.0,28,10.714285714285714
1782217659.3206577,508,506,23,23,25,99.14625010167562,18125,105.0,63.0,28,10.714285714285714
1782217659.4210148,508,506,23,23,25,99.14625010167562,18125,105.0,63.0,28,10.714285714285714
1782217659.5213788,508,506,23,23,25,99.14625010167562,18125,105.0,63.0,28,10.714285714285714
1782217659.620608,508,506,23,23,25,99.14625010167562,18125,105.0,63.0,28,10.714285714285714
1782217659.7210524,508,506,23,23,25,99.1693376137082,18125,105.0,63.0,28,10.714285714285714
1782217659.820939,508,505,23,23,24,99.1693376137082,18125,105.0,63.0,28,14.285714285714285
1782217659.9202497,508,506,23,23,25,99.1693376137082,18125,105.0,63.0,28,10.714285714285714
1782217660.0205922,509,506,24,24,25,99.1540948306367,18125,105.0,63.0,28,10.714285714285714
1782217660.1209378,509,506,24,24,25,99.16733360021355,18125,105.0,63.0,28,10.714285714285714
1782217660.2202542,507,506,22,22,25,99.14041353611816,18125,105.0,63.0,28,10.714285714285714
1782217660.3206036,507,506,22,22,25,99.1155667225719,18125,105.0,63.0,28,10.714285714285714
1782217660.4209936,508,506,23,23,25,99.13013410995335,18125,105.0,63.0,28,10.714285714285714
1782217660.5203137,508,506,23,23,25,99.13013410995335,18125,105.0,63.0,28,10.714285714285714
1782217660.6206684,508,506,23,23,25,99.13013410995335,18125,105.0,63.0,28,10.714285714285714
1782217660.720974,507,506,22,22,25,99.13013410995335,18125,105.0,63.0,28,10.714285714285714
1782217660.8203084,507,506,22,22,25,99.29367932998609,18125,105.0,63.0,28,10.714285714285714
1782217660.9206672,508,506,23,23,25,99.31686994893603,18125,105.0,63.0,28,10.714285714285714
1782217661.0204828,509,506,24,24,25,99.31686994893603,18125,105.0,63.0,28,10.714285714285714
1782217661.1208513,507,506,22,22,25,99.32013073152096,18125,105.0,63.0,28,10.714285714285714
1782217661.2211032,507,506,22,22,25,99.3,18125,105.0,63.0,28,10.714285714285714
1782217661.3206313,509,507,24,24,26,99.29367932998609,18125,105.0,63.0,28,7.142857142857142
1782217661.420745,509,506,24,24,25,99.29367932998609,18125,105.0,63.0,28,10.714285714285714
1782217661.521146,507,506,22,22,25,99.26970325665978,18125,105.0,63.0,28,10.714285714285714
1782217661.620473,507,506,22,22,25,99.24796572182143,18125,105.0,63.0,28,10.714285714285714
1782217661.7209873,508,506,23,23,25,99.24796572182143,18125,105.0,63.0,28,10.714285714285714
1782217661.821276,508,506,23,23,25,99.27275252569095,18125,105.0,63.0,28,10.714285714285714
1782217661.920624,509,507,24,24,26,99.26970325665978,18125,105.0,63.0,28,7.142857142857142
1782217662.020987,508,505,23,23,24,99.29367932998609,18125,105.0,63.0,28,14.285714285714285
1782217662.1213405,508,505,23,23,24,99.32013073152096,18125,105.0,63.0,28,14.285714285714285
1782217662.220113,508,506,23,23,25,99.32013073152096,18125,105.0,63.0,28,10.714285714285714
1782217662.3205795,508,506,23,23,25,99.32013073152096,18125,105.0,63.0,28,10.714285714285714
1782217662.420748,508,507,23,23,26,99.32013073152096,18125,105.0,63.0,28,7.142857142857142
1782217662.5201027,508,506,23,23,25,99.32013073152096,18125,105.0,63.0,28,10.714285714285714
1782217662.6204176,508,506,23,23,25,99.32013073152096,18125,105.0,63.0,28,10.714285714285714
1782217662.7213225,507,507,22,22,26,99.3,18125,105.0,63.0,28,7.142857142857142
1782217662.820671,507,506,22,22,25,99.2819780257154,18125,105.0,63.0,28,10.714285714285714
1782217662.9209905,509,505,24,24,24,99.25389902381335,18125,105.0,63.0,28,14.285714285714285
1782217663.0213165,508,505,23,23,24,99.2819780257154,18125,105.0,63.0,28,14.285714285714285
1782217663.120601,509,506,24,24,25,99.2819780257154,18125,105.0,63.0,28,10.714285714285714
1782217663.221041,508,506,23,23,25,99.3,18125,105.0,63.0,28,10.714285714285714
1782217663.3212895,507,506,22,22,25,99.3,18125,105.0,63.0,28,10.714285714285714
1782217663.4206257,508,506,23,23,25,99.3,18125,105.0,63.0,28,10.714285714285714
1782217663.5210333,508,506,23,23,25,99.3,18125,105.0,63.0,28,10.714285714285714
1782217663.621354,508,507,23,23,26,99.3,18125,105.0,63.0,28,7.142857142857142
1782217663.7206364,508,507,23,23,26,99.32013073152096,18125,105.0,63.0,28,7.142857142857142
1782217663.8211174,508,507,23,23,26,99.34256390255614,18125,105.0,63.0,28,7.142857142857142
1782217663.9212632,507,507,22,22,26,99.32013073152096,18125,105.0,63.0,28,7.142857142857142
1782217664.0206285,507,506,22,22,25,99.33000829192527,18125,105.0,63.0,28,10.714285714285714
1782217664.1211767,507,507,22,22,26,99.33000829192527,18125,105.0,63.0,28,7.142857142857142
1782217664.2202582,508,507,23,23,26,99.34935929013523,18125,105.0,63.0,28,7.142857142857142
1782217664.320708,508,506,23,23,25,99.38175876696695,18125,105.0,63.0,28,10.714285714285714
1782217664.4210844,508,505,23,23,24,99.41785836011424,18125,105.0,63.0,28,14.285714285714285
1782217664.5203469,508,506,23,23,25,99.43825668178825,18125,105.0,63.0,28,10.714285714285714
1782217664.6206872,509,506,24,24,25,99.42651164886382,18125,105.0,63.0,28,10.714285714285714
1782217664.7210424,509,506,24,24,25,99.39538809509277,18125,105.0,63.0,28,10.714285714285714
1782217664.8203287,508,506,23,23,25,99.39538809509277,18125,105.0,63.0,28,10.714285714285714
1782217664.9206457,508,502,23,23,21,99.42651164886382,18125,105.0,63.0,28,25.0
1782217665.0210564,507,506,22,22,25,99.40278423776104,18125,105.0,63.0,28,10.714285714285714
1782217665.12026,508,509,23,23,28,99.40278423776104,18125,105.0,63.0,28,0
1782217665.2207234,507,506,22,22,25,99.38175876696695,18125,105.0,63.0,28,10.714285714285714
1782217665.3209639,507,507,22,22,26,99.36316756084857,18125,105.0,63.0,28,7.142857142857142
1782217665.420264,508,511,23,23,30,99.36316756084857,18125,105.0,63.0,28,0
1782217665.520627,509,506,24,24,25,99.33000829192527,18125,105.0,63.0,28,10.714285714285714
1782217665.620959,508,506,23,23,25,99.33000829192527,18125,105.0,63.0,28,10.714285714285714
1782217665.7203267,508,506,23,23,25,99.34935929013523,18125,105.0,63.0,28,10.714285714285714
1782217665.8206584,509,507,24,24,26,99.34256390255614,18125,105.0,63.0,28,7.142857142857142
1782217665.9210017,508,506,23,23,25,99.37106792452956,18125,105.0,63.0,28,10.714285714285714
1782217666.0203102,508,506,23,23,25,99.37106792452956,18125,105.0,63.0,28,10.714285714285714
1782217666.120663,508,506,23,23,25,99.40278423776104,18125,105.0,63.0,28,10.714285714285714
1782217666.221028,508,506,23,23,25,99.40278423776104,18125,105.0,63.0,28,10.714285714285714
1782217666.3203673,508,504,23,23,23,99.42651164886382,18125,105.0,63.0,28,17.857142857142858
1782217666.4206672,508,503,23,23,22,99.42651164886382,18125,105.0,63.0,28,21.428571428571427
1782217666.5210934,509,507,24,24,26,99.39538809509277,18125,105.0,63.0,28,7.142857142857142
1782217666.6204894,508,506,23,23,25,99.39538809509277,18125,105.0,63.0,28,10.714285714285714
1782217666.7207022,507,506,22,22,25,99.37106792452956,18125,105.0,63.0,28,10.714285714285714
1782217666.8211582,507,506,22,22,25,99.34935929013523,18125,105.0,63.0,28,10.714285714285714
1782217666.920435,509,507,24,24,26,99.34256390255614,18125,105.0,63.0,28,7.142857142857142
1782217667.020753,508,507,23,23,26,99.36754446796633,18125,105.0,63.0,28,7.142857142857142
1782217667.1211066,509,506,24,24,25,99.37106792452956,18125,105.0,63.0,28,10.714285714285714
1782217667.2203834,508,505,23,23,24,99.37106792452956,18125,105.0,63.0,28,14.285714285714285
1782217667.3209724,508,508,23,23,27,99.37106792452956,18125,105.0,63.0,28,3.571428571428571
1782217667.420258,508,506,23,23,25,99.37106792452956,18125,105.0,63.0,28,10.714285714285714
1782217667.5206084,508,506,23,23,25,99.37106792452956,18125,105.0,63.0,28,10.714285714285714
1782217667.620972,507,506,22,22,25,99.36754446796633,18125,105.0,63.0,28,10.714285714285714
1782217667.7200434,507,507,22,22,26,99.37106792452956,18125,105.0,63.0,28,7.142857142857142
1782217667.8206098,507,506,22,22,25,99.34935929013523,18125,105.0,63.0,28,10.714285714285714
1782217667.9208314,508,506,23,23,25,99.34935929013523,18125,105.0,63.0,28,10.714285714285714
1782217668.0203378,508,505,23,23,24,99.37106792452956,18125,105.0,63.0,28,14.285714285714285
1782217668.1204405,507,506,22,22,25,99.34935929013523,18125,105.0,63.0,28,10.714285714285714
1782217668.2207518,508,506,23,23,25,99.37106792452956,18125,105.0,63.0,28,10.714285714285714
1782217668.320116,508,506,23,23,25,99.39538809509277,18125,105.0,63.0,28,10.714285714285714
1782217668.4205327,508,506,23,23,25,99.39538809509277,18125,105.0,63.0,28,10.714285714285714
1782217668.5208127,508,506,23,23,25,99.42651164886382,18125,105.0,63.0,28,10.714285714285714
1782217668.620102,507,506,22,22,25,99.40278423776104,18125,105.0,63.0,28,10.714285714285714
1782217668.7205484,508,506,23,23,25,99.40278423776104,18125,105.0,63.0,28,10.714285714285714
1782217668.8208494,509,505,24,24,24,99.40278423776104,18125,105.0,63.0,28,14.285714285714285
1782217668.9200752,509,506,24,24,25,99.37106792452956,18125,105.0,63.0,28,10.714285714285714
1782217669.0204911,509,507,24,24,26,99.34256390255614,18125,105.0,63.0,28,7.142857142857142
1782217669.1208978,508,506,23,23,25,99.34256390255614,18125,105.0,63.0,28,10.714285714285714
1782217669.2201657,509,506,24,24,25,99.31686994893603,18125,105.0,63.0,28,10.714285714285714
1782217669.320743,508,506,23,23,25,99.31686994893603,18125,105.0,63.0,28,10.714285714285714
1782217669.4211369,507,506,22,22,25,99.29367932998609,18125,105.0,63.0,28,10.714285714285714
1782217669.5203054,508,506,23,23,25,99.32013073152096,18125,105.0,63.0,28,10.714285714285714
1782217669.6206026,508,506,23,23,25,99.32013073152096,18125,105.0,63.0,28,10.714285714285714
1782217669.720927,508,507,23,23,26,99.34256390255614,18125,105.0,63.0,28,7.142857142857142
1782217669.8201857,507,506,22,22,25,99.34256390255614,18125,105.0,63.0,28,10.714285714285714
1782217669.9206378,507,506,22,22,25,99.34935929013523,18125,105.0,63.0,28,10.714285714285714
1782217670.0209098,509,505,24,24,24,99.32013073152096,18125,105.0,63.0,28,14.285714285714285
1782217670.12034,508,506,23,23,25,99.34935929013523,18125,105.0,63.0,28,10.714285714285714
1782217670.2207341,509,507,24,24,26,99.32013073152096,18125,105.0,63.0,28,7.142857142857142
1782217670.3211844,508,506,23,23,25,99.32013073152096,18125,105.0,63.0,28,10.714285714285714
1782217670.420417,508,507,23,23,26,99.32013073152096,18125,105.0,63.0,28,7.142857142857142
1782217670.5207388,508,506,23,23,25,99.32013073152096,18125,105.0,63.0,28,10.714285714285714
1782217670.6200922,509,506,24,24,25,99.31686994893603,18125,105.0,63.0,28,10.714285714285714
1782217670.720296,509,506,24,24,25,99.32013073152096,18125,105.0,63.0,28,10.714285714285714
1782217670.8206172,509,506,24,24,25,99.33000829192527,18125,105.0,63.0,28,10.714285714285714
1782217670.920205,508,506,23,23,25,99.33000829192527,18125,105.0,63.0,28,10.714285714285714
1782217671.020406,507,507,22,22,26,99.3,18125,105.0,63.0,28,7.142857142857142
1782217671.1206539,509,506,24,24,25,99.31281572906373,18125,105.0,63.0,28,10.714285714285714
1782217671.2201993,508,506,23,23,25,99.31281572906373,18125,105.0,63.0,28,10.714285714285714
1782217671.3204854,508,507,23,23,26,99.31281572906373,18125,105.0,63.0,28,7.142857142857142
1782217671.4206314,507,507,22,22,26,99.2819780257154,18125,105.0,63.0,28,7.142857142857142
1782217671.519985,509,506,24,24,25,99.26590948181516,18125,105.0,63.0,28,10.714285714285714
1782217671.6202896,508,506,23,23,25,99.29762308314315,18125,105.0,63.0,28,10.714285714285714
1782217671.7207344,508,506,23,23,25,99.29762308314315,18125,105.0,63.0,28,10.714285714285714
1782217671.8199282,508,506,23,23,25,99.31281572906373,18125,105.0,63.0,28,10.714285714285714
1782217671.9201887,508,506,23,23,25,99.33000829192527,18125,105.0,63.0,28,10.714285714285714
1782217672.0204906,508,506,23,23,25,99.34935929013523,18125,105.0,63.0,28,10.714285714285714
1782217672.1195447,509,507,24,24,26,99.33000829192527,18125,105.0,63.0,28,7.142857142857142
1782217672.2199802,507,506,22,22,25,99.32013073152096,18125,105.0,63.0,28,10.714285714285714
1782217672.320308,509,507,24,24,26,99.3,18125,105.0,63.0,28,7.142857142857142
1782217672.4196665,508,506,23,23,25,99.33000829192527,18125,105.0,63.0,28,10.714285714285714
1782217672.519994,508,506,23,23,25,99.33000829192527,18125,105.0,63.0,28,10.714285714285714
1782217672.6203544,509,506,24,24,25,99.31281572906373,18125,105.0,63.0,28,10.714285714285714
1782217672.7196922,508,507,23,23,26,99.31281572906373,18125,105.0,63.0,28,7.142857142857142
1782217672.819993,507,506,22,22,25,99.31281572906373,18125,105.0,63.0,28,10.714285714285714
1782217672.9203653,508,506,23,23,25,99.34680273525782,18125,105.0,63.0,28,10.714285714285714
1782217673.019656,508,506,23,23,25,99.36316756084857,18125,105.0,63.0,28,10.714285714285714
1782217673.1200123,508,507,23,23,26,99.36316756084857,18125,105.0,63.0,28,7.142857142857142
1782217673.2203681,508,506,23,23,25,99.38175876696695,18125,105.0,63.0,28,10.714285714285714
1782217673.3196788,508,506,23,23,25,99.38175876696695,18125,105.0,63.0,28,10.714285714285714
1782217673.4200442,508,506,23,23,25,99.38175876696695,18125,105.0,63.0,28,10.714285714285714
1782217673.5203788,507,506,22,22,25,99.34935929013523,18125,105.0,63.0,28,10.714285714285714
1782217673.6197264,509,507,24,24,26,99.34935929013523,18125,105.0,63.0,28,7.142857142857142
1782217673.720091,509,506,24,24,25,99.34935929013523,18125,105.0,63.0,28,10.714285714285714
1782217673.819352,509,506,24,24,25,99.34935929013523,18125,105.0,63.0,28,10.714285714285714
1782217673.9199061,507,506,22,22,25,99.32013073152096,18125,105.0,63.0,28,10.714285714285714
1782217674.020469,508,507,23,23,26,99.34935929013523,18125,105.0,63.0,28,7.142857142857142
1782217674.1197152,509,506,24,24,25,99.34935929013523,18125,105.0,63.0,28,10.714285714285714
1782217674.2201304,507,506,22,22,25,99.32013073152096,18125,105.0,63.0,28,10.714285714285714
1782217674.3205817,507,506,22,22,25,99.29367932998609,18125,105.0,63.0,28,10.714285714285714
1782217674.4198115,509,506,24,24,25,99.3,18125,105.0,63.0,28,10.714285714285714
1782217674.520119,507,506,22,22,25,99.29367932998609,18125,105.0,63.0,28,10.714285714285714
1782217674.6204326,508,506,23,23,25,99.29367932998609,18125,105.0,63.0,28,10.714285714285714
1782217674.719355,509,506,24,24,25,99.27275252569095,18125,105.0,63.0,28,10.714285714285714
1782217674.819748,509,507,24,24,26,99.25389902381335,18125,105.0,63.0,28,7.142857142857142
1782217674.9200795,508,506,23,23,25,99.25389902381335,18125,105.0,63.0,28,10.714285714285714
1782217675.0194604,509,506,24,24,25,99.23696512384936,18125,105.0,63.0,28,10.714285714285714
1782217675.1197283,508,506,23,23,25,99.25389902381335,18125,105.0,63.0,28,10.714285714285714
1782217675.2201042,507,506,22,22,25,99.25389902381335,18125,105.0,63.0,28,10.714285714285714
1782217675.3194747,508,506,23,23,25,99.27275252569095,18125,105.0,63.0,28,10.714285714285714
1782217675.4197814,508,507,23,23,26,99.27275252569095,18125,105.0,63.0,28,7.142857142857142
1782217675.520114,508,506,23,23,25,99.27275252569095,18125,105.0,63.0,28,10.714285714285714
1782217675.619511,508,506,23,23,25,99.29367932998609,18125,105.0,63.0,28,10.714285714285714
1782217675.7197876,510,507,25,25,26,99.2104853811782,18125,105.0,63.0,28,7.142857142857142
1782217675.8201272,508,506,23,23,25,99.23696512384936,18125,105.0,63.0,28,10.714285714285714
1782217675.9198647,509,506,24,24,25,99.22182549800475,18125,105.0,63.0,28,10.714285714285714
1782217676.0203025,507,507,22,22,26,99.19446360176036,18125,105.0,63.0,28,7.142857142857142
1782217676.1206176,509,506,24,24,25,99.18010840825008,18125,105.0,63.0,28,10.714285714285714
1782217676.2201536,508,507,23,23,26,99.18010840825008,18125,105.0,63.0,28,7.142857142857142
1782217676.3204358,508,507,23,23,26,99.18010840825008,18125,105.0,63.0,28,7.142857142857142
1782217676.4203687,509,506,24,24,25,99.16733360021355,18125,105.0,63.0,28,10.714285714285714
1782217676.5197926,507,506,22,22,25,99.16733360021355,18125,105.0,63.0,28,10.714285714285714
1782217676.6202655,509,506,24,24,25,99.16733360021355,18125,105.0,63.0,28,10.714285714285714
1782217676.7205343,510,506,25,25,25,99.11745318034176,18125,105.0,63.0,28,10.714285714285714
1782217676.8197742,508,506,23,23,25,99.12822021129186,18125,105.0,63.0,28,10.714285714285714
1782217676.9202807,508,506,23,23,25,99.15606740658852,18125,105.0,63.0,28,10.714285714285714
1782217677.0196226,508,507,23,23,26,99.15606740658852,18125,105.0,63.0,28,7.142857142857142
1782217677.1199543,509,504,24,24,23,99.15606740658852,18125,105.0,63.0,28,17.857142857142858
1782217677.220144,510,507,25,25,26,99.13077301263965,18125,105.0,63.0,28,7.142857142857142
1782217677.3194172,509,506,24,24,25,99.15936531913877,18125,105.0,63.0,28,10.714285714285714
1782217677.419951,510,506,25,25,25,99.11745318034176,18125,105.0,63.0,28,10.714285714285714
1782217677.5203185,509,505,24,24,24,99.15343832671998,18125,105.0,63.0,28,14.285714285714285
1782217677.6195943,507,506,22,22,25,99.1155667225719,18125,105.0,63.0,28,10.714285714285714
1782217677.7199423,508,507,23,23,26,99.11745318034176,18125,105.0,63.0,28,7.142857142857142
1782217677.8202953,508,506,23,23,25,99.12060626944847,18125,105.0,63.0,28,10.714285714285714
1782217677.9196632,508,507,23,23,26,99.12060626944847,18125,105.0,63.0,28,7.142857142857142
1782217678.0201035,508,505,23,23,24,99.12503968343955,18125,105.0,63.0,28,14.285714285714285
1782217678.1204283,508,506,23,23,25,99.12503968343955,18125,105.0,63.0,28,10.714285714285714
1782217678.2194784,507,506,22,22,25,99.12503968343955,18125,105.0,63.0,28,10.714285714285714
1782217678.3198173,517,506,32,32,25,98.2236116540701,18125,105.0,63.0,28,10.714285714285714
1782217678.4200253,515,506,30,30,25,97.89682779275368,18125,105.0,63.0,28,10.714285714285714
1782217678.5192804,517,506,32,32,25,97.45179801951781,18125,105.0,63.0,28,10.714285714285714
1782217678.6196332,516,506,31,31,25,97.18654028719878,18125,105.0,63.0,28,10.714285714285714
1782217678.7200382,516,506,31,31,25,96.95223214649,18125,105.0,63.0,28,10.714285714285714
1782217678.8193762,517,507,32,32,26,96.69865347337047,18125,105.0,63.0,28,7.142857142857142
1782217678.9197693,516,507,31,31,26,96.53205151902935,18125,105.0,63.0,28,7.142857142857142
1782217679.0202332,516,506,31,31,25,96.4339564407222,18125,105.0,63.0,28,10.714285714285714
1782217679.119499,517,506,32,32,25,96.261164768422,18125,105.0,63.0,28,10.714285714285714
1782217679.2198336,516,506,31,31,25,96.18351528818003,18125,105.0,63.0,28,10.714285714285714
1782217679.3201158,515,506,30,30,25,96.16217654276687,18125,105.0,63.0,28,10.714285714285714
1782217679.4195354,517,506,32,32,25,96.05256764184334,18125,105.0,63.0,28,10.714285714285714
1782217679.5199034,516,506,31,31,25,96.06652542626469,18125,105.0,63.0,28,10.714285714285714
1782217679.6202543,516,506,31,31,25,96.03403367527044,18125,105.0,63.0,28,10.714285714285714
1782217679.7195477,516,506,31,31,25,95.9922297692829,18125,105.0,63.0,28,10.714285714285714
1782217679.819811,515,506,30,30,25,96.04399191102951,18125,105.0,63.0,28,10.714285714285714
1782217679.9201047,516,507,31,31,26,96.08691653267884,18125,105.0,63.0,28,7.142857142857142
1782217680.0194952,517,505,32,32,24,96.11899211257924,18125,105.0,63.0,28,14.285714285714285
1782217680.1197839,516,506,31,31,25,96.16029515023182,18125,105.0,63.0,28,10.714285714285714
1782217680.2190654,517,507,32,32,26,96.15523443858767,18125,105.0,63.0,28,7.142857142857142
1782217680.319418,516,506,31,31,25,96.22567150932042,18125,105.0,63.0,28,10.714285714285714
1782217680.4198956,516,506,31,31,25,96.27187863812229,18125,105.0,63.0,28,10.714285714285714
1782217680.5193293,517,507,32,32,26,96.3514081864064,18125,105.0,63.0,28,7.142857142857142
1782217680.6196487,515,506,30,30,25,96.60637853220683,18125,105.0,63.0,28,10.714285714285714
1782217680.720068,516,507,31,31,26,96.82002795260364,18125,105.0,63.0,28,7.142857142857142
1782217680.8193436,516,506,31,31,25,97.07330296143323,18125,105.0,63.0,28,10.714285714285714
1782217680.9196644,515,506,30,30,25,97.38041563941486,18125,105.0,63.0,28,10.714285714285714
1782217681.0199485,516,506,31,31,25,97.75302672715297,18125,105.0,63.0,28,10.714285714285714
1782217681.119171,516,505,31,31,24,98.24121253889695,18125,105.0,63.0,28,14.285714285714285
1782217681.2195823,515,506,30,30,25,99.32013073152096,18125,105.0,63.0,28,10.714285714285714
1782217681.3199153,517,506,32,32,25,99.32013073152096,18125,105.0,63.0,28,10.714285714285714
1782217681.4192188,517,505,32,32,24,99.33000829192527,18125,105.0,63.0,28,14.285714285714285
1782217681.519467,516,506,31,31,25,99.34935929013523,18125,105.0,63.0,28,10.714285714285714
1782217681.6199343,516,506,31,31,25,99.34935929013523,18125,105.0,63.0,28,10.714285714285714
1782217681.7192192,517,506,32,32,25,99.33000829192527,18125,105.0,63.0,28,10.714285714285714
1782217681.8196692,516,507,31,31,26,99.34935929013523,18125,105.0,63.0,28,7.142857142857142
1782217681.9199476,515,507,30,30,26,99.32013073152096,18125,105.0,63.0,28,7.142857142857142
1782217682.0193796,517,507,32,32,26,99.3,18125,105.0,63.0,28,7.142857142857142
1782217682.1195357,516,507,31,31,26,99.32013073152096,18125,105.0,63.0,28,7.142857142857142
1782217682.219775,516,506,31,31,25,99.32013073152096,18125,105.0,63.0,28,10.714285714285714
1782217682.3190906,515,506,30,30,25,99.32013073152096,18125,105.0,63.0,28,10.714285714285714
1782217682.4195256,515,507,30,30,26,99.31686994893603,18125,105.0,63.0,28,7.142857142857142
1782217682.5198069,516,506,31,31,25,99.31686994893603,18125,105.0,63.0,28,10.714285714285714
1782217682.6190996,517,506,32,32,25,99.29367932998609,18125,105.0,63.0,28,10.714285714285714
1782217682.7194264,516,507,31,31,26,99.29367932998609,18125,105.0,63.0,28,7.142857142857142
1782217682.8197694,516,506,31,31,25,99.32013073152096,18125,105.0,63.0,28,10.714285714285714
1782217682.9190772,516,506,31,31,25,99.32013073152096,18125,105.0,63.0,28,10.714285714285714
1782217683.0194154,516,506,31,31,25,99.34256390255614,18125,105.0,63.0,28,10.714285714285714
1782217683.1197727,517,506,32,32,25,99.32013073152096,18125,105.0,63.0,28,10.714285714285714
1782217683.2190773,517,506,32,32,25,99.32013073152096,18125,105.0,63.0,28,10.714285714285714
1782217683.3194544,515,506,30,30,25,99.29367932998609,18125,105.0,63.0,28,10.714285714285714
1782217683.418771,516,506,31,31,25,99.29367932998609,18125,105.0,63.0,28,10.714285714285714
1782217683.5191338,515,506,30,30,25,99.29367932998609,18125,105.0,63.0,28,10.714285714285714
1782217683.6194177,515,506,30,30,25,99.29367932998609,18125,105.0,63.0,28,10.714285714285714
1782217683.718786,516,505,31,31,24,99.29367932998609,18125,105.0,63.0,28,14.285714285714285
1782217683.8192685,517,506,32,32,25,99.26970325665978,18125,105.0,63.0,28,10.714285714285714
1782217683.9194608,516,506,31,31,25,99.29367932998609,18125,105.0,63.0,28,10.714285714285714
1782217684.0187542,516,506,31,31,25,99.29367932998609,18125,105.0,63.0,28,10.714285714285714
1782217684.1192176,517,506,32,32,25,99.27275252569095,18125,105.0,63.0,28,10.714285714285714
1782217684.219746,515,506,30,30,25,99.27275252569095,18125,105.0,63.0,28,10.714285714285714
1782217684.3189962,516,506,31,31,25,99.29367932998609,18125,105.0,63.0,28,10.714285714285714
1782217684.4194107,516,506,31,31,25,99.31686994893603,18125,105.0,63.0,28,10.714285714285714
1782217684.5196831,516,505,31,31,24,99.31686994893603,18125,105.0,63.0,28,14.285714285714285
1782217684.619113,517,505,32,32,24,99.29367932998609,18125,105.0,63.0,28,14.285714285714285
1782217684.719362,516,506,31,31,25,99.31686994893603,18125,105.0,63.0,28,10.714285714285714
1782217684.8197134,516,506,31,31,25,99.31686994893603,18125,105.0,63.0,28,10.714285714285714
1782217684.9189818,515,506,30,30,25,99.31686994893603,18125,105.0,63.0,28,10.714285714285714
1782217685.0193517,516,506,31,31,25,99.34256390255614,18125,105.0,63.0,28,10.714285714285714
1782217685.1196594,515,506,30,30,25,99.32013073152096,18125,105.0,63.0,28,10.714285714285714
1782217685.2189963,516,507,31,31,26,99.32013073152096,18125,105.0,63.0,28,7.142857142857142
1782217685.3193266,515,506,30,30,25,99.32013073152096,18125,105.0,63.0,28,10.714285714285714
1782217685.419701,515,506,30,30,25,99.32013073152096,18125,105.0,63.0,28,10.714285714285714
1782217685.519042,517,506,32,32,25,99.29367932998609,18125,105.0,63.0,28,10.714285714285714
1782217685.6194093,516,506,31,31,25,99.32013073152096,18125,105.0,63.0,28,10.714285714285714
1782217685.7196672,516,507,31,31,26,99.32013073152096,18125,105.0,63.0,28,7.142857142857142
1782217685.819033,516,506,31,31,25,99.32013073152096,18125,105.0,63.0,28,10.714285714285714
1782217685.9194174,517,506,32,32,25,99.29367932998609,18125,105.0,63.0,28,10.714285714285714
1782217686.0198147,516,506,31,31,25,99.29367932998609,18125,105.0,63.0,28,10.714285714285714
1782217686.119172,516,506,31,31,25,99.32013073152096,18125,105.0,63.0,28,10.714285714285714
1782217686.219548,516,506,31,31,25,99.34935929013523,18125,105.0,63.0,28,10.714285714285714
1782217686.3197608,515,506,30,30,25,99.34935929013523,18125,105.0,63.0,28,10.714285714285714
1782217686.4190977,517,505,32,32,24,99.32013073152096,18125,105.0,63.0,28,14.285714285714285
1782217686.5195045,516,506,31,31,25,99.34256390255614,18125,105.0,63.0,28,10.714285714285714
1782217686.6188505,517,505,32,32,24,99.34256390255614,18125,105.0,63.0,28,14.285714285714285
1782217686.719106,515,507,30,30,26,99.31686994893603,18125,105.0,63.0,28,7.142857142857142
1782217686.8194277,516,506,31,31,25,99.34256390255614,18125,105.0,63.0,28,10.714285714285714
1782217686.9188566,516,506,31,31,25,99.34256390255614,18125,105.0,63.0,28,10.714285714285714
1782217687.0193172,516,506,31,31,25,99.34256390255614,18125,105.0,63.0,28,10.714285714285714
1782217687.1196342,516,505,31,31,24,99.37106792452956,18125,105.0,63.0,28,14.285714285714285
1782217687.219036,517,506,32,32,25,99.36754446796633,18125,105.0,63.0,28,10.714285714285714
1782217687.319218,516,507,31,31,26,99.36754446796633,18125,105.0,63.0,28,7.142857142857142
1782217687.4196057,516,506,31,31,25,99.36754446796633,18125,105.0,63.0,28,10.714285714285714
1782217687.5190346,515,505,30,30,24,99.34256390255614,18125,105.0,63.0,28,14.285714285714285
1782217687.619319,517,507,32,32,26,99.34256390255614,18125,105.0,63.0,28,7.142857142857142
1782217687.719682,516,506,31,31,25,99.34256390255614,18125,105.0,63.0,28,10.714285714285714
1782217687.8190293,516,506,31,31,25,99.34256390255614,18125,105.0,63.0,28,10.714285714285714
1782217687.9193506,516,506,31,31,25,99.36754446796633,18125,105.0,63.0,28,10.714285714285714
1782217688.0196087,516,507,31,31,26,99.36754446796633,18125,105.0,63.0,28,7.142857142857142
1782217688.119114,516,506,31,31,25,99.39538809509277,18125,105.0,63.0,28,10.714285714285714
1782217688.2193298,517,506,32,32,25,99.37106792452956,18125,105.0,63.0,28,10.714285714285714
1782217688.3197606,517,506,32,32,25,99.38175876696695,18125,105.0,63.0,28,10.714285714285714
1782217688.4190252,516,506,31,31,25,99.41785836011424,18125,105.0,63.0,28,10.714285714285714
1782217688.5192084,516,506,31,31,25,99.43825668178825,18125,105.0,63.0,28,10.714285714285714
1782217688.6196458,516,506,31,31,25,99.43825668178825,18125,105.0,63.0,28,10.714285714285714
1782217688.7189863,516,506,31,31,25,99.43825668178825,18125,105.0,63.0,28,10.714285714285714
1782217688.8192947,516,507,31,31,26,99.43825668178825,18125,105.0,63.0,28,7.142857142857142
1782217688.9195216,516,506,31,31,25,99.46148351928655,18125,105.0,63.0,28,10.714285714285714
1782217689.018912,516,506,31,31,25,99.46148351928655,18125,105.0,63.0,28,10.714285714285714
1782217689.1192777,517,506,32,32,25,99.43825668178825,18125,105.0,63.0,28,10.714285714285714
1782217689.219565,516,506,31,31,25,99.43825668178825,18125,105.0,63.0,28,10.714285714285714
1782217689.318961,517,506,32,32,25,99.45839743969094,18125,105.0,63.0,28,10.714285714285714
1782217689.4192827,516,506,31,31,25,99.47825080525006,18125,105.0,63.0,28,10.714285714285714
1782217689.5195787,515,506,30,30,25,99.43825668178825,18125,105.0,63.0,28,10.714285714285714
1782217689.618964,517,506,32,32,25,99.43825668178825,18125,105.0,63.0,28,10.714285714285714
1782217689.7188659,516,506,31,31,25,99.47825080525006,18125,105.0,63.0,28,10.714285714285714
1782217689.8181856,517,506,32,32,25,99.45839743969094,18125,105.0,63.0,28,10.714285714285714
1782217689.9185317,516,506,31,31,25,99.45839743969094,18125,105.0,63.0,28,10.714285714285714
1782217690.0188828,516,506,31,31,25,99.45839743969094,18125,105.0,63.0,28,10.714285714285714
1782217690.1182277,517,506,32,32,25,99.44123151285866,18125,105.0,63.0,28,10.714285714285714
1782217690.218585,516,505,31,31,24,99.45839743969094,18125,105.0,63.0,28,14.285714285714285
1782217690.318892,516,505,31,31,24,99.45839743969094,18125,105.0,63.0,28,14.285714285714285
1782217690.418224,517,506,32,32,25,99.44123151285866,18125,105.0,63.0,28,10.714285714285714
1782217690.5185735,517,506,32,32,25,99.47400887206469,18125,105.0,63.0,28,10.714285714285714
1782217690.6189532,516,506,31,31,25,99.48792361680876,18125,105.0,63.0,28,10.714285714285714
1782217690.7182271,516,506,31,31,25,99.48792361680876,18125,105.0,63.0,28,10.714285714285714
1782217690.8185937,516,507,31,31,26,99.48792361680876,18125,105.0,63.0,28,7.142857142857142
1782217690.9189453,516,506,31,31,25,99.48792361680876,18125,105.0,63.0,28,10.714285714285714
1782217691.0182693,517,506,32,32,25,99.47400887206469,18125,105.0,63.0,28,10.714285714285714
1782217691.1186314,515,505,30,30,24,99.42651164886382,18125,105.0,63.0,28,14.285714285714285
1782217691.2193203,516,507,31,31,26,99.44123151285866,18125,105.0,63.0,28,7.142857142857142
1782217691.3186326,517,506,32,32,25,99.44123151285866,18125,105.0,63.0,28,10.714285714285714
1782217691.4189048,516,506,31,31,25,99.44123151285866,18125,105.0,63.0,28,10.714285714285714
1782217691.5192492,515,506,30,30,25,99.4,18125,105.0,63.0,28,10.714285714285714
1782217691.6185875,515,506,30,30,25,99.36316756084857,18125,105.0,63.0,28,10.714285714285714
1782217691.718922,516,507,31,31,26,99.36316756084857,18125,105.0,63.0,28,7.142857142857142
1782217691.819211,516,507,31,31,26,99.36316756084857,18125,105.0,63.0,28,7.142857142857142
1782217691.9185736,516,507,31,31,26,99.36316756084857,18125,105.0,63.0,28,7.142857142857142
1782217692.0189211,516,506,31,31,25,99.36316756084857,18125,105.0,63.0,28,10.714285714285714
1782217692.1192465,516,506,31,31,25,99.38175876696695,18125,105.0,63.0,28,10.714285714285714
1782217692.218705,516,506,31,31,25,99.38175876696695,18125,105.0,63.0,28,10.714285714285714
1782217692.3189685,516,506,31,31,25,99.40278423776104,18125,105.0,63.0,28,10.714285714285714
1782217692.4192793,516,506,31,31,25,99.40278423776104,18125,105.0,63.0,28,10.714285714285714
1782217692.518586,517,505,32,32,24,99.41785836011424,18125,105.0,63.0,28,14.285714285714285
1782217692.6189842,516,506,31,31,25,99.43825668178825,18125,105.0,63.0,28,10.714285714285714
1782217692.7193594,516,507,31,31,26,99.43825668178825,18125,105.0,63.0,28,7.142857142857142
1782217692.8186817,516,506,31,31,25,99.46148351928655,18125,105.0,63.0,28,10.714285714285714
1782217692.9189243,516,505,31,31,24,99.46148351928655,18125,105.0,63.0,28,14.285714285714285
1782217693.0182679,517,506,32,32,25,99.43825668178825,18125,105.0,63.0,28,10.714285714285714
1782217693.1186562,516,507,31,31,26,99.46148351928655,18125,105.0,63.0,28,7.142857142857142
1782217693.218982,516,506,31,31,25,99.46148351928655,18125,105.0,63.0,28,10.714285714285714
1782217693.3183331,516,506,31,31,25,99.46148351928655,18125,105.0,63.0,28,10.714285714285714
1782217693.4187334,516,506,31,31,25,99.48792361680876,18125,105.0,63.0,28,10.714285714285714
1782217693.5190327,516,506,31,31,25,99.5181055901733,18125,105.0,63.0,28,10.714285714285714
1782217693.6183493,516,505,31,31,24,99.5181055901733,18125,105.0,63.0,28,14.285714285714285
1782217693.7187304,515,506,30,30,25,99.48360222050567,18125,105.0,63.0,28,10.714285714285714
1782217693.819048,516,507,31,31,26,99.48360222050567,18125,105.0,63.0,28,7.142857142857142
1782217693.918419,516,506,31,31,25,99.48360222050567,18125,105.0,63.0,28,10.714285714285714
1782217694.0188909,516,506,31,31,25,99.5181055901733,18125,105.0,63.0,28,10.714285714285714
1782217694.1190407,517,507,32,32,26,99.5181055901733,18125,105.0,63.0,28,7.142857142857142
1782217694.2184606,516,506,31,31,25,99.5181055901733,18125,105.0,63.0,28,10.714285714285714
1782217694.3188598,516,506,31,31,25,99.55278640450004,18125,105.0,63.0,28,10.714285714285714
1782217694.419155,516,506,31,31,25,99.55278640450004,18125,105.0,63.0,28,10.714285714285714
1782217694.5186307,516,506,31,31,25,99.59311481280888,18125,105.0,63.0,28,10.714285714285714
1782217694.6189902,516,505,31,31,24,99.6409890128577,18125,105.0,63.0,28,14.285714285714285
1782217694.719462,515,505,30,30,24,99.59311481280888,18125,105.0,63.0,28,14.285714285714285
1782217694.8187442,516,506,31,31,25,99.59311481280888,18125,105.0,63.0,28,10.714285714285714
1782217694.9191422,516,506,31,31,25,99.59311481280888,18125,105.0,63.0,28,10.714285714285714
1782217695.019493,516,506,31,31,25,99.59311481280888,18125,105.0,63.0,28,10.714285714285714
1782217695.1187484,516,505,31,31,24,99.59311481280888,18125,105.0,63.0,28,14.285714285714285
1782217695.2191699,516,506,31,31,25,99.59311481280888,18125,105.0,63.0,28,10.714285714285714
1782217695.3192875,515,507,30,30,26,99.55278640450004,18125,105.0,63.0,28,7.142857142857142
1782217695.4186082,517,506,32,32,25,99.5181055901733,18125,105.0,63.0,28,10.714285714285714
1782217695.5188613,516,506,31,31,25,99.55278640450004,18125,105.0,63.0,28,10.714285714285714
1782217695.6192577,516,506,31,31,25,99.55278640450004,18125,105.0,63.0,28,10.714285714285714
1782217695.718566,516,505,31,31,24,99.55278640450004,18125,105.0,63.0,28,14.285714285714285
1782217695.8189602,516,506,31,31,25,99.55278640450004,18125,105.0,63.0,28,10.714285714285714
1782217695.919269,517,506,32,32,25,99.5181055901733,18125,105.0,63.0,28,10.714285714285714
1782217696.0186107,517,506,32,32,25,99.5181055901733,18125,105.0,63.0,28,10.714285714285714
1782217696.1189983,516,507,31,31,26,99.5181055901733,18125,105.0,63.0,28,7.142857142857142
1782217696.2183747,516,506,31,31,25,99.5181055901733,18125,105.0,63.0,28,10.714285714285714
1782217696.3186862,516,506,31,31,25,99.5181055901733,18125,105.0,63.0,28,10.714285714285714
1782217696.4189477,516,506,31,31,25,99.5181055901733,18125,105.0,63.0,28,10.714285714285714
1782217696.518292,515,505,30,30,24,99.48360222050567,18125,105.0,63.0,28,14.285714285714285
1782217696.6186564,515,506,30,30,25,99.45329268443811,18125,105.0,63.0,28,10.714285714285714
1782217696.7189617,516,505,31,31,24,99.48360222050567,18125,105.0,63.0,28,14.285714285714285
1782217696.8185241,516,506,31,31,25,99.48360222050567,18125,105.0,63.0,28,10.714285714285714
1782217696.918719,517,506,32,32,25,99.45329268443811,18125,105.0,63.0,28,10.714285714285714
1782217697.0190518,516,506,31,31,25,99.45329268443811,18125,105.0,63.0,28,10.714285714285714
1782217697.1184015,516,506,31,31,25,99.48360222050567,18125,105.0,63.0,28,10.714285714285714
1782217697.2182963,515,506,30,30,25,99.45329268443811,18125,105.0,63.0,28,10.714285714285714
1782217697.31861,516,507,31,31,26,99.45329268443811,18125,105.0,63.0,28,7.142857142857142
1782217697.418386,516,506,31,31,25,99.45329268443811,18125,105.0,63.0,28,10.714285714285714
1782217697.5187597,516,507,31,31,26,99.45329268443811,18125,105.0,63.0,28,7.142857142857142
1782217697.6191726,516,506,31,31,25,99.45329268443811,18125,105.0,63.0,28,10.714285714285714
1782217697.7184484,517,506,32,32,25,99.45329268443811,18125,105.0,63.0,28,10.714285714285714
1782217697.8187585,516,506,31,31,25,99.45329268443811,18125,105.0,63.0,28,10.714285714285714
1782217697.9191408,517,506,32,32,25,99.42651164886382,18125,105.0,63.0,28,10.714285714285714
1782217698.0183992,516,506,31,31,25,99.42651164886382,18125,105.0,63.0,28,10.714285714285714
1782217698.1187665,516,507,31,31,26,99.42651164886382,18125,105.0,63.0,28,7.142857142857142
1782217698.2191792,515,506,30,30,25,99.39538809509277,18125,105.0,63.0,28,10.714285714285714
1782217698.3183908,516,506,31,31,25,99.42651164886382,18125,105.0,63.0,28,10.714285714285714
1782217698.4187446,517,507,32,32,26,99.42651164886382,18125,105.0,63.0,28,7.142857142857142
1782217698.5190556,517,506,32,32,25,99.40278423776104,18125,105.0,63.0,28,10.714285714285714
1782217698.618517,517,506,32,32,25,99.38175876696695,18125,105.0,63.0,28,10.714285714285714
1782217698.7189867,516,506,31,31,25,99.38175876696695,18125,105.0,63.0,28,10.714285714285714
1782217698.8192427,516,506,31,31,25,99.38175876696695,18125,105.0,63.0,28,10.714285714285714
1782217698.9184866,516,506,31,31,25,99.40278423776104,18125,105.0,63.0,28,10.714285714285714
1782217699.0188913,516,506,31,31,25,99.42651164886382,18125,105.0,63.0,28,10.714285714285714
1782217699.119195,516,506,31,31,25,99.42651164886382,18125,105.0,63.0,28,10.714285714285714
1782217699.2184544,516,506,31,31,25,99.42651164886382,18125,105.0,63.0,28,10.714285714285714
1782217699.3188782,515,506,30,30,25,99.39538809509277,18125,105.0,63.0,28,10.714285714285714
1782217699.41816,516,506,31,31,25,99.39538809509277,18125,105.0,63.0,28,10.714285714285714
1782217699.5185304,515,507,30,30,26,99.39538809509277,18125,105.0,63.0,28,7.142857142857142
1782217699.6188643,517,506,32,32,25,99.40278423776104,18125,105.0,63.0,28,10.714285714285714
1782217699.718166,517,506,32,32,25,99.38175876696695,18125,105.0,63.0,28,10.714285714285714
1782217699.8185337,516,506,31,31,25,99.38175876696695,18125,105.0,63.0,28,10.714285714285714
1782217699.919007,516,506,31,31,25,99.40278423776104,18125,105.0,63.0,28,10.714285714285714
1782217700.0182405,516,506,31,31,25,99.40278423776104,18125,105.0,63.0,28,10.714285714285714
1782217700.1185172,517,506,32,32,25,99.38175876696695,18125,105.0,63.0,28,10.714285714285714
1782217700.2187433,517,506,32,32,25,99.4,18125,105.0,63.0,28,10.714285714285714
1782217700.3180327,517,506,32,32,25,99.38446048957935,18125,105.0,63.0,28,10.714285714285714
1782217700.4184062,516,506,31,31,25,99.38446048957935,18125,105.0,63.0,28,10.714285714285714
1782217700.5187485,515,506,30,30,25,99.34680273525782,18125,105.0,63.0,28,10.714285714285714
1782217700.6180272,516,506,31,31,25,99.34680273525782,18125,105.0,63.0,28,10.714285714285714
1782217700.7184045,516,506,31,31,25,99.36316756084857,18125,105.0,63.0,28,10.714285714285714
1782217700.8187635,515,506,30,30,25,99.33000829192527,18125,105.0,63.0,28,10.714285714285714
1782217700.9180372,516,506,31,31,25,99.34935929013523,18125,105.0,63.0,28,10.714285714285714
1782217701.0184395,515,506,30,30,25,99.32013073152096,18125,105.0,63.0,28,10.714285714285714
1782217701.1187568,516,508,31,31,27,99.32013073152096,18125,105.0,63.0,28,3.571428571428571
1782217701.21809,516,506,31,31,25,99.34935929013523,18125,105.0,63.0,28,10.714285714285714
1782217701.3184898,515,506,30,30,25,99.32013073152096,18125,105.0,63.0,28,10.714285714285714
1782217701.418756,517,506,32,32,25,99.32013073152096,18125,105.0,63.0,28,10.714285714285714
1782217701.5181315,517,506,32,32,25,99.32013073152096,18125,105.0,63.0,28,10.714285714285714
1782217701.6184666,516,507,31,31,26,99.34256390255614,18125,105.0,63.0,28,7.142857142857142
1782217701.7187989,516,506,31,31,25,99.34256390255614,18125,105.0,63.0,28,10.714285714285714
1782217701.8181334,516,506,31,31,25,99.34256390255614,18125,105.0,63.0,28,10.714285714285714
1782217701.9184527,517,506,32,32,25,99.32013073152096,18125,105.0,63.0,28,10.714285714285714
1782217702.0188286,516,506,31,31,25,99.32013073152096,18125,105.0,63.0,28,10.714285714285714
1782217702.118147,516,505,31,31,24,99.32013073152096,18125,105.0,63.0,28,14.285714285714285
1782217702.218504,516,505,31,31,24,99.32013073152096,18125,105.0,63.0,28,14.285714285714285
1782217702.3188365,517,508,32,32,27,99.33000829192527,18125,105.0,63.0,28,3.571428571428571
1782217702.4181325,517,506,32,32,25,99.31281572906373,18125,105.0,63.0,28,10.714285714285714
1782217702.5185096,516,507,31,31,26,99.34680273525782,18125,105.0,63.0,28,7.142857142857142
1782217702.617831,517,507,32,32,26,99.34680273525782,18125,105.0,63.0,28,7.142857142857142
1782217702.7181962,516,506,31,31,25,99.36316756084857,18125,105.0,63.0,28,10.714285714285714
1782217702.8185306,516,505,31,31,24,99.36316756084857,18125,105.0,63.0,28,14.285714285714285
1782217702.9178555,516,506,31,31,25,99.36316756084857,18125,105.0,63.0,28,10.714285714285714
1782217703.0181992,516,506,31,31,25,99.36316756084857,18125,105.0,63.0,28,10.714285714285714
1782217703.118637,517,506,32,32,25,99.36316756084857,18125,105.0,63.0,28,10.714285714285714
1782217703.2179656,515,506,30,30,25,99.34935929013523,18125,105.0,63.0,28,10.714285714285714
1782217703.3183217,515,506,30,30,25,99.34256390255614,18125,105.0,63.0,28,10.714285714285714
1782217703.4186373,516,507,31,31,26,99.34256390255614,18125,105.0,63.0,28,7.142857142857142
1782217703.5179594,516,506,31,31,25,99.37106792452956,18125,105.0,63.0,28,10.714285714285714
1782217703.6182914,516,507,31,31,26,99.37106792452956,18125,105.0,63.0,28,7.142857142857142
1782217703.7186716,516,506,31,31,25,99.37106792452956,18125,105.0,63.0,28,10.714285714285714
1782217703.8180282,516,506,31,31,25,99.40278423776104,18125,105.0,63.0,28,10.714285714285714
1782217703.9183648,515,506,30,30,25,99.37106792452956,18125,105.0,63.0,28,10.714285714285714
1782217704.0186737,516,506,31,31,25,99.40278423776104,18125,105.0,63.0,28,10.714285714285714
1782217704.1180286,516,506,31,31,25,99.40278423776104,18125,105.0,63.0,28,10.714285714285714
1782217704.218366,517,507,32,32,26,99.38175876696695,18125,105.0,63.0,28,7.142857142857142
1782217704.3187573,516,506,31,31,25,99.41785836011424,18125,105.0,63.0,28,10.714285714285714
1782217704.4180477,516,505,31,31,24,99.43825668178825,18125,105.0,63.0,28,14.285714285714285
1782217704.5182517,516,506,31,31,25,99.46148351928655,18125,105.0,63.0,28,10.714285714285714
1782217704.7176764,517,506,32,32,25,99.43825668178825,18125,105.0,63.0,28,10.714285714285714
1782217704.8180454,516,506,31,31,25,99.43825668178825,18125,105.0,63.0,28,10.714285714285714
1782217704.918441,515,506,30,30,25,99.40278423776104,18125,105.0,63.0,28,10.714285714285714
1782217705.0176923,516,506,31,31,25,99.42651164886382,18125,105.0,63.0,28,10.714285714285714
1782217705.118015,516,506,31,31,25,99.42651164886382,18125,105.0,63.0,28,10.714285714285714
1782217705.2184284,515,505,30,30,24,99.39538809509277,18125,105.0,63.0,28,14.285714285714285
1782217705.3176916,517,506,32,32,25,99.37106792452956,18125,105.0,63.0,28,10.714285714285714
1782217705.4180667,517,506,32,32,25,99.37106792452956,18125,105.0,63.0,28,10.714285714285714
1782217705.5184543,515,506,30,30,25,99.36754446796633,18125,105.0,63.0,28,10.714285714285714
1782217705.6177154,515,506,30,30,25,99.34256390255614,18125,105.0,63.0,28,10.714285714285714
1782217705.7180393,515,506,30,30,25,99.34935929013523,18125,105.0,63.0,28,10.714285714285714
1782217705.8174217,518,506,33,33,25,99.24796572182143,18125,105.0,63.0,28,10.714285714285714
1782217705.9177063,516,506,31,31,25,99.24796572182143,18125,105.0,63.0,28,10.714285714285714
1782217706.018086,515,506,30,30,25,99.22827753981399,18125,105.0,63.0,28,10.714285714285714
1782217706.1174557,517,506,32,32,25,99.20487597054156,18125,105.0,63.0,28,10.714285714285714
1782217706.217775,515,506,30,30,25,99.2104853811782,18125,105.0,63.0,28,10.714285714285714
1782217706.318115,516,507,31,31,26,99.22827753981399,18125,105.0,63.0,28,7.142857142857142
1782217706.4174733,516,506,31,31,25,99.24796572182143,18125,105.0,63.0,28,10.714285714285714
1782217706.5179603,516,506,31,31,25,99.24796572182143,18125,105.0,63.0,28,10.714285714285714
1782217706.618301,517,506,32,32,25,99.22540333075851,18125,105.0,63.0,28,10.714285714285714
1782217706.7176642,516,507,31,31,26,99.22540333075851,18125,105.0,63.0,28,7.142857142857142
1782217706.8180277,517,506,32,32,25,99.20487597054156,18125,105.0,63.0,28,10.714285714285714
1782217706.9183443,516,506,31,31,25,99.20487597054156,18125,105.0,63.0,28,10.714285714285714
1782217707.0176425,517,506,32,32,25,99.2104853811782,18125,105.0,63.0,28,10.714285714285714
1782217707.1180096,515,506,30,30,25,99.18622962561776,18125,105.0,63.0,28,10.714285714285714
1782217707.218375,518,506,33,33,25,99.1155667225719,18125,105.0,63.0,28,10.714285714285714
1782217707.3175938,516,506,31,31,25,99.13013410995335,18125,105.0,63.0,28,10.714285714285714
1782217707.4180398,517,506,32,32,25,99.1155667225719,18125,105.0,63.0,28,10.714285714285714
1782217707.5183492,516,507,31,31,26,99.1155667225719,18125,105.0,63.0,28,7.142857142857142
1782217707.617617,516,506,31,31,25,99.1155667225719,18125,105.0,63.0,28,10.714285714285714
1782217707.718052,516,506,31,31,25,99.13013410995335,18125,105.0,63.0,28,10.714285714285714
1782217707.8183181,517,505,32,32,24,99.1155667225719,18125,105.0,63.0,28,14.285714285714285
1782217707.9176502,515,506,30,30,25,99.1155667225719,18125,105.0,63.0,28,10.714285714285714
1782217708.0180788,516,506,31,31,25,99.1155667225719,18125,105.0,63.0,28,10.714285714285714
1782217708.1184628,516,506,31,31,25,99.1155667225719,18125,105.0,63.0,28,10.714285714285714
1782217708.217745,516,507,31,31,26,99.14041353611816,18125,105.0,63.0,28,7.142857142857142
1782217708.3180807,516,507,31,31,26,99.1540948306367,18125,105.0,63.0,28,7.142857142857142
1782217708.4183707,516,506,31,31,25,99.1693376137082,18125,105.0,63.0,28,10.714285714285714
1782217708.5176833,517,506,32,32,25,99.18010840825008,18125,105.0,63.0,28,10.714285714285714
1782217708.6181133,516,506,31,31,25,99.20837719419747,18125,105.0,63.0,28,10.714285714285714
1782217708.7184286,516,506,31,31,25,99.23915251929911,18125,105.0,63.0,28,10.714285714285714
1782217708.8177986,516,506,31,31,25,99.31281572906373,18125,105.0,63.0,28,10.714285714285714
1782217708.9181137,516,506,31,31,25,99.31281572906373,18125,105.0,63.0,28,10.714285714285714
1782217709.0174227,517,505,32,32,24,99.3325005201833,18125,105.0,63.0,28,14.285714285714285
1782217709.1177924,516,506,31,31,25,99.34680273525782,18125,105.0,63.0,28,10.714285714285714
1782217709.2181416,517,506,32,32,25,99.37106792452956,18125,105.0,63.0,28,10.714285714285714
1782217709.317458,517,506,32,32,25,99.35968757625672,18125,105.0,63.0,28,10.714285714285714
1782217709.4178345,516,506,31,31,25,99.35968757625672,18125,105.0,63.0,28,10.714285714285714
1782217709.518141,516,505,31,31,24,99.35968757625672,18125,105.0,63.0,28,14.285714285714285
1782217709.6176622,508,505,23,23,24,98.38754845034029,18125,105.0,63.0,28,14.285714285714285
1782217709.7180154,509,506,24,24,25,97.9557669191384,18125,105.0,63.0,28,10.714285714285714
1782217709.8182693,508,506,23,23,25,97.54055110057377,18125,105.0,63.0,28,10.714285714285714
1782217709.917612,507,506,22,22,25,97.11228656392485,18125,105.0,63.0,28,10.714285714285714
1782217710.017995,508,506,23,23,25,96.86170605441605,18125,105.0,63.0,28,10.714285714285714
1782217710.1183274,507,506,22,22,25,96.55906989318295,18125,105.0,63.0,28,10.714285714285714
1782217710.2178996,509,506,24,24,25,96.47721700923829,18125,105.0,63.0,28,10.714285714285714
1782217710.3182404,509,503,24,24,22,96.36743127311325,18125,105.0,63.0,28,21.428571428571427
1782217710.517956,507,506,22,22,25,96.19707714747956,18125,105.0,63.0,28,10.714285714285714
1782217710.6184695,505,506,20,20,25,95.91357260080534,18125,105.0,63.0,28,10.714285714285714
1782217710.7187867,511,506,26,26,25,95.9224190177672,18125,105.0,63.0,28,10.714285714285714
1782217710.8181632,509,506,24,24,25,95.88917418407337,18125,105.0,63.0,28,10.714285714285714
1782217710.9184523,507,506,22,22,25,95.82480872028331,18125,105.0,63.0,28,10.714285714285714
1782217711.0187762,508,506,23,23,25,95.76837304731777,18125,105.0,63.0,28,10.714285714285714
1782217711.1181748,505,506,20,20,25,95.62215172081585,18125,105.0,63.0,28,10.714285714285714
1782217711.218502,508,506,23,23,25,95.62824723683713,18125,105.0,63.0,28,10.714285714285714
1782217711.3187897,508,505,23,23,24,95.6506705497667,18125,105.0,63.0,28,14.285714285714285
1782217711.4181585,507,506,22,22,25,95.66102930792721,18125,105.0,63.0,28,10.714285714285714
1782217711.5183728,508,507,23,23,26,95.71877483786605,18125,105.0,63.0,28,7.142857142857142
1782217711.6186311,508,506,23,23,25,95.84080670214897,18125,105.0,63.0,28,10.714285714285714
1782217711.7180524,508,503,23,23,22,95.9381175683079,18125,105.0,63.0,28,21.428571428571427
1782217711.8183043,509,507,24,24,26,96.06949254053768,18125,105.0,63.0,28,7.142857142857142
1782217711.9186895,510,506,25,25,25,96.22346425646172,18125,105.0,63.0,28,10.714285714285714
1782217712.0180185,508,506,23,23,25,96.3821430530093,18125,105.0,63.0,28,10.714285714285714
1782217712.1185708,509,507,24,24,26,96.64738907715196,18125,105.0,63.0,28,7.142857142857142
1782217712.2172456,508,506,23,23,25,96.8723455718027,18125,105.0,63.0,28,10.714285714285714
1782217712.3176045,509,503,24,24,22,97.23433753164113,18125,105.0,63.0,28,21.428571428571427
1782217712.417937,509,506,24,24,25,97.6819548465715,18125,105.0,63.0,28,10.714285714285714
1782217712.5172412,509,505,24,24,24,98.12946828712025,18125,105.0,63.0,28,14.285714285714285
1782217712.617598,509,506,24,24,25,98.76892097915871,18125,105.0,63.0,28,10.714285714285714
1782217712.7179492,509,505,24,24,24,98.75948039560477,18125,105.0,63.0,28,14.285714285714285
1782217712.8172765,508,509,23,23,28,98.76892097915871,18125,105.0,63.0,28,0
1782217712.9180272,508,506,23,23,25,98.76892097915871,18125,105.0,63.0,28,10.714285714285714
1782217713.0185392,508,506,23,23,25,98.78664835178658,18125,105.0,63.0,28,10.714285714285714
1782217713.1179423,508,511,23,23,30,98.78664835178658,18125,105.0,63.0,28,0
1782217713.2183099,509,505,24,24,24,98.79768741354191,18125,105.0,63.0,28,14.285714285714285
1782217713.318618,509,506,24,24,25,98.79768741354191,18125,105.0,63.0,28,10.714285714285714
1782217713.4179916,508,507,23,23,26,98.80556847552207,18125,105.0,63.0,28,7.142857142857142
1782217713.518319,508,506,23,23,25,98.82573900307943,18125,105.0,63.0,28,10.714285714285714
1782217713.6185336,509,506,24,24,25,98.98401662305812,18125,105.0,63.0,28,10.714285714285714
1782217713.717813,508,506,23,23,25,99.10806078931603,18125,105.0,63.0,28,10.714285714285714
1782217713.8181672,509,505,24,24,24,99.10806078931603,18125,105.0,63.0,28,14.285714285714285
1782217713.9184542,509,506,24,24,25,99.13077301263965,18125,105.0,63.0,28,10.714285714285714
1782217714.0179105,509,507,24,24,26,99.12503968343955,18125,105.0,63.0,28,7.142857142857142
1782217714.1180892,509,506,24,24,25,99.38086081263312,18125,105.0,63.0,28,10.714285714285714
1782217714.2185295,508,506,23,23,25,99.38086081263312,18125,105.0,63.0,28,10.714285714285714
1782217714.3178942,507,507,22,22,26,99.33000829192527,18125,105.0,63.0,28,7.142857142857142
1782217714.4182224,510,506,25,25,25,99.3325005201833,18125,105.0,63.0,28,10.714285714285714
1782217714.518509,509,506,24,24,25,99.33667504192891,18125,105.0,63.0,28,10.714285714285714
1782217714.6178806,509,506,24,24,25,99.34256390255614,18125,105.0,63.0,28,10.714285714285714
1782217714.718169,509,507,24,24,26,99.35021371034607,18125,105.0,63.0,28,7.142857142857142
1782217714.818472,509,506,24,24,25,99.35021371034607,18125,105.0,63.0,28,10.714285714285714
1782217714.9178638,508,507,23,23,26,99.38898990733922,18125,105.0,63.0,28,7.142857142857142
1782217715.2178357,508,506,23,23,25,99.38898990733922,18125,105.0,63.0,28,10.714285714285714
1782217715.318169,508,506,23,23,25,99.38446048957935,18125,105.0,63.0,28,10.714285714285714
1782217715.5178802,509,506,24,24,25,99.38898990733922,18125,105.0,63.0,28,10.714285714285714
1782217715.6181386,509,506,24,24,25,99.38898990733922,18125,105.0,63.0,28,10.714285714285714
1782217715.7175124,508,506,23,23,25,99.38446048957935,18125,105.0,63.0,28,10.714285714285714
1782217715.8178558,509,506,24,24,25,99.38446048957935,18125,105.0,63.0,28,10.714285714285714
1782217715.918285,509,505,24,24,24,99.38446048957935,18125,105.0,63.0,28,14.285714285714285
1782217716.017524,508,506,23,23,25,99.38175876696695,18125,105.0,63.0,28,10.714285714285714
1782217716.1178823,8,506,477,477,25,18.601255810942916,4103,273.0,163.8,28,10.714285714285714
1782217716.2182102,509,507,24,24,26,18.60747372557273,18125,105.0,63.0,28,7.142857142857142
1782217716.317813,510,506,25,25,25,18.619542340381926,18125,105.0,63.0,28,10.714285714285714
1782217716.418057,508,506,23,23,25,18.619542340381926,18125,105.0,63.0,28,10.714285714285714
1782217716.5182374,508,507,23,23,26,18.613296199222106,18125,105.0,63.0,28,7.142857142857142
1782217716.6176589,509,506,24,24,25,18.613296199222106,18125,105.0,63.0,28,10.714285714285714
1782217716.7179055,508,506,23,23,25,18.613296199222106,18125,105.0,63.0,28,10.714285714285714
1782217716.8182566,510,506,25,25,25,18.625392986099982,18125,105.0,63.0,28,10.714285714285714
1782217716.917602,509,506,24,24,25,18.625392986099982,18125,105.0,63.0,28,10.714285714285714
1782217717.0179508,509,507,24,24,26,18.63166736650213,18125,105.0,63.0,28,7.142857142857142
1782217717.118283,508,506,23,23,25,18.625392986099982,18125,105.0,63.0,28,10.714285714285714
1782217717.217592,508,506,23,23,25,18.619132742667603,18125,105.0,63.0,28,10.714285714285714
1782217717.3190668,59,507,426,426,26,0,4595,273.0,163.8,28,7.142857142857142
1782217717.4182925,509,506,24,24,25,0,18125,105.0,63.0,28,10.714285714285714
1782217717.5176249,508,506,23,23,25,0,18125,105.0,63.0,28,10.714285714285714
1782217717.6180255,508,506,23,23,25,0,18125,105.0,63.0,28,10.714285714285714
1782217717.7185771,508,507,23,23,26,0,18125,105.0,63.0,28,7.142857142857142
1782217717.817889,508,506,23,23,25,0,18125,105.0,63.0,28,10.714285714285714
1782217717.9182537,509,506,24,24,25,0,18125,105.0,63.0,28,10.714285714285714
1782217718.0183985,509,506,24,24,25,0,18125,105.0,63.0,28,10.714285714285714
1782217718.1176038,509,507,24,24,26,0,18125,105.0,63.0,28,7.142857142857142
1782217718.218052,509,506,24,24,25,0,18125,105.0,63.0,28,10.714285714285714
1782217718.3183424,509,505,24,24,24,0,18125,105.0,63.0,28,14.285714285714285
1782217718.4178364,507,506,22,22,25,0,18125,105.0,63.0,28,10.714285714285714
1782217718.518445,508,506,23,23,25,0,18125,105.0,63.0,28,10.714285714285714
1782217718.6177304,508,506,23,23,25,0,18125,105.0,63.0,28,10.714285714285714
1782217718.7181187,509,506,24,24,25,0,18125,105.0,63.0,28,10.714285714285714
1782217718.8184347,508,506,23,23,25,0,18125,105.0,63.0,28,10.714285714285714
1782217718.9177413,509,507,24,24,26,0,18125,105.0,63.0,28,7.142857142857142
1782217719.0181215,507,505,22,22,24,0,18125,105.0,63.0,28,14.285714285714285
1782217719.1184487,507,506,22,22,25,27.73579339980577,18125,105.0,63.0,28,10.714285714285714
1782217719.2177963,508,506,23,23,25,27.72963570345341,18125,105.0,63.0,28,10.714285714285714
1782217719.3181586,508,506,23,23,25,27.717829153917748,18125,105.0,63.0,28,10.714285714285714
1782217719.6179724,508,505,23,23,24,27.717829153917748,18125,105.0,63.0,28,14.285714285714285
1782217719.7178543,508,507,23,23,26,27.717829153917748,18125,105.0,63.0,28,7.142857142857142
1782217719.817145,508,506,23,23,25,27.71171909945876,18125,105.0,63.0,28,10.714285714285714
1782217719.9175215,508,506,23,23,25,27.71171909945876,18125,105.0,63.0,28,10.714285714285714
1782217720.1171877,508,506,23,23,25,27.700007684032983,18125,105.0,63.0,28,10.714285714285714
1782217720.3178682,508,506,23,23,25,27.69394523585487,18125,105.0,63.0,28,10.714285714285714
1782217720.417163,509,506,24,24,25,27.69394523585487,18125,105.0,63.0,28,10.714285714285714
1782217720.6179123,509,506,24,24,25,27.700007684032983,18125,105.0,63.0,28,10.714285714285714
1782217720.7172272,509,6,24,24,475,27.706086009955172,18125,105.0,63.0,28,0
1782217720.8175695,507,506,22,22,25,99.3325005201833,18125,105.0,63.0,28,10.714285714285714
1782217720.917908,508,506,23,23,25,99.34680273525782,18125,105.0,63.0,28,10.714285714285714
1782217721.0172145,508,506,23,23,25,99.34680273525782,18125,105.0,63.0,28,10.714285714285714
1782217721.1175919,508,506,23,23,25,99.34680273525782,18125,105.0,63.0,28,10.714285714285714
1782217721.2179115,508,506,23,23,25,99.34680273525782,18125,105.0,63.0,28,10.714285714285714
1782217721.3172112,507,506,22,22,25,99.31281572906373,18125,105.0,63.0,28,10.714285714285714
1782217721.417569,507,506,22,22,25,99.3,18125,105.0,63.0,28,10.714285714285714
1782217721.5179293,508,507,23,23,26,99.32013073152096,18125,105.0,63.0,28,7.142857142857142
1782217721.6172483,508,507,23,23,26,99.34256390255614,18125,105.0,63.0,28,7.142857142857142
1782217721.7176383,507,505,22,22,24,99.34256390255614,18125,105.0,63.0,28,14.285714285714285
1782217721.816946,508,506,23,23,25,99.37106792452956,18125,105.0,63.0,28,10.714285714285714
1782217721.9173658,508,506,23,23,25,99.39538809509277,18125,105.0,63.0,28,10.714285714285714
1782217722.0176196,508,506,23,23,25,99.39538809509277,18125,105.0,63.0,28,10.714285714285714
1782217722.1169274,508,506,23,23,25,99.39538809509277,18125,105.0,63.0,28,10.714285714285714
1782217722.2231016,508,506,23,23,25,99.42651164886382,18125,105.0,63.0,28,10.714285714285714
1782217722.3180835,507,506,22,22,25,99.40278423776104,18125,105.0,63.0,28,10.714285714285714
1782217722.4172869,508,506,23,23,25,99.43825668178825,18125,105.0,63.0,28,10.714285714285714
1782217722.6180487,508,506,23,23,25,99.46148351928655,18125,105.0,63.0,28,10.714285714285714
1782217722.7173233,508,505,23,23,24,99.48792361680876,18125,105.0,63.0,28,14.285714285714285
1782217722.818441,508,506,23,23,25,99.48792361680876,18125,105.0,63.0,28,10.714285714285714
1782217722.9180577,509,506,24,24,25,99.45329268443811,18125,105.0,63.0,28,10.714285714285714
1782217723.0173857,508,507,23,23,26,99.45329268443811,18125,105.0,63.0,28,7.142857142857142
1782217723.1177256,509,506,24,24,25,99.42264973081038,18125,105.0,63.0,28,10.714285714285714
1782217723.2180989,508,505,23,23,24,99.42264973081038,18125,105.0,63.0,28,14.285714285714285
1782217723.3173614,509,506,24,24,25,99.39538809509277,18125,105.0,63.0,28,10.714285714285714
1782217723.4177966,508,506,23,23,25,99.39538809509277,18125,105.0,63.0,28,10.714285714285714
1782217723.5180714,509,506,24,24,25,99.37106792452956,18125,105.0,63.0,28,10.714285714285714
1782217723.6173434,509,506,24,24,25,99.37106792452956,18125,105.0,63.0,28,10.714285714285714
1782217723.7177875,509,506,24,24,25,99.37106792452956,18125,105.0,63.0,28,10.714285714285714
1782217723.8180475,506,506,21,21,25,99.29367932998609,18125,105.0,63.0,28,10.714285714285714
1782217723.9173856,508,511,23,23,30,99.31686994893603,19375,97.5,58.5,30,0
1782217724.1181533,508,506,23,23,25,99.31686994893603,19375,97.5,58.5,30,16.666666666666664
1782217724.2174218,507,506,22,22,25,99.29367932998609,19375,97.5,58.5,30,16.666666666666664
1782217724.4179773,509,506,24,24,25,99.26970325665978,19375,97.5,58.5,30,16.666666666666664
1782217724.5174258,58,506,427,427,25,27.47610355506569,4718,253.5,152.1,30,16.666666666666664
1782217724.6177273,508,506,23,23,25,27.482530840263507,19375,97.5,58.5,30,16.666666666666664
1782217724.7181027,508,507,23,23,26,27.48897401850607,19375,97.5,58.5,30,13.333333333333334
1782217724.8174057,507,506,22,22,25,27.482530840263507,19375,97.5,58.5,30,16.666666666666664
1782217725.0171063,508,507,23,23,26,27.482530840263507,19375,97.5,58.5,30,13.333333333333334
1782217725.1174197,507,505,22,22,24,27.482530840263507,19375,97.5,58.5,30,20.0
1782217725.2177176,509,506,24,24,25,27.488514319760654,19375,97.5,58.5,30,16.666666666666664
1782217725.3170197,508,506,23,23,25,27.488514319760654,19375,97.5,58.5,30,16.666666666666664
1782217725.4174256,508,506,23,23,25,27.488514319760654,19375,97.5,58.5,30,16.666666666666664
1782217725.517926,507,505,22,22,24,27.482071182362077,19375,97.5,58.5,30,20.0
1782217725.6172824,508,506,23,23,25,27.482071182362077,19375,97.5,58.5,30,16.666666666666664
1782217725.8179295,508,506,23,23,25,27.488514319760654,19375,97.5,58.5,30,16.666666666666664
1782217725.917208,508,506,23,23,25,27.488514319760654,19375,97.5,58.5,30,16.666666666666664
1782217726.017413,516,506,31,31,25,27.524072962120727,19375,97.5,58.5,30,16.666666666666664
1782217726.1178212,516,506,31,31,25,27.560630716286454,19375,97.5,58.5,30,16.666666666666664
1782217726.2173808,516,506,31,31,25,27.598189095698572,19375,97.5,58.5,30,16.666666666666664
1782217726.3175156,516,505,31,31,24,27.630262616968906,19375,97.5,58.5,30,20.0
1782217726.4178314,516,506,31,31,25,27.66970052445363,19375,97.5,58.5,30,16.666666666666664
1782217726.5172074,516,506,31,31,25,27.703419475361386,19375,97.5,58.5,30,16.666666666666664
1782217726.6174493,515,506,30,30,25,27.741136645160736,19375,97.5,58.5,30,16.666666666666664
1782217726.7181072,517,506,32,32,25,27.77965045162901,19375,97.5,58.5,30,16.666666666666664
1782217726.8172696,516,506,31,31,25,27.822864500668288,19375,97.5,58.5,30,16.666666666666664
1782217726.917637,516,506,31,31,25,27.85988941264675,19375,97.5,58.5,30,16.666666666666664
1782217727.0180292,517,505,32,32,24,27.901302215489196,19375,97.5,58.5,30,20.0
1782217727.1173456,514,507,29,29,26,27.93116716175662,19375,97.5,58.5,30,13.333333333333334
1782217727.2170875,516,506,31,31,25,27.99440608150256,19375,97.5,58.5,30,16.666666666666664
1782217727.3174133,515,506,30,30,25,28.038003856974,19375,97.5,58.5,30,16.666666666666664
1782217727.4167097,515,506,30,30,25,28.08238509701998,19375,97.5,58.5,30,16.666666666666664
1782217727.5171056,516,506,31,31,25,28.140600243716662,19375,97.5,58.5,30,16.666666666666664
1782217727.617415,516,506,31,31,25,28.183528661207845,19375,97.5,58.5,30,16.666666666666664
1782217727.716774,516,507,31,31,26,96.02941370128346,19375,97.5,58.5,30,13.333333333333334
1782217727.8170953,517,506,32,32,25,96.05087914143469,19375,97.5,58.5,30,16.666666666666664
1782217727.9174654,516,507,31,31,26,96.12357553063823,19375,97.5,58.5,30,13.333333333333334
1782217728.0167704,516,506,31,31,25,96.26949511906676,19375,97.5,58.5,30,16.666666666666664
1782217728.1171377,516,506,31,31,25,96.38813683044948,19375,97.5,58.5,30,16.666666666666664
1782217728.2164638,515,506,30,30,25,96.60899883679039,19375,97.5,58.5,30,16.666666666666664
1782217728.3168235,516,506,31,31,25,96.72450173425646,19375,97.5,58.5,30,16.666666666666664
1782217728.4171302,516,507,31,31,26,96.9260954977604,19375,97.5,58.5,30,13.333333333333334
1782217728.5164964,515,506,30,30,25,97.17530729301595,19375,97.5,58.5,30,16.666666666666664
1782217728.6167822,515,506,30,30,25,97.57123716907375,19375,97.5,58.5,30,16.666666666666664
1782217728.7171845,516,507,31,31,26,97.94817154713168,19375,97.5,58.5,30,13.333333333333334
1782217728.8165112,516,506,31,31,25,98.45763529316542,19375,97.5,58.5,30,16.666666666666664
1782217728.9168587,517,507,32,32,26,99.33000829192527,19375,97.5,58.5,30,13.333333333333334
1782217729.0171535,517,505,32,32,24,99.3,19375,97.5,58.5,30,20.0
1782217729.116472,514,506,29,29,25,99.22182549800475,19375,97.5,58.5,30,16.666666666666664
1782217729.2168689,517,506,32,32,25,99.19446360176036,19375,97.5,58.5,30,16.666666666666664
1782217729.3171897,515,505,30,30,24,99.18010840825008,19375,97.5,58.5,30,20.0
1782217729.4165173,516,507,31,31,26,99.18010840825008,19375,97.5,58.5,30,13.333333333333334
1782217729.516879,517,506,32,32,25,99.1540948306367,19375,97.5,58.5,30,16.666666666666664
1782217729.6171978,516,506,31,31,25,99.1693376137082,19375,97.5,58.5,30,16.666666666666664
1782217729.7165468,517,506,32,32,25,99.1693376137082,19375,97.5,58.5,30,16.666666666666664
1782217729.8171065,516,506,31,31,25,99.1693376137082,19375,97.5,58.5,30,16.666666666666664
1782217729.9175227,516,506,31,31,25,99.1693376137082,19375,97.5,58.5,30,16.666666666666664
1782217730.0168266,517,505,32,32,24,99.1693376137082,19375,97.5,58.5,30,20.0
1782217730.1171165,515,506,30,30,25,99.22827753981399,19375,97.5,58.5,30,16.666666666666664
1782217730.2174656,516,505,31,31,24,99.22827753981399,19375,97.5,58.5,30,20.0
1782217730.3170226,515,506,30,30,25,99.22827753981399,19375,97.5,58.5,30,16.666666666666664
1782217730.4174514,516,506,31,31,25,99.24796572182143,19375,97.5,58.5,30,16.666666666666664
1782217730.5179038,515,506,30,30,25,99.22827753981399,19375,97.5,58.5,30,16.666666666666664
1782217730.6171317,516,506,31,31,25,99.22827753981399,19375,97.5,58.5,30,16.666666666666664
1782217730.7175012,515,506,30,30,25,99.2104853811782,19375,97.5,58.5,30,16.666666666666664
1782217730.8177063,516,507,31,31,26,99.23696512384936,19375,97.5,58.5,30,13.333333333333334
1782217730.9172113,516,506,31,31,25,99.23696512384936,19375,97.5,58.5,30,16.666666666666664
1782217731.017355,516,505,31,31,24,99.23696512384936,19375,97.5,58.5,30,20.0
1782217731.1178389,516,506,31,31,25,99.23696512384936,19375,97.5,58.5,30,16.666666666666664
1782217731.2170298,515,506,30,30,25,99.23696512384936,19375,97.5,58.5,30,16.666666666666664
1782217731.3173382,516,506,31,31,25,99.23696512384936,19375,97.5,58.5,30,16.666666666666664
1782217731.416821,515,506,30,30,25,99.22182549800475,19375,97.5,58.5,30,16.666666666666664
1782217731.5171115,516,506,31,31,25,99.23696512384936,19375,97.5,58.5,30,16.666666666666664
1782217731.6173959,515,506,30,30,25,99.23696512384936,19375,97.5,58.5,30,16.666666666666664
1782217731.7167995,516,507,31,31,26,99.23696512384936,19375,97.5,58.5,30,13.333333333333334
1782217731.8171618,516,506,31,31,25,99.23696512384936,19375,97.5,58.5,30,16.666666666666664
1782217731.9174707,515,506,30,30,25,99.25166852264522,19375,97.5,58.5,30,16.666666666666664
1782217732.0168307,516,505,31,31,24,99.2843029815472,19375,97.5,58.5,30,20.0
1782217732.117242,516,505,31,31,24,99.36316756084857,19375,97.5,58.5,30,20.0
1782217732.2174854,516,507,31,31,26,99.4,19375,97.5,58.5,30,13.333333333333334
1782217732.316927,517,506,32,32,25,99.38175876696695,19375,97.5,58.5,30,16.666666666666664
1782217732.417208,515,506,30,30,25,99.36316756084857,19375,97.5,58.5,30,16.666666666666664
1782217732.5176554,516,506,31,31,25,99.4,19375,97.5,58.5,30,16.666666666666664
1782217732.616856,516,506,31,31,25,99.4,19375,97.5,58.5,30,16.666666666666664
1782217732.7172027,516,507,31,31,26,99.44123151285866,19375,97.5,58.5,30,13.333333333333334
1782217732.817462,516,506,31,31,25,99.44123151285866,19375,97.5,58.5,30,16.666666666666664
1782217732.9168572,515,506,30,30,25,99.42651164886382,19375,97.5,58.5,30,16.666666666666664
1782217733.017148,517,506,32,32,25,99.42651164886382,19375,97.5,58.5,30,16.666666666666664
1782217733.117476,516,506,31,31,25,99.44123151285866,19375,97.5,58.5,30,16.666666666666664
1782217733.2168524,516,506,31,31,25,99.44123151285866,19375,97.5,58.5,30,16.666666666666664
1782217733.3171687,515,506,30,30,25,99.44123151285866,19375,97.5,58.5,30,16.666666666666664
1782217733.4175563,516,506,31,31,25,99.44123151285866,19375,97.5,58.5,30,16.666666666666664
1782217733.5167851,516,506,31,31,25,99.45839743969094,19375,97.5,58.5,30,16.666666666666664
1782217733.6171896,517,506,32,32,25,99.41785836011424,19375,97.5,58.5,30,16.666666666666664
1782217733.717532,516,505,31,31,24,99.43825668178825,19375,97.5,58.5,30,20.0
1782217733.8167574,515,506,30,30,25,99.41785836011424,19375,97.5,58.5,30,16.666666666666664
1782217733.917147,516,506,31,31,25,99.41785836011424,19375,97.5,58.5,30,16.666666666666664
1782217734.0176134,515,506,30,30,25,99.4,19375,97.5,58.5,30,16.666666666666664
1782217734.1168668,516,506,31,31,25,99.4,19375,97.5,58.5,30,16.666666666666664
1782217734.2172549,516,506,31,31,25,99.41785836011424,19375,97.5,58.5,30,16.666666666666664
1782217734.3176386,516,506,31,31,25,99.41785836011424,19375,97.5,58.5,30,16.666666666666664
1782217734.416911,516,506,31,31,25,99.43825668178825,19375,97.5,58.5,30,16.666666666666664
1782217734.517152,517,505,32,32,24,99.40278423776104,19375,97.5,58.5,30,20.0
1782217734.6165981,516,506,31,31,25,99.42651164886382,19375,97.5,58.5,30,16.666666666666664
1782217734.716512,516,506,31,31,25,99.42651164886382,19375,97.5,58.5,30,16.666666666666664
1782217734.8168309,515,506,30,30,25,99.40278423776104,19375,97.5,58.5,30,16.666666666666664
1782217734.916141,515,506,30,30,25,99.40278423776104,19375,97.5,58.5,30,16.666666666666664
1782217735.0165138,516,506,31,31,25,99.40278423776104,19375,97.5,58.5,30,16.666666666666664
1782217735.1168199,516,506,31,31,25,99.40278423776104,19375,97.5,58.5,30,16.666666666666664
1782217735.2165918,516,504,31,31,23,99.40278423776104,19375,97.5,58.5,30,23.333333333333332
1782217735.3169343,516,506,31,31,25,99.43825668178825,19375,97.5,58.5,30,16.666666666666664
1782217735.4173245,516,506,31,31,25,99.46148351928655,19375,97.5,58.5,30,16.666666666666664
1782217735.5166936,516,505,31,31,24,99.46148351928655,19375,97.5,58.5,30,20.0
1782217735.616937,516,506,31,31,25,99.46148351928655,19375,97.5,58.5,30,16.666666666666664
1782217735.7173371,516,505,31,31,24,99.46148351928655,19375,97.5,58.5,30,20.0
1782217735.8165596,517,506,32,32,25,99.42651164886382,19375,97.5,58.5,30,16.666666666666664
1782217735.917025,516,507,31,31,26,99.45329268443811,19375,97.5,58.5,30,13.333333333333334
1782217736.1167448,515,506,30,30,25,99.46148351928655,19375,97.5,58.5,30,16.666666666666664
1782217736.216991,516,506,31,31,25,99.46148351928655,19375,97.5,58.5,30,16.666666666666664
1782217736.3173962,515,506,30,30,25,99.43825668178825,19375,97.5,58.5,30,16.666666666666664
1782217736.4166768,515,506,30,30,25,99.43825668178825,19375,97.5,58.5,30,16.666666666666664
1782217736.517007,516,6,31,31,475,99.43825668178825,19375,97.5,58.5,30,0
1782217736.6172996,516,506,31,31,25,99.43825668178825,19375,97.5,58.5,30,16.666666666666664
1782217736.7166748,516,505,31,31,24,99.47825080525006,19375,97.5,58.5,30,20.0
1782217736.8169813,516,505,31,31,24,99.47825080525006,19375,97.5,58.5,30,20.0
1782217736.9174025,516,506,31,31,25,99.50111234843014,19375,97.5,58.5,30,16.666666666666664
1782217737.0166914,516,505,31,31,24,99.50111234843014,19375,97.5,58.5,30,20.0
1782217737.217422,516,506,31,31,25,99.52741843737473,19375,97.5,58.5,30,16.666666666666664
1782217737.3167348,516,507,31,31,26,99.52741843737473,19375,97.5,58.5,30,13.333333333333334
1782217737.4170475,516,506,31,31,25,99.52741843737473,19375,97.5,58.5,30,16.666666666666664
1782217737.5174894,516,505,31,31,24,99.52741843737473,19375,97.5,58.5,30,20.0
1782217737.6168897,515,507,30,30,26,99.50111234843014,19375,97.5,58.5,30,13.333333333333334
1782217737.7170384,516,506,31,31,25,99.54661764970882,19375,97.5,58.5,30,16.666666666666664
1782217737.8163495,516,506,31,31,25,99.54661764970882,19375,97.5,58.5,30,16.666666666666664
1782217737.9168704,515,505,30,30,24,99.52390477143048,19375,97.5,58.5,30,20.0
1782217738.017136,517,506,32,32,25,99.50111234843014,19375,97.5,58.5,30,16.666666666666664
1782217738.1164045,515,506,30,30,25,99.50111234843014,19375,97.5,58.5,30,16.666666666666664
1782217738.2168417,516,506,31,31,25,99.50111234843014,19375,97.5,58.5,30,16.666666666666664
1782217738.3171637,516,506,31,31,25,99.50111234843014,19375,97.5,58.5,30,16.666666666666664
1782217738.4160635,515,506,30,30,25,99.47825080525006,19375,97.5,58.5,30,16.666666666666664
1782217738.5164506,516,506,31,31,25,99.47825080525006,19375,97.5,58.5,30,16.666666666666664
1782217738.6167405,516,505,31,31,24,99.47825080525006,19375,97.5,58.5,30,20.0
1782217738.7160735,516,506,31,31,25,99.47825080525006,19375,97.5,58.5,30,16.666666666666664
1782217738.8164225,516,506,31,31,25,99.47825080525006,19375,97.5,58.5,30,16.666666666666664
1782217738.916746,515,506,30,30,25,99.45839743969094,19375,97.5,58.5,30,16.666666666666664
1782217739.0160754,515,506,30,30,25,99.48792361680876,19375,97.5,58.5,30,16.666666666666664
1782217739.1164365,516,505,31,31,24,99.48792361680876,19375,97.5,58.5,30,20.0
1782217739.2167873,517,507,32,32,26,99.45839743969094,19375,97.5,58.5,30,13.333333333333334
1782217739.3161259,516,506,31,31,25,99.45839743969094,19375,97.5,58.5,30,16.666666666666664
1782217739.4164102,516,506,31,31,25,99.47825080525006,19375,97.5,58.5,30,16.666666666666664
1782217739.5167727,516,506,31,31,25,99.50111234843014,19375,97.5,58.5,30,16.666666666666664
1782217739.6161075,517,506,32,32,25,99.46148351928655,19375,97.5,58.5,30,16.666666666666664
1782217739.7164502,516,507,31,31,26,99.46148351928655,19375,97.5,58.5,30,13.333333333333334
1782217739.8168375,516,506,31,31,25,99.46148351928655,19375,97.5,58.5,30,16.666666666666664
1782217739.916482,517,507,32,32,26,99.42651164886382,19375,97.5,58.5,30,13.333333333333334
1782217740.0168052,515,507,30,30,26,99.40278423776104,19375,97.5,58.5,30,13.333333333333334
1782217740.1173248,517,506,32,32,25,99.37106792452956,19375,97.5,58.5,30,16.666666666666664
1782217740.2164686,516,506,31,31,25,99.37106792452956,19375,97.5,58.5,30,16.666666666666664
1782217740.3167813,516,506,31,31,25,99.37106792452956,19375,97.5,58.5,30,16.666666666666664
1782217740.4171126,515,505,30,30,24,99.34935929013523,19375,97.5,58.5,30,20.0
1782217740.5164824,516,505,31,31,24,99.34935929013523,19375,97.5,58.5,30,20.0
1782217740.6167626,516,506,31,31,25,99.37106792452956,19375,97.5,58.5,30,16.666666666666664
1782217740.7171466,516,506,31,31,25,99.37106792452956,19375,97.5,58.5,30,16.666666666666664
1782217740.8165216,515,506,30,30,25,99.34935929013523,19375,97.5,58.5,30,16.666666666666664
1782217740.9168344,516,506,31,31,25,99.37106792452956,19375,97.5,58.5,30,16.666666666666664
1782217741.0162156,517,507,32,32,26,99.37106792452956,19375,97.5,58.5,30,13.333333333333334
1782217741.116574,516,506,31,31,25,99.39538809509277,19375,97.5,58.5,30,16.666666666666664
1782217741.216901,516,506,31,31,25,99.39538809509277,19375,97.5,58.5,30,16.666666666666664
1782217741.3161805,516,506,31,31,25,99.39538809509277,19375,97.5,58.5,30,16.666666666666664
1782217741.4166694,516,506,31,31,25,99.42264973081038,19375,97.5,58.5,30,16.666666666666664
1782217741.5169282,516,506,31,31,25,99.42264973081038,19375,97.5,58.5,30,16.666666666666664
1782217741.616212,516,507,31,31,26,99.42264973081038,19375,97.5,58.5,30,13.333333333333334
1782217741.7166653,515,506,30,30,25,99.39538809509277,19375,97.5,58.5,30,16.666666666666664
1782217741.8170283,516,506,31,31,25,99.39538809509277,19375,97.5,58.5,30,16.666666666666664
1782217741.916255,516,506,31,31,25,99.42264973081038,19375,97.5,58.5,30,16.666666666666664
1782217742.0166483,515,506,30,30,25,99.42264973081038,19375,97.5,58.5,30,16.666666666666664
1782217742.1169627,517,506,32,32,25,99.39538809509277,19375,97.5,58.5,30,16.666666666666664
1782217742.2158973,517,505,32,32,24,99.39538809509277,19375,97.5,58.5,30,20.0
1782217742.316206,516,506,31,31,25,99.39538809509277,19375,97.5,58.5,30,16.666666666666664
1782217742.4169858,516,506,31,31,25,99.39538809509277,19375,97.5,58.5,30,16.666666666666664
1782217742.5165138,517,506,32,32,25,99.37106792452956,19375,97.5,58.5,30,16.666666666666664
1782217742.6167898,516,507,31,31,26,99.39538809509277,19375,97.5,58.5,30,13.333333333333334
1782217742.717192,516,506,31,31,25,99.39538809509277,19375,97.5,58.5,30,16.666666666666664
1782217742.8165197,515,506,30,30,25,99.36754446796633,19375,97.5,58.5,30,16.666666666666664
1782217742.9169564,516,506,31,31,25,99.39538809509277,19375,97.5,58.5,30,16.666666666666664
1782217743.0172403,516,506,31,31,25,99.42264973081038,19375,97.5,58.5,30,16.666666666666664
1782217743.1165314,508,506,23,23,25,98.46920499957267,19375,97.5,58.5,30,16.666666666666664
1782217743.2168953,507,507,22,22,26,97.81520405224347,19375,97.5,58.5,30,13.333333333333334
1782217743.3172984,507,506,22,22,25,97.34984277195987,19375,97.5,58.5,30,16.666666666666664
1782217743.416719,508,506,23,23,25,97.05910066665163,19375,97.5,58.5,30,16.666666666666664
1782217743.5169134,509,506,24,24,25,96.88569608276762,19375,97.5,58.5,30,16.666666666666664
1782217743.6173701,507,505,22,22,24,96.61047364829702,19375,97.5,58.5,30,20.0
1782217743.716646,508,506,23,23,25,96.44159836131132,19375,97.5,58.5,30,16.666666666666664
1782217743.8169918,513,506,28,28,25,96.44097391598956,19375,97.5,58.5,30,16.666666666666664
1782217743.9172876,507,508,22,22,27,96.2481115865918,19375,97.5,58.5,30,10.0
1782217744.0166008,510,505,25,25,24,96.24293258570523,19375,97.5,58.5,30,20.0
1782217744.1170998,508,505,23,23,24,96.14945891248169,19375,97.5,58.5,30,20.0
1782217744.216434,512,506,27,27,25,96.17958699149483,19375,97.5,58.5,30,16.666666666666664
1782217744.3167684,508,508,23,23,27,96.11498605751108,19375,97.5,58.5,30,10.0
1782217744.5164385,508,505,23,23,24,96.06949254053768,19375,97.5,58.5,30,20.0
1782217744.6168046,508,506,23,23,25,96.04244744542511,19375,97.5,58.5,30,16.666666666666664
1782217744.717163,508,507,23,23,26,96.0334733918284,19375,97.5,58.5,30,13.333333333333334
1782217744.8164709,8,506,477,477,25,19.10857070533781,4224,253.5,152.1,30,16.666666666666664
1782217744.9167647,508,507,23,23,26,19.0599055542379,19375,97.5,58.5,30,13.333333333333334
1782217745.0172057,508,506,23,23,25,19.012147687309167,19375,97.5,58.5,30,16.666666666666664
1782217745.1164436,509,506,24,24,25,18.976923726083513,19375,97.5,58.5,30,16.666666666666664
1782217745.2167923,508,506,23,23,25,18.926891703297272,19375,97.5,58.5,30,16.666666666666664
1782217745.416508,508,506,23,23,25,18.877999969867062,19375,97.5,58.5,30,16.666666666666664
1782217745.6171057,507,506,22,22,25,18.826550591410196,19375,97.5,58.5,30,16.666666666666664
1782217745.716326,508,507,23,23,26,18.78341712843779,19375,97.5,58.5,30,13.333333333333334
1782217745.9170501,508,505,23,23,24,18.737811170672174,19375,97.5,58.5,30,20.0
1782217746.0163836,508,506,23,23,25,18.696583370958166,19375,97.5,58.5,30,16.666666666666664
1782217746.1168346,507,506,22,22,25,18.649428056371022,19375,97.5,58.5,30,16.666666666666664
1782217746.2172623,509,506,24,24,25,18.61984954002058,19375,97.5,58.5,30,16.666666666666664
1782217746.316554,509,505,24,24,24,18.587408836224853,19375,97.5,58.5,30,20.0
1782217746.5173042,509,506,24,24,25,18.555649537722857,19375,97.5,58.5,30,16.666666666666664
1782217746.6166341,507,506,22,22,25,18.549121824528157,19375,97.5,58.5,30,16.666666666666664
1782217746.717067,508,506,23,23,25,18.555649537722857,19375,97.5,58.5,30,16.666666666666664
1782217746.8173027,508,506,23,23,25,18.562191417826895,19375,97.5,58.5,30,16.666666666666664
1782217746.9164672,508,506,23,23,25,18.562191417826895,19375,97.5,58.5,30,16.666666666666664
1782217747.0169964,509,506,24,24,25,18.562191417826895,19375,97.5,58.5,30,16.666666666666664
1782217747.2163904,507,506,22,22,25,18.562191417826895,19375,97.5,58.5,30,16.666666666666664
1782217747.316771,508,506,23,23,25,18.562191417826895,19375,97.5,58.5,30,16.666666666666664
1782217747.4161716,509,505,24,24,24,18.541837596087262,19375,97.5,58.5,30,20.0
1782217747.6168392,509,506,24,24,25,18.554442178293797,19375,97.5,58.5,30,16.666666666666664
1782217747.7161953,509,506,24,24,25,18.548746684494375,19375,97.5,58.5,30,16.666666666666664
1782217747.8165104,507,506,22,22,25,18.54224680513491,19375,97.5,58.5,30,16.666666666666664
1782217748.0161097,508,506,23,23,25,18.5204797374075,19375,97.5,58.5,30,16.666666666666664
1782217748.116454,509,507,24,24,26,18.526514197016894,19375,97.5,58.5,30,13.333333333333334
1782217748.2167516,507,506,22,22,25,18.52007063767857,19375,97.5,58.5,30,16.666666666666664
1782217748.316111,508,506,23,23,25,18.52007063767857,19375,97.5,58.5,30,16.666666666666664
1782217748.416461,507,506,22,22,25,18.513641223412947,19375,97.5,58.5,30,16.666666666666664
1782217748.516861,508,506,23,23,25,99.27275252569095,19375,97.5,58.5,30,16.666666666666664
1782217748.6161416,508,506,23,23,25,99.27275252569095,19375,97.5,58.5,30,16.666666666666664
1782217748.716573,509,506,24,24,25,99.25389902381335,19375,97.5,58.5,30,16.666666666666664
1782217748.816832,508,505,23,23,24,99.27275252569095,19375,97.5,58.5,30,20.0
1782217748.9160872,509,506,24,24,25,99.25389902381335,19375,97.5,58.5,30,16.666666666666664
1782217749.016476,508,505,23,23,24,99.25389902381335,19375,97.5,58.5,30,20.0
1782217749.1167963,508,506,23,23,25,99.2819780257154,19375,97.5,58.5,30,16.666666666666664
1782217749.2161887,508,506,23,23,25,99.2819780257154,19375,97.5,58.5,30,16.666666666666664
1782217749.4169111,508,506,23,23,25,99.2819780257154,19375,97.5,58.5,30,16.666666666666664
1782217749.5162735,508,506,23,23,25,99.2819780257154,19375,97.5,58.5,30,16.666666666666664
1782217749.616533,508,507,23,23,26,99.31281572906373,19375,97.5,58.5,30,13.333333333333334
1782217749.7169266,508,506,23,23,25,99.33000829192527,19375,97.5,58.5,30,16.666666666666664
1782217749.8164673,508,506,23,23,25,99.34935929013523,19375,97.5,58.5,30,16.666666666666664
1782217749.9168465,509,506,24,24,25,99.34935929013523,19375,97.5,58.5,30,16.666666666666664
1782217750.017189,508,6,23,23,475,99.38175876696695,19375,97.5,58.5,30,0
1782217750.1161637,508,506,23,23,25,99.38175876696695,19375,97.5,58.5,30,16.666666666666664
1782217750.2165818,508,506,23,23,25,99.38175876696695,19375,97.5,58.5,30,16.666666666666664
1782217750.3169131,509,506,24,24,25,99.36316756084857,19375,97.5,58.5,30,16.666666666666664
1782217750.4163191,508,507,23,23,26,99.38175876696695,19375,97.5,58.5,30,13.333333333333334
1782217750.5165813,508,506,23,23,25,99.41785836011424,19375,97.5,58.5,30,16.666666666666664
1782217750.6158774,507,506,22,22,25,99.38175876696695,19375,97.5,58.5,30,16.666666666666664
1782217750.7162955,507,505,22,22,24,99.37106792452956,19375,97.5,58.5,30,20.0
1782217750.8168657,508,506,23,23,25,99.39538809509277,19375,97.5,58.5,30,16.666666666666664
1782217751.0163782,509,506,24,24,25,99.39538809509277,19375,97.5,58.5,30,16.666666666666664
1782217751.1166546,507,50,22,22,431,99.39538809509277,19375,97.5,58.5,431,0
1782217751.21608,508,507,23,23,26,99.39538809509277,19375,97.5,58.5,431,93.96751740139212
1782217751.3163447,508,506,23,23,25,99.42264973081038,19375,97.5,58.5,431,94.19953596287704
1782217751.4167438,508,505,23,23,24,99.45329268443811,19375,97.5,58.5,431,94.43155452436194
1782217751.5160842,508,507,23,23,26,99.45329268443811,19375,97.5,58.5,431,93.96751740139212
1782217751.6163468,508,505,23,23,24,99.48792361680876,19375,97.5,58.5,431,94.43155452436194
1782217751.716779,508,506,23,23,25,99.48792361680876,19375,97.5,58.5,431,94.19953596287704
1782217751.8159673,508,506,23,23,25,99.48792361680876,19375,97.5,58.5,431,94.19953596287704
1782217752.0168474,510,507,25,25,26,99.40278423776104,19375,97.5,58.5,431,93.96751740139212
1782217752.1608846,517,506,32,32,25,98.29510508632741,19375,97.5,58.5,431,94.19953596287704
1782217752.2592485,516,57,31,31,424,97.8169847559956,19375,97.5,58.5,431,1.6241299303944314
1782217752.3594954,514,507,29,29,26,97.61835724294717,19375,97.5,58.5,431,93.96751740139212
1782217752.4590876,516,505,31,31,24,97.3,19375,97.5,58.5,431,94.43155452436194
1782217752.559463,516,506,31,31,25,97.03933190722844,19375,97.5,58.5,431,94.19953596287704
1782217752.6597788,516,505,31,31,24,96.8221250986093,19375,97.5,58.5,431,94.43155452436194
1782217752.7591116,516,506,31,31,25,96.63994047671771,19375,97.5,58.5,431,94.19953596287704
1782217752.8594325,517,505,32,32,24,96.42788578010165,19375,97.5,58.5,431,94.43155452436194
1782217753.1595445,516,506,31,31,25,96.30555973266736,19375,97.5,58.5,431,94.19953596287704
1782217753.2596498,516,506,31,31,25,96.20585245996475,19375,97.5,58.5,431,94.19953596287704
1782217753.3590913,517,506,32,32,25,96.05876499897134,19375,97.5,58.5,431,94.19953596287704
1782217753.4593852,516,506,31,31,25,96.00055559414116,19375,97.5,58.5,431,94.19953596287704
1782217753.5597324,516,506,31,31,25,95.9607481440797,19375,97.5,58.5,431,94.19953596287704
1782217753.660034,517,506,32,32,25,95.90054204125039,19375,97.5,58.5,431,94.19953596287704
1782217753.7604492,516,506,31,31,25,95.86935571342408,19375,97.5,58.5,431,94.19953596287704
1782217753.8597302,515,505,30,30,24,95.90813815808337,19375,97.5,58.5,431,94.43155452436194
1782217753.96013,517,506,32,32,25,95.90447398575796,19375,97.5,58.5,431,94.19953596287704
1782217754.060467,516,506,31,31,25,95.99708439592672,19375,97.5,58.5,431,94.19953596287704
1782217754.1598318,516,505,31,31,24,96.11498605751108,19375,97.5,58.5,431,94.43155452436194
1782217754.2600923,516,506,31,31,25,96.20760995911256,19375,97.5,58.5,431,94.19953596287704
1782217754.3604639,516,506,31,31,25,96.27486018159497,19375,97.5,58.5,431,94.19953596287704
1782217754.4597788,515,506,30,30,25,96.48353081123187,19375,97.5,58.5,431,94.19953596287704
1782217754.5602102,516,507,31,31,26,96.64656063785917,19375,97.5,58.5,431,93.96751740139212
1782217754.6605844,515,506,30,30,25,96.85110248570146,19375,97.5,58.5,431,94.19953596287704
1782217754.7599754,516,505,31,31,24,97.07957385149207,19375,97.5,58.5,431,94.43155452436194
1782217754.8602233,516,506,31,31,25,97.35424868893541,19375,97.5,58.5,431,94.19953596287704
1782217754.9605815,516,506,31,31,25,97.69156137424257,19375,97.5,58.5,431,94.19953596287704
1782217755.1602123,517,506,32,32,25,98.10820485017831,19375,97.5,58.5,431,94.19953596287704
1782217755.2605858,515,506,30,30,25,98.72459156868607,19375,97.5,58.5,431,94.19953596287704
1782217755.360015,517,506,32,32,25,99.29367932998609,19375,97.5,58.5,431,94.19953596287704
1782217755.4602306,516,506,31,31,25,99.31686994893603,19375,97.5,58.5,431,94.19953596287704
1782217755.5605874,516,505,31,31,24,99.31686994893603,19375,97.5,58.5,431,94.43155452436194
1782217755.6600208,1,506,484,484,25,18.694369472000545,4163,253.5,152.1,431,94.19953596287704
1782217755.7603025,516,507,31,31,26,18.694369472000545,19375,97.5,58.5,431,93.96751740139212
1782217755.8606176,516,506,31,31,25,18.694369472000545,19375,97.5,58.5,431,94.19953596287704
1782217755.9600172,516,506,31,31,25,18.694369472000545,19375,97.5,58.5,431,94.19953596287704
1782217756.0603328,517,506,32,32,25,18.70038950482808,19375,97.5,58.5,431,94.19953596287704
1782217756.1606555,517,505,32,32,24,18.70038950482808,19375,97.5,58.5,431,94.43155452436194
1782217756.2599828,516,507,31,31,26,18.70038950482808,19375,97.5,58.5,431,93.96751740139212
1782217756.3603017,516,506,31,31,25,18.70038950482808,19375,97.5,58.5,431,94.19953596287704
1782217756.4606545,517,505,32,32,24,18.70038950482808,19375,97.5,58.5,431,94.43155452436194
1782217756.559465,516,506,31,31,25,18.70038950482808,19375,97.5,58.5,431,94.19953596287704
1782217756.6598446,517,506,32,32,25,18.706423651339122,19375,97.5,58.5,431,94.19953596287704
1782217756.7591603,516,506,31,31,25,18.70038950482808,19375,97.5,58.5,431,94.19953596287704
1782217756.859468,516,507,31,31,26,18.70038950482808,19375,97.5,58.5,431,93.96751740139212
1782217756.9598339,516,506,31,31,25,18.706833688870944,19375,97.5,58.5,431,94.19953596287704
1782217757.1594756,517,506,32,32,25,18.706833688870944,19375,97.5,58.5,431,94.19953596287704
1782217757.259733,516,506,31,31,25,18.706833688870944,19375,97.5,58.5,431,94.19953596287704
1782217757.359079,515,506,30,30,25,18.70038950482808,19375,97.5,58.5,431,94.19953596287704
1782217757.4594028,516,506,31,31,25,18.70038950482808,19375,97.5,58.5,431,94.19953596287704
1782217757.5597477,516,505,31,31,24,18.70038950482808,19375,97.5,58.5,431,94.43155452436194
1782217757.659066,515,506,30,30,25,18.70038950482808,19375,97.5,58.5,431,94.19953596287704
1782217757.759403,516,506,31,31,25,18.70038950482808,19375,97.5,58.5,431,94.19953596287704
1782217757.8597806,516,506,31,31,25,18.706833688870944,19375,97.5,58.5,431,94.19953596287704
1782217757.9590924,516,506,31,31,25,18.706833688870944,19375,97.5,58.5,431,94.19953596287704
1782217758.0594423,516,506,31,31,25,18.706833688870944,19375,97.5,58.5,431,94.19953596287704
1782217758.1597896,516,506,31,31,25,18.706833688870944,19375,97.5,58.5,431,94.19953596287704
1782217758.2595623,516,506,31,31,25,18.70079951192632,19375,97.5,58.5,431,94.19953596287704
1782217758.3599007,516,506,31,31,25,18.70724372847097,19375,97.5,58.5,431,94.19953596287704
1782217758.4603002,516,505,31,31,24,18.70120952109231,19375,97.5,58.5,431,94.43155452436194
1782217758.559533,515,506,30,30,25,18.694779448740874,19375,97.5,58.5,431,94.19953596287704
1782217758.6599247,516,506,31,31,25,18.694779448740874,19375,97.5,58.5,431,94.19953596287704
1782217758.7602196,515,506,30,30,25,99.45329268443811,19375,97.5,58.5,431,94.19953596287704
1782217758.8598099,516,506,31,31,25,99.45329268443811,19375,97.5,58.5,431,94.19953596287704
1782217758.9600906,515,507,30,30,26,99.42264973081038,19375,97.5,58.5,431,93.96751740139212
1782217759.060442,514,505,29,29,24,99.32013073152096,19375,97.5,58.5,431,94.43155452436194
1782217759.1597996,516,506,31,31,25,99.34935929013523,19375,97.5,58.5,431,94.19953596287704
1782217759.259924,517,507,32,32,26,99.34935929013523,19375,97.5,58.5,431,93.96751740139212
1782217759.3602428,516,506,31,31,25,99.34935929013523,19375,97.5,58.5,431,94.19953596287704
1782217759.459663,516,506,31,31,25,99.34935929013523,19375,97.5,58.5,431,94.19953596287704
1782217759.5599623,516,506,31,31,25,99.38175876696695,19375,97.5,58.5,431,94.19953596287704
1782217759.6604383,516,506,31,31,25,99.38175876696695,19375,97.5,58.5,431,94.19953596287704
1782217759.759776,515,506,30,30,25,99.4,19375,97.5,58.5,431,94.19953596287704
1782217759.8599179,516,506,31,31,25,99.4,19375,97.5,58.5,431,94.19953596287704
1782217759.9593284,515,505,30,30,24,99.38446048957935,19375,97.5,58.5,431,94.43155452436194
1782217760.059657,515,506,30,30,25,99.37106792452956,19375,97.5,58.5,431,94.19953596287704
1782217760.1600354,516,505,31,31,24,99.41405347229177,19375,97.5,58.5,431,94.43155452436194
1782217760.2593572,516,506,31,31,25,99.41405347229177,19375,97.5,58.5,431,94.19953596287704
1782217760.359728,517,507,32,32,26,99.38446048957935,19375,97.5,58.5,431,93.96751740139212
1782217760.4600098,16,506,469,469,25,21.330868682676922,4296,253.5,152.1,431,94.19953596287704
1782217760.5593941,516,506,31,31,25,21.330868682676922,19375,97.5,58.5,431,94.19953596287704
1782217760.6597328,515,506,30,30,25,21.330868682676922,19375,97.5,58.5,431,94.19953596287704
1782217760.7600343,516,505,31,31,24,21.330868682676922,19375,97.5,58.5,431,94.43155452436194
1782217760.9597263,516,506,31,31,25,21.330868682676922,19375,97.5,58.5,431,94.19953596287704
1782217761.0600343,516,506,31,31,25,21.330868682676922,19375,97.5,58.5,431,94.19953596287704
1782217761.1594195,517,506,32,32,25,21.336751486690645,19375,97.5,58.5,431,94.19953596287704
1782217761.2597473,516,506,31,31,25,21.336751486690645,19375,97.5,58.5,431,94.19953596287704
1782217761.3600311,517,507,32,32,26,21.342648856646022,19375,97.5,58.5,431,93.96751740139212
1782217761.4594715,517,505,32,32,24,21.34856079581958,19375,97.5,58.5,431,94.43155452436194
1782217761.559878,516,506,31,31,25,21.34856079581958,19375,97.5,58.5,431,94.19953596287704
1782217761.6600547,516,506,31,31,25,21.35491115142662,19375,97.5,58.5,431,94.19953596287704
1782217761.7595234,517,506,32,32,25,21.36085227092326,19375,97.5,58.5,431,94.19953596287704
1782217761.8598723,517,507,32,32,26,21.373202193314953,19375,97.5,58.5,431,93.96751740139212
1782217761.9601474,516,506,31,31,25,21.373202193314953,19375,97.5,58.5,431,94.19953596287704
1782217762.0594387,517,507,32,32,26,21.38561059053997,19375,97.5,58.5,431,93.96751740139212
1782217762.1598313,516,506,31,31,25,21.398925650542864,19375,97.5,58.5,431,94.19953596287704
1782217762.2602592,517,505,32,32,24,21.404969057268715,19375,97.5,58.5,431,94.43155452436194
1782217762.3594801,516,506,31,31,25,21.398925650542864,19375,97.5,58.5,431,94.19953596287704
1782217762.4597607,516,506,31,31,25,21.398925650542864,19375,97.5,58.5,431,94.19953596287704
1782217762.5601046,516,506,31,31,25,21.398925650542864,19375,97.5,58.5,431,94.19953596287704
1782217762.6593943,516,506,31,31,25,21.398925650542864,19375,97.5,58.5,431,94.19953596287704
1782217762.7597415,516,506,31,31,25,21.398925650542864,19375,97.5,58.5,431,94.19953596287704
1782217762.860159,516,506,31,31,25,21.40539317343574,19375,97.5,58.5,431,94.19953596287704
1782217763.0598602,517,506,32,32,25,21.41145121584188,19375,97.5,58.5,431,94.19953596287704
1782217763.1590886,516,506,31,31,25,21.41794804862316,19375,97.5,58.5,431,94.19953596287704
1782217763.2594528,515,506,30,30,25,21.41794804862316,19375,97.5,58.5,431,94.19953596287704
1782217763.3598032,517,506,32,32,25,21.424035340174015,19375,97.5,58.5,431,94.19953596287704
1782217763.4591348,516,506,31,31,25,21.424035340174015,19375,97.5,58.5,431,94.19953596287704
1782217763.659846,516,506,31,31,25,21.41794804862316,19375,97.5,58.5,431,94.19953596287704
1782217763.8595393,516,506,31,31,25,99.44123151285866,19375,97.5,58.5,431,94.19953596287704
1782217763.9598475,516,506,31,31,25,99.44123151285866,19375,97.5,58.5,431,94.19953596287704
1782217764.0591881,515,505,30,30,24,99.44123151285866,19375,97.5,58.5,431,94.43155452436194
1782217764.159529,516,506,31,31,25,99.44123151285866,19375,97.5,58.5,431,94.19953596287704
1782217764.2598279,516,506,31,31,25,99.44123151285866,19375,97.5,58.5,431,94.19953596287704
1782217764.3592055,516,506,31,31,25,99.44123151285866,19375,97.5,58.5,431,94.19953596287704
1782217764.4596019,516,506,31,31,25,99.45839743969094,19375,97.5,58.5,431,94.19953596287704
1782217764.5598443,516,506,31,31,25,99.45839743969094,19375,97.5,58.5,431,94.19953596287704
1782217764.6588335,517,506,32,32,25,99.45839743969094,19375,97.5,58.5,431,94.19953596287704
1782217764.7591271,516,506,31,31,25,99.47825080525006,19375,97.5,58.5,431,94.19953596287704
1782217764.8594897,56,505,429,429,24,28.58586352206666,4696,253.5,152.1,431,94.43155452436194
1782217764.9588227,517,506,32,32,25,28.591908332769776,19375,97.5,58.5,431,94.19953596287704
1782217765.059171,516,505,31,31,24,28.58586352206666,19375,97.5,58.5,431,94.43155452436194
1782217765.1595397,516,506,31,31,25,28.57983478036472,19375,97.5,58.5,431,94.19953596287704
1782217765.2588599,516,505,31,31,24,28.57983478036472,19375,97.5,58.5,431,94.43155452436194
1782217765.3591833,516,506,31,31,25,28.573822103595035,19375,97.5,58.5,431,94.19953596287704
1782217765.4595423,516,505,31,31,24,28.573822103595035,19375,97.5,58.5,431,94.43155452436194
1782217765.5588598,516,509,31,31,28,28.567825487700887,19375,97.5,58.5,431,93.50348027842227
1782217765.659246,516,506,31,31,25,28.567825487700887,19375,97.5,58.5,431,94.19953596287704
1782217765.7595396,518,506,33,33,25,28.579368060296005,19375,97.5,58.5,431,94.19953596287704
1782217765.858861,514,504,29,29,23,28.565958939576845,19375,97.5,58.5,431,94.66357308584686
1782217765.9592607,516,506,31,31,25,28.565958939576845,19375,97.5,58.5,431,94.19953596287704
1782217766.0595686,517,507,32,32,26,28.571955398768225,19375,97.5,58.5,431,93.96751740139212
1782217766.1588802,516,57,31,31,424,28.571955398768225,19375,97.5,58.5,431,1.6241299303944314
1782217766.259307,516,507,31,31,26,28.565958939576845,19375,97.5,58.5,431,93.96751740139212
1782217766.3586013,515,505,30,30,24,28.559511946422617,19375,97.5,58.5,431,94.43155452436194
1782217766.45888,514,505,29,29,24,28.55261454126618,19375,97.5,58.5,431,94.43155452436194
1782217766.5593054,516,506,31,31,25,28.546666355663362,19375,97.5,58.5,431,94.19953596287704
1782217766.6585941,516,506,31,31,25,28.546666355663362,19375,97.5,58.5,431,94.19953596287704
1782217766.758963,515,506,30,30,25,28.540267749358776,19375,97.5,58.5,431,94.19953596287704
1782217766.859363,517,507,32,32,26,28.54619985224329,19375,97.5,58.5,431,93.96751740139212
1782217766.9586318,516,507,31,31,26,28.54619985224329,19375,97.5,58.5,431,93.96751740139212
1782217767.0589612,516,506,31,31,25,28.55261454126618,19375,97.5,58.5,431,94.19953596287704
1782217767.1593626,55,506,430,430,25,0.5935336330902743,4686,253.5,152.1,431,94.19953596287704
1782217767.2586324,516,506,31,31,25,0.5935336330902743,19375,97.5,58.5,431,94.19953596287704
1782217767.359003,515,505,30,30,24,0.5844635437252776,19375,97.5,58.5,431,94.43155452436194
1782217767.4593527,515,505,30,30,24,0.5754054572008869,19375,97.5,58.5,431,94.43155452436194
1782217767.5586388,516,506,31,31,25,0.5754054572008869,19375,97.5,58.5,431,94.19953596287704
1782217767.6589887,517,506,32,32,25,0.5754054572008869,19375,97.5,58.5,431,94.19953596287704
1782217767.7593255,516,506,31,31,25,0.5754054572008869,19375,97.5,58.5,431,94.19953596287704
1782217767.8586535,516,506,31,31,25,28.360307401863068,19375,97.5,58.5,431,94.19953596287704
1782217767.9590178,516,506,31,31,25,28.354390690473338,19375,97.5,58.5,431,94.19953596287704
1782217768.0593321,516,506,31,31,25,28.354390690473338,19375,97.5,58.5,431,94.19953596287704
1782217768.158658,515,506,30,30,25,28.348024761660923,19375,97.5,58.5,431,94.19953596287704
1782217768.2590132,516,505,31,31,24,28.348024761660923,19375,97.5,58.5,431,94.43155452436194
1782217768.3593524,515,505,30,30,24,28.34167490405909,19375,97.5,58.5,431,94.43155452436194
1782217768.4587183,516,505,31,31,24,28.34167490405909,19375,97.5,58.5,431,94.43155452436194
1782217768.559038,517,506,32,32,25,28.347559551525237,19375,97.5,58.5,431,94.19953596287704
1782217768.6593795,516,506,31,31,25,28.347559551525237,19375,97.5,58.5,431,94.19953596287704
1782217768.7587075,516,506,31,31,25,28.336271378053468,19375,97.5,58.5,431,94.19953596287704
1782217768.9594018,515,506,30,30,25,28.34307042891416,19375,97.5,58.5,431,94.19953596287704
1782217769.0587485,516,505,31,31,24,28.34307042891416,19375,97.5,58.5,431,94.43155452436194
1782217769.1590526,516,506,31,31,25,28.33720165478698,19375,97.5,58.5,431,94.19953596287704
1782217769.2594032,516,506,31,31,25,28.33720165478698,19375,97.5,58.5,431,94.19953596287704
1782217769.3587542,516,506,31,31,25,28.33720165478698,19375,97.5,58.5,431,94.19953596287704
1782217769.459092,516,507,31,31,26,28.343535609905445,19375,97.5,58.5,431,93.96751740139212
1782217769.5584111,515,50,30,30,431,28.35035085764744,19375,97.5,58.5,431,0
1782217769.6587932,515,506,30,30,25,28.34400079391662,19375,97.5,58.5,431,94.19953596287704
1782217769.7591112,516,506,31,31,25,28.34400079391662,19375,97.5,58.5,431,94.19953596287704
1782217769.8584383,513,506,28,28,25,28.329953568066145,19375,97.5,58.5,431,94.19953596287704
1782217769.9587824,515,507,30,30,26,28.31783113400283,19375,97.5,58.5,431,93.96751740139212
1782217770.0591443,516,507,31,31,26,28.31783113400283,19375,97.5,58.5,431,93.96751740139212
1782217770.1588085,516,506,31,31,25,28.31783113400283,19375,97.5,58.5,431,94.19953596287704
1782217770.2593641,517,506,32,32,25,99.22827753981399,19375,97.5,58.5,431,94.19953596287704
1782217770.458917,516,506,31,31,25,99.22827753981399,19375,97.5,58.5,431,94.19953596287704
1782217770.6595054,515,508,30,30,27,99.22827753981399,19375,97.5,58.5,431,93.7354988399072
1782217770.75905,516,506,31,31,25,99.23915251929911,19375,97.5,58.5,431,94.19953596287704
1782217770.8593004,516,505,31,31,24,99.23915251929911,19375,97.5,58.5,431,94.43155452436194
1782217771.059121,516,506,31,31,25,99.27275252569095,19375,97.5,58.5,431,94.19953596287704
1782217771.159466,516,506,31,31,25,99.27275252569095,19375,97.5,58.5,431,94.19953596287704
1782217771.2597892,515,505,30,30,24,99.2628885204168,19375,97.5,58.5,431,94.43155452436194
1782217771.359145,516,506,31,31,25,99.2628885204168,19375,97.5,58.5,431,94.19953596287704
1782217771.4594333,516,507,31,31,26,99.2628885204168,19375,97.5,58.5,431,93.96751740139212
1782217771.5598402,516,506,31,31,25,99.27275252569095,19375,97.5,58.5,431,94.19953596287704
1782217771.6591403,516,506,31,31,25,99.27275252569095,19375,97.5,58.5,431,94.19953596287704
1782217771.7595034,516,505,31,31,24,99.2843029815472,19375,97.5,58.5,431,94.43155452436194
1782217771.8598745,515,506,30,30,25,99.27275252569095,19375,97.5,58.5,431,94.19953596287704
1782217771.958934,516,506,31,31,25,99.30958949409306,19375,97.5,58.5,431,94.19953596287704
1782217772.0592973,516,506,31,31,25,99.30958949409306,19375,97.5,58.5,431,94.19953596287704
1782217772.1592817,515,505,30,30,24,99.30079410121989,19375,97.5,58.5,431,94.43155452436194
1782217772.2585773,515,506,30,30,25,99.30079410121989,19375,97.5,58.5,431,94.19953596287704
1782217772.3589308,516,505,31,31,24,99.30079410121989,19375,97.5,58.5,431,94.43155452436194
1782217772.4592962,516,506,31,31,25,99.30079410121989,19375,97.5,58.5,431,94.19953596287704
1782217772.5585842,517,506,32,32,25,99.2628885204168,19375,97.5,58.5,431,94.19953596287704
1782217772.65894,516,506,31,31,25,99.2628885204168,19375,97.5,58.5,431,94.19953596287704
1782217772.758308,516,506,31,31,25,99.2628885204168,19375,97.5,58.5,431,94.19953596287704
1782217772.8586154,516,505,31,31,24,99.27275252569095,19375,97.5,58.5,431,94.43155452436194
1782217772.9589386,516,506,31,31,25,99.2843029815472,19375,97.5,58.5,431,94.19953596287704
1782217773.0583498,517,505,32,32,24,99.25166852264522,19375,97.5,58.5,431,94.43155452436194
1782217773.158623,516,506,31,31,25,99.46148351928655,19375,97.5,58.5,431,94.19953596287704
1782217773.2589831,516,506,31,31,25,99.48792361680876,19375,97.5,58.5,431,94.19953596287704
1782217773.3583457,516,0,31,31,481,99.48792361680876,19375,97.5,58.5,431,0
1782217773.4586627,516,506,31,31,25,99.48792361680876,19375,97.5,58.5,431,94.19953596287704
1782217773.5589852,516,505,31,31,24,99.52741843737473,19375,97.5,58.5,431,94.43155452436194
1782217773.65836,516,506,31,31,25,99.52741843737473,19375,97.5,58.5,431,94.19953596287704
1782217773.7586646,516,506,31,31,25,99.55778336128594,19375,97.5,58.5,431,94.19953596287704
1782217773.859031,516,505,31,31,24,99.55778336128594,19375,97.5,58.5,431,94.43155452436194
1782217773.9583476,516,506,31,31,25,99.55778336128594,19375,97.5,58.5,431,94.19953596287704
1782217774.0586562,515,506,30,30,25,99.52741843737473,19375,97.5,58.5,431,94.19953596287704
1782217774.1590035,515,507,30,30,26,99.50111234843014,19375,97.5,58.5,431,93.96751740139212
1782217774.2583413,516,506,31,31,25,99.52741843737473,19375,97.5,58.5,431,94.19953596287704
1782217774.4590557,516,506,31,31,25,99.52741843737473,19375,97.5,58.5,431,94.19953596287704
1782217774.5583496,517,506,32,32,25,99.48792361680876,19375,97.5,58.5,431,94.19953596287704
1782217774.658701,516,506,31,31,25,99.48792361680876,19375,97.5,58.5,431,94.19953596287704
1782217774.759057,516,505,31,31,24,99.48792361680876,19375,97.5,58.5,431,94.43155452436194
1782217774.9587474,516,507,31,31,26,99.48792361680876,19375,97.5,58.5,431,93.96751740139212
1782217775.05909,516,506,31,31,25,99.5181055901733,19375,97.5,58.5,431,94.19953596287704
1782217775.1583996,516,506,31,31,25,99.5181055901733,19375,97.5,58.5,431,94.19953596287704
1782217775.2587354,515,505,30,30,24,99.48792361680876,19375,97.5,58.5,431,94.43155452436194
1782217775.3591096,516,506,31,31,25,99.5181055901733,19375,97.5,58.5,431,94.19953596287704
1782217775.4584281,515,506,30,30,25,99.5181055901733,19375,97.5,58.5,431,94.19953596287704
1782217775.5587785,517,506,32,32,25,99.48360222050567,19375,97.5,58.5,431,94.19953596287704
1782217775.6591015,515,507,30,30,26,99.45329268443811,19375,97.5,58.5,431,93.96751740139212
1782217775.7584577,516,506,31,31,25,99.48792361680876,19375,97.5,58.5,431,94.19953596287704
1782217775.8587837,516,506,31,31,25,99.48792361680876,19375,97.5,58.5,431,94.19953596287704
1782217775.958134,519,506,34,34,25,99.24796572182143,19375,97.5,58.5,431,94.19953596287704
1782217776.0584533,515,506,30,30,25,99.22540333075851,19375,97.5,58.5,431,94.19953596287704
1782217776.1588104,517,506,32,32,25,99.20487597054156,19375,97.5,58.5,431,94.19953596287704
1782217776.2581434,515,506,30,30,25,99.20487597054156,19375,97.5,58.5,431,94.19953596287704
1782217776.3584592,516,505,31,31,24,99.20487597054156,19375,97.5,58.5,431,94.43155452436194
1782217776.4588194,516,506,31,31,25,99.20487597054156,19375,97.5,58.5,431,94.19953596287704
1782217776.5581355,516,505,31,31,24,99.20487597054156,19375,97.5,58.5,431,94.43155452436194
1782217776.6584961,516,506,31,31,25,99.20487597054156,19375,97.5,58.5,431,94.19953596287704
1782217776.7588308,517,507,32,32,26,99.18350341907228,19375,97.5,58.5,431,93.96751740139212
1782217776.8581836,516,506,31,31,25,99.18350341907228,19375,97.5,58.5,431,94.19953596287704
1782217776.9585004,516,506,31,31,25,99.18350341907228,19375,97.5,58.5,431,94.19953596287704
1782217777.0588634,516,506,31,31,25,99.18350341907228,19375,97.5,58.5,431,94.19953596287704
1782217777.1581798,516,506,31,31,25,99.18350341907228,19375,97.5,58.5,431,94.19953596287704
1782217777.2585497,515,506,30,30,25,99.18350341907228,19375,97.5,58.5,431,94.19953596287704
1782217777.3592403,516,505,31,31,24,99.20487597054156,19375,97.5,58.5,431,94.43155452436194
1782217777.4586802,516,507,31,31,26,99.20487597054156,19375,97.5,58.5,431,93.96751740139212
1782217777.5589356,517,506,32,32,25,99.18622962561776,19375,97.5,58.5,431,94.19953596287704
1782217777.6593456,516,506,31,31,25,99.20487597054156,19375,97.5,58.5,431,94.19953596287704
1782217777.7586453,516,506,31,31,25,99.20487597054156,19375,97.5,58.5,431,94.19953596287704
1782217777.8590078,516,507,31,31,26,99.20487597054156,19375,97.5,58.5,431,93.96751740139212
1782217777.9593053,516,506,31,31,25,99.20487597054156,19375,97.5,58.5,431,94.19953596287704
1782217778.058663,516,506,31,31,25,99.20487597054156,19375,97.5,58.5,431,94.19953596287704
1782217778.15901,516,506,31,31,25,99.20487597054156,19375,97.5,58.5,431,94.19953596287704
1782217778.2593114,516,506,31,31,25,99.22827753981399,19375,97.5,58.5,431,94.19953596287704
1782217778.3587384,516,506,31,31,25,99.22827753981399,19375,97.5,58.5,431,94.19953596287704
1782217778.458963,516,506,31,31,25,99.25389902381335,19375,97.5,58.5,431,94.19953596287704
1782217778.6587894,516,506,31,31,25,99.27275252569095,19375,97.5,58.5,431,94.19953596287704
1782217778.7590427,517,506,32,32,25,99.2819780257154,19375,97.5,58.5,431,94.19953596287704
1782217778.8593743,516,506,31,31,25,99.2819780257154,19375,97.5,58.5,431,94.19953596287704
1782217778.9588504,516,507,31,31,26,99.2819780257154,19375,97.5,58.5,431,93.96751740139212
1782217779.2588518,517,506,32,32,25,99.48792361680876,19375,97.5,58.5,431,94.19953596287704
1782217779.359047,517,507,32,32,26,99.50111234843014,19375,97.5,58.5,431,93.96751740139212
1782217779.4584801,516,507,31,31,26,99.52741843737473,19375,97.5,58.5,431,93.96751740139212
1782217779.5588262,516,505,31,31,24,99.57312505083782,19375,97.5,58.5,431,94.43155452436194
1782217779.7579727,516,506,31,31,25,99.57312505083782,19375,97.5,58.5,431,94.19953596287704
1782217779.858321,516,506,31,31,25,99.57312505083782,19375,97.5,58.5,431,94.19953596287704
1782217780.0579858,516,506,31,31,25,99.57312505083782,19375,97.5,58.5,431,94.19953596287704
1782217780.1583316,516,506,31,31,25,99.57312505083782,19375,97.5,58.5,431,94.19953596287704
1782217780.2586784,517,506,32,32,25,99.57312505083782,19375,97.5,58.5,431,94.19953596287704
1782217780.358023,515,506,30,30,25,99.52741843737473,19375,97.5,58.5,431,94.19953596287704
1782217780.4583724,516,506,31,31,25,99.52741843737473,19375,97.5,58.5,431,94.19953596287704
1782217780.5587182,516,507,31,31,26,99.52741843737473,19375,97.5,58.5,431,93.96751740139212
1782217780.6580393,515,506,30,30,25,99.48792361680876,19375,97.5,58.5,431,94.19953596287704
1782217780.7588022,516,506,31,31,25,99.52741843737473,19375,97.5,58.5,431,94.19953596287704
1782217780.859095,516,507,31,31,26,99.52741843737473,19375,97.5,58.5,431,93.96751740139212
1782217780.9585254,516,506,31,31,25,99.52741843737473,19375,97.5,58.5,431,94.19953596287704
1782217781.1591706,516,506,31,31,25,99.55778336128594,19375,97.5,58.5,431,94.19953596287704
1782217781.2584765,517,506,32,32,25,99.52741843737473,19375,97.5,58.5,431,94.19953596287704
1782217781.3588822,517,506,32,32,25,99.50111234843014,19375,97.5,58.5,431,94.19953596287704
1782217781.459239,516,507,31,31,26,99.50111234843014,19375,97.5,58.5,431,93.96751740139212
1782217781.5585687,516,507,31,31,26,99.50111234843014,19375,97.5,58.5,431,93.96751740139212
1782217781.6584885,517,506,32,32,25,99.47825080525006,19375,97.5,58.5,431,94.19953596287704
1782217781.7590358,516,506,31,31,25,99.47825080525006,19375,97.5,58.5,431,94.19953596287704
1782217781.8584988,516,506,31,31,25,99.47825080525006,19375,97.5,58.5,431,94.19953596287704
1782217781.9588196,515,505,30,30,24,99.43825668178825,19375,97.5,58.5,431,94.43155452436194
1782217782.0592184,516,505,31,31,24,99.43825668178825,19375,97.5,58.5,431,94.43155452436194
1782217782.1585596,517,506,32,32,25,99.41785836011424,19375,97.5,58.5,431,94.19953596287704
1782217782.2588832,517,505,32,32,24,99.41785836011424,19375,97.5,58.5,431,94.43155452436194
1782217782.3583455,516,506,31,31,25,99.41785836011424,19375,97.5,58.5,431,94.19953596287704
1782217782.4586189,515,506,30,30,25,99.38175876696695,19375,97.5,58.5,431,94.19953596287704
1782217782.5589345,517,507,32,32,26,99.38175876696695,19375,97.5,58.5,431,93.96751740139212
