ts,acs1,acs2,ci,ti,bi,si,rpm,torque,weight,brush_peak,growth_pct
1782181242.2980533,509,492,2,2,1,100,18125,105.0,63.0,0,0
1782181242.3974135,508,493,1,1,2,100,18125,105.0,63.0,0,0
1782181242.4977405,507,492,0,0,1,100,18125,105.0,63.0,0,0
1782181242.598094,509,492,2,2,1,100,18125,105.0,63.0,0,0
1782181242.6973886,507,492,0,0,1,100,18125,105.0,63.0,0,0
1782181242.7978857,508,491,1,1,0,99.18350341907228,18125,105.0,63.0,0,0
1782181242.8981607,508,492,1,1,1,99.24407105398154,18125,105.0,63.0,0,0
1782181242.9976053,507,492,0,0,1,99.2193752502002,18125,105.0,63.0,0,0
1782181243.0979297,509,491,2,2,0,99.18350341907228,18125,105.0,63.0,0,0
1782181243.1981876,509,492,2,2,1,99.1693376137082,18125,105.0,63.0,1,0
1782181243.2975295,507,492,0,0,1,99.14719713457755,18125,105.0,63.0,1,0
1782181243.3978887,509,492,2,2,1,99.13799329726761,18125,105.0,63.0,1,0
1782181243.4981399,508,492,1,1,1,99.17151310659469,18125,105.0,63.0,1,0
1782181243.5977077,509,492,2,2,1,99.16700687216496,18125,105.0,63.0,1,0
1782181243.6978307,508,492,1,1,1,99.19446360176036,18125,105.0,63.0,1,0
1782181243.7982047,508,492,1,1,1,99.2193752502002,18125,105.0,63.0,1,0
1782181243.897538,507,492,0,0,1,99.19775401782437,18125,105.0,63.0,1,0
1782181243.9978695,507,492,0,0,1,99.18350341907228,18125,105.0,63.0,1,0
1782181244.0983012,507,492,0,0,1,99.17450593992852,18125,105.0,63.0,1,0
1782181244.197565,508,494,1,1,3,99.19532615302845,18125,105.0,63.0,1,0
1782181244.2978864,508,493,1,1,2,99.2146465475014,18125,105.0,63.0,2,0
1782181244.3982818,509,496,2,2,5,99.20227596478253,18125,105.0,63.0,2,0
1782181244.497611,507,487,0,0,4,99.19359839169603,18125,105.0,63.0,3,0
1782181244.5979385,507,499,0,0,8,99.18776713793258,18125,105.0,63.0,4,0
1782181244.6973302,508,499,1,1,8,99.20401005031471,18125,105.0,63.0,5,0
1782181244.7976043,508,502,1,1,11,99.21931603345445,18125,105.0,63.0,8,0
1782181244.8979754,509,498,2,2,7,99.2073727941099,18125,105.0,63.0,8,12.5
1782181244.99729,507,493,0,0,2,99.20140429375007,18125,105.0,63.0,8,75.0
1782181245.097706,508,498,1,1,7,99.21518574643166,18125,105.0,63.0,8,12.5
1782181245.1979418,508,494,1,1,3,99.22827753981399,18125,105.0,63.0,8,62.5
1782181245.2972798,508,495,1,1,4,99.25389902381335,18125,105.0,63.0,8,50.0
1782181245.3976548,509,495,2,2,4,99.22827753981399,18125,105.0,63.0,8,50.0
1782181245.4981813,507,496,0,0,5,99.22827753981399,18125,105.0,63.0,8,37.5
1782181245.5974107,508,498,1,1,7,99.25389902381335,18125,105.0,63.0,8,12.5
1782181245.6976566,505,495,2,2,4,99.24796572182143,18125,105.0,63.0,8,50.0
1782181245.7979999,509,495,2,2,4,99.22540333075851,18125,105.0,63.0,8,50.0
1782181245.897324,508,495,1,1,4,99.22540333075851,18125,105.0,63.0,8,50.0
1782181245.9976008,508,496,1,1,5,99.24796572182143,18125,105.0,63.0,8,37.5
1782181246.098013,507,496,0,0,5,99.24796572182143,18125,105.0,63.0,8,37.5
1782181246.1973803,508,494,1,1,3,99.27275252569095,18125,105.0,63.0,8,62.5
1782181246.2981982,508,495,1,1,4,99.29367932998609,18125,105.0,63.0,8,50.0
1782181246.3980248,508,495,1,1,4,99.32013073152096,18125,105.0,63.0,8,50.0
1782181246.4974415,506,498,1,1,7,99.32013073152096,18125,105.0,63.0,8,12.5
1782181246.5976465,508,497,1,1,6,99.34935929013523,18125,105.0,63.0,8,25.0
1782181246.6980844,508,495,1,1,4,99.34935929013523,18125,105.0,63.0,8,50.0
1782181246.7973242,502,496,5,5,5,99.01737313513442,18125,105.0,63.0,8,37.5
1782181246.8976629,508,500,1,1,9,99.0362111803466,18125,105.0,63.0,8,0
1782181246.9980462,508,496,1,1,5,99.05660188679434,18125,105.0,63.0,8,37.5
1782181247.097482,508,490,1,1,1,99.07864833592765,18125,105.0,63.0,8,87.5
1782181247.1977208,509,496,2,2,5,99.06607161825853,18125,105.0,63.0,8,37.5
1782181247.2980494,508,496,1,1,5,99.06607161825853,18125,105.0,63.0,8,37.5
1782181247.397572,508,496,1,1,5,99.07864833592765,18125,105.0,63.0,8,37.5
1782181247.4979134,509,498,2,2,7,99.09078788686762,18125,105.0,63.0,8,12.5
1782181247.5982425,508,497,1,1,6,99.11745318034176,18125,105.0,63.0,8,25.0
1782181247.6976583,507,496,0,0,5,99.09078788686762,18125,105.0,63.0,8,37.5
1782181247.7978814,509,495,2,2,4,99.08045905172442,18125,105.0,63.0,8,50.0
1782181247.8970964,507,496,0,0,5,99.06607161825853,18125,105.0,63.0,8,37.5
1782181247.9974666,506,497,1,1,6,99.09078788686762,18125,105.0,63.0,8,25.0
1782181248.0977526,508,496,1,1,5,99.09078788686762,18125,105.0,63.0,8,37.5
1782181248.1971202,508,496,1,1,5,99.09078788686762,18125,105.0,63.0,8,37.5
1782181248.297549,508,496,1,1,5,99.09078788686762,18125,105.0,63.0,8,37.5
1782181248.3977995,511,496,4,4,5,98.96935834441732,18125,105.0,63.0,8,37.5
1782181248.4971695,514,496,7,7,5,98.56821789367237,18125,105.0,63.0,8,37.5
1782181248.5974946,508,497,1,1,6,98.56821789367237,18125,105.0,63.0,8,25.0
1782181248.6978683,506,496,1,1,5,98.56860596309441,18125,105.0,63.0,8,37.5
1782181248.797211,508,506,1,1,15,98.56977080313834,18125,105.0,63.0,9,0
1782181248.8976066,508,495,1,1,4,98.56977080313834,18125,105.0,63.0,9,55.55555555555556
1782181248.9978619,508,496,1,1,5,98.56977080313834,18125,105.0,63.0,9,44.44444444444444
1782181249.0971243,508,495,1,1,4,98.59208586120381,18125,105.0,63.0,9,55.55555555555556
1782181249.1975343,508,496,1,1,5,98.59208586120381,18125,105.0,63.0,9,44.44444444444444
1782181249.2978458,509,496,2,2,5,98.59169132171482,18125,105.0,63.0,9,44.44444444444444
1782181249.3972375,506,496,1,1,5,98.59169132171482,18125,105.0,63.0,9,44.44444444444444
1782181249.4976096,508,496,1,1,5,98.59169132171482,18125,105.0,63.0,9,44.44444444444444
1782181249.5976481,515,496,8,8,5,98.17547570887946,18125,105.0,63.0,9,44.44444444444444
1782181249.7229753,516,496,9,9,5,97.76393202250021,18125,105.0,63.0,9,44.44444444444444
1782181249.820919,516,496,9,9,5,97.4869230900039,18125,105.0,63.0,9,44.44444444444444
1782181249.9212573,516,495,9,9,4,97.21193017782313,18125,105.0,63.0,9,55.55555555555556
1782181250.021587,516,497,9,9,6,96.98522158544132,18125,105.0,63.0,9,33.33333333333333
1782181250.1209435,516,496,9,9,5,96.79652965953761,18125,105.0,63.0,9,44.44444444444444
1782181250.2212903,517,496,10,10,5,96.56100789959228,18125,105.0,63.0,9,44.44444444444444
1782181250.3216121,516,496,9,9,5,96.43411223458232,18125,105.0,63.0,9,44.44444444444444
1782181250.420918,516,496,9,9,5,96.33090989178213,18125,105.0,63.0,9,44.44444444444444
1782181250.5214634,517,496,10,10,5,96.17900536509144,18125,105.0,63.0,9,44.44444444444444
1782181250.6215837,515,496,8,8,5,96.15566795283122,18125,105.0,63.0,9,44.44444444444444
1782181250.7209375,515,496,8,8,5,96.18118692087013,18125,105.0,63.0,9,44.44444444444444
1782181250.8212943,515,496,8,8,5,96.16029515023182,18125,105.0,63.0,9,44.44444444444444
1782181250.9216268,515,496,8,8,5,96.21861283536202,18125,105.0,63.0,9,44.44444444444444
1782181251.0209668,516,497,9,9,6,96.22567150932042,18125,105.0,63.0,9,33.33333333333333
1782181251.121411,518,495,11,11,4,96.17304879106676,18125,105.0,63.0,9,55.55555555555556
1782181251.2219691,516,496,9,9,5,96.22214052375922,18125,105.0,63.0,9,44.44444444444444
1782181251.321075,516,496,9,9,5,96.2910019322374,18125,105.0,63.0,9,44.44444444444444
1782181251.421554,516,497,9,9,6,96.27679946521515,18125,105.0,63.0,9,33.33333333333333
1782181251.5216746,516,496,9,9,5,96.24648313059754,18125,105.0,63.0,9,44.44444444444444
1782181251.6209712,515,496,8,8,5,96.36972605869903,18125,105.0,63.0,9,44.44444444444444
1782181251.7214198,517,496,10,10,5,96.47170170069353,18125,105.0,63.0,9,44.44444444444444
1782181251.8217835,516,496,9,9,5,96.62624508563201,18125,105.0,63.0,9,44.44444444444444
1782181251.9214652,516,497,9,9,6,96.81043367629182,18125,105.0,63.0,9,33.33333333333333
1782181252.02165,517,496,10,10,5,97.00945935768576,18125,105.0,63.0,9,44.44444444444444
1782181252.1206386,517,496,10,10,5,97.25530815330148,18125,105.0,63.0,9,44.44444444444444
1782181252.2210155,516,496,9,9,5,97.57879736035535,18125,105.0,63.0,9,44.44444444444444
1782181252.321672,516,496,9,9,5,97.87475491609399,18125,105.0,63.0,9,44.44444444444444
1782181252.4208243,515,496,8,8,5,98.38892720352072,18125,105.0,63.0,9,44.44444444444444
1782181252.5210903,516,496,9,9,5,99.26970325665978,18125,105.0,63.0,9,44.44444444444444
1782181252.6214821,515,497,8,8,6,99.26970325665978,18125,105.0,63.0,9,33.33333333333333
1782181252.7209003,516,495,9,9,4,99.26970325665978,18125,105.0,63.0,9,55.55555555555556
1782181252.8210883,516,497,9,9,6,99.26970325665978,18125,105.0,63.0,9,33.33333333333333
1782181252.9217365,516,496,9,9,5,99.26970325665978,18125,105.0,63.0,9,44.44444444444444
1782181253.0209985,517,497,10,10,6,99.24796572182143,18125,105.0,63.0,9,33.33333333333333
1782181253.121081,516,497,9,9,6,99.24796572182143,18125,105.0,63.0,9,33.33333333333333
1782181253.2217214,515,497,8,8,6,99.24796572182143,18125,105.0,63.0,9,33.33333333333333
1782181253.32081,517,496,10,10,5,99.22540333075851,18125,105.0,63.0,9,44.44444444444444
1782181253.4211028,516,497,9,9,6,99.22540333075851,18125,105.0,63.0,9,33.33333333333333
1782181253.521513,515,497,8,8,6,99.22827753981399,18125,105.0,63.0,9,33.33333333333333
1782181253.620974,516,497,9,9,6,99.24796572182143,18125,105.0,63.0,9,33.33333333333333
1782181253.721123,515,496,8,8,5,99.24796572182143,18125,105.0,63.0,9,44.44444444444444
1782181253.8217003,516,495,9,9,4,99.26970325665978,18125,105.0,63.0,9,55.55555555555556
1782181253.921075,515,497,8,8,6,99.26970325665978,18125,105.0,63.0,9,33.33333333333333
1782181254.0211642,516,496,9,9,5,99.26970325665978,18125,105.0,63.0,9,44.44444444444444
1782181254.1215816,516,496,9,9,5,99.37106792452956,18125,105.0,63.0,9,44.44444444444444
1782181254.220897,516,496,9,9,5,99.37106792452956,18125,105.0,63.0,9,44.44444444444444
1782181254.3211482,516,496,9,9,5,99.37106792452956,18125,105.0,63.0,9,44.44444444444444
1782181254.421743,517,496,10,10,5,99.34256390255614,18125,105.0,63.0,9,44.44444444444444
1782181254.5209997,516,496,9,9,5,99.34256390255614,18125,105.0,63.0,9,44.44444444444444
1782181254.6212022,516,496,9,9,5,99.36754446796633,18125,105.0,63.0,9,44.44444444444444
1782181254.72166,516,496,9,9,5,99.39538809509277,18125,105.0,63.0,9,44.44444444444444
1782181254.820889,517,496,10,10,5,99.36754446796633,18125,105.0,63.0,9,44.44444444444444
1782181254.9212792,516,496,9,9,5,99.36754446796633,18125,105.0,63.0,9,44.44444444444444
1782181255.0216327,515,497,8,8,6,99.37106792452956,18125,105.0,63.0,9,33.33333333333333
1782181255.1209278,516,497,9,9,6,99.40278423776104,18125,105.0,63.0,9,33.33333333333333
1782181255.2212663,516,497,9,9,6,99.40278423776104,18125,105.0,63.0,9,33.33333333333333
1782181255.3205802,515,497,8,8,6,99.38175876696695,18125,105.0,63.0,9,33.33333333333333
1782181255.4208975,515,496,8,8,5,99.38175876696695,18125,105.0,63.0,9,44.44444444444444
1782181255.521266,517,497,10,10,6,99.34935929013523,18125,105.0,63.0,9,33.33333333333333
1782181255.6205683,516,496,9,9,5,99.37106792452956,18125,105.0,63.0,9,44.44444444444444
1782181255.7209492,516,497,9,9,6,99.37106792452956,18125,105.0,63.0,9,33.33333333333333
1782181255.8212342,516,497,9,9,6,99.37106792452956,18125,105.0,63.0,9,33.33333333333333
1782181255.9206169,516,496,9,9,5,99.37106792452956,18125,105.0,63.0,9,44.44444444444444
1782181256.0212393,516,496,9,9,5,99.40278423776104,18125,105.0,63.0,9,44.44444444444444
1782181256.121284,516,497,9,9,6,99.40278423776104,18125,105.0,63.0,9,33.33333333333333
1782181256.22072,516,497,9,9,6,99.42651164886382,18125,105.0,63.0,9,33.33333333333333
1782181256.3212342,516,496,9,9,5,99.46148351928655,29375,100.0,60.0,9,44.44444444444444
1782181256.4212828,516,497,9,9,6,99.46148351928655,29375,100.0,60.0,9,33.33333333333333
1782181256.5205772,516,497,9,9,6,99.48792361680876,29375,100.0,60.0,9,33.33333333333333
1782181256.6210892,516,496,9,9,5,99.48792361680876,29375,100.0,60.0,9,44.44444444444444
1782181256.7213452,515,497,8,8,6,99.48792361680876,29375,100.0,60.0,9,33.33333333333333
1782181256.8206112,517,497,10,10,6,99.45329268443811,29375,100.0,60.0,9,33.33333333333333
1782181256.9214432,514,496,7,7,5,99.37106792452956,29375,100.0,60.0,9,44.44444444444444
1782181257.0215993,509,497,2,2,6,98.60596508891157,29375,100.0,60.0,9,33.33333333333333
1782181257.120904,508,497,1,1,6,98.0389911893223,29375,100.0,60.0,9,33.33333333333333
1782181257.2211688,508,496,1,1,5,97.63239455238937,29375,100.0,60.0,9,44.44444444444444
1782181257.3216527,508,497,1,1,6,97.31237403395983,29375,100.0,60.0,9,33.33333333333333
1782181257.4208124,508,497,1,1,6,97.0719744992003,29375,100.0,60.0,9,33.33333333333333
1782181257.5213063,509,496,2,2,5,96.91797324980965,29375,100.0,60.0,9,44.44444444444444
1782181257.6216302,508,496,1,1,5,96.73044345514563,29375,100.0,60.0,9,44.44444444444444
1782181257.7208374,508,498,1,1,7,96.57379380525794,29375,100.0,60.0,9,22.22222222222222
1782181257.8212173,507,497,0,0,6,96.41531033421302,29375,100.0,60.0,9,33.33333333333333
1782181257.921634,508,497,1,1,6,96.315045605589,29375,100.0,60.0,9,33.33333333333333
1782181258.0209117,508,496,1,1,5,96.21406110279982,29375,100.0,60.0,9,44.44444444444444
1782181258.1212242,507,496,0,0,5,96.10855639468676,29375,100.0,60.0,9,44.44444444444444
1782181258.2216167,508,498,1,1,7,96.0699165968703,29375,100.0,60.0,9,22.22222222222222
1782181258.3209293,506,497,1,1,6,96.02172566724381,29375,100.0,60.0,9,33.33333333333333
1782181258.4212475,509,497,2,2,6,96.01670153432276,29375,100.0,60.0,9,33.33333333333333
1782181258.5206532,507,497,0,0,6,96.03067316090555,29375,100.0,60.0,9,33.33333333333333
1782181258.620987,508,496,1,1,5,96.0621494865007,29375,100.0,60.0,9,44.44444444444444
1782181258.7212663,509,496,2,2,5,96.13491411623379,29375,100.0,60.0,9,44.44444444444444
1782181258.8206103,507,497,0,0,6,96.17261330815805,29375,100.0,60.0,9,33.33333333333333
1782181258.920905,509,496,2,2,5,96.2808304391676,29375,100.0,60.0,9,44.44444444444444
1782181259.02129,507,497,0,0,6,96.36376262845477,29375,100.0,60.0,9,33.33333333333333
1782181259.1206136,507,496,0,0,5,96.47406434797482,29375,100.0,60.0,9,44.44444444444444
1782181259.220947,508,497,1,1,6,96.6366352826043,29375,100.0,60.0,9,33.33333333333333
1782181259.3213112,508,497,1,1,6,96.82982650317052,29375,100.0,60.0,9,33.33333333333333
1782181259.4205933,507,497,0,0,6,97.04027028261025,29375,100.0,60.0,9,33.33333333333333
1782181259.521162,508,497,1,1,6,97.31754672816923,29375,100.0,60.0,9,33.33333333333333
1782181259.621345,508,496,1,1,5,97.65716221455925,29375,100.0,60.0,9,44.44444444444444
1782181259.7205987,506,497,1,1,6,97.97213851009931,29375,100.0,60.0,9,33.33333333333333
1782181259.8210807,509,497,2,2,6,98.73289481275012,29375,100.0,60.0,9,33.33333333333333
1782181259.9213066,508,496,1,1,5,99.34256390255614,29375,100.0,60.0,9,44.44444444444444
1782181260.020637,507,497,0,0,6,99.34935929013523,29375,100.0,60.0,9,33.33333333333333
1782181260.120971,508,496,1,1,5,99.34935929013523,29375,100.0,60.0,9,44.44444444444444
1782181260.221346,507,497,0,0,6,99.33000829192527,29375,100.0,60.0,9,33.33333333333333
1782181260.3207097,508,497,1,1,6,99.33000829192527,29375,100.0,60.0,9,33.33333333333333
1782181260.4210296,508,496,1,1,5,99.33000829192527,29375,100.0,60.0,9,44.44444444444444
1782181260.5213487,507,495,0,0,4,99.34680273525782,29375,100.0,60.0,9,55.55555555555556
1782181260.6208076,507,497,0,0,6,99.3325005201833,29375,100.0,60.0,9,33.33333333333333
1782181260.721244,508,496,1,1,5,99.3325005201833,29375,100.0,60.0,9,44.44444444444444
1782181260.8214047,508,497,1,1,6,99.34680273525782,29375,100.0,60.0,9,33.33333333333333
1782181260.92071,508,496,1,1,5,99.34680273525782,29375,100.0,60.0,9,44.44444444444444
1782181261.0211399,508,497,1,1,6,99.34680273525782,29375,100.0,60.0,9,33.33333333333333
1782181261.1214752,507,497,0,0,6,99.34680273525782,29375,100.0,60.0,9,33.33333333333333
1782181261.2207973,508,496,1,1,5,99.34680273525782,29375,100.0,60.0,9,44.44444444444444
1782181261.3210857,508,497,1,1,6,99.34680273525782,29375,100.0,60.0,9,33.33333333333333
1782181261.4215279,508,497,1,1,6,99.38446048957935,29375,100.0,60.0,9,33.33333333333333
1782181261.5208879,508,498,1,1,7,99.4,29375,100.0,60.0,9,22.22222222222222
1782181261.62135,507,497,0,0,6,99.38446048957935,29375,100.0,60.0,9,33.33333333333333
1782181261.7205307,508,497,1,1,6,99.42651164886382,29375,100.0,60.0,9,33.33333333333333
1782181261.8208866,508,497,1,1,6,99.44123151285866,29375,100.0,60.0,9,33.33333333333333
1782181261.921393,509,497,2,2,6,99.44123151285866,29375,100.0,60.0,9,33.33333333333333
1782181262.020398,508,497,1,1,6,99.45839743969094,29375,100.0,60.0,9,33.33333333333333
1782181262.120724,508,496,1,1,5,99.47825080525006,29375,100.0,60.0,9,44.44444444444444
1782181262.2213583,508,497,1,1,6,99.47825080525006,29375,100.0,60.0,9,33.33333333333333
1782181262.3205109,508,497,1,1,6,99.47825080525006,29375,100.0,60.0,9,33.33333333333333
1782181262.4208443,508,497,1,1,6,99.50111234843014,29375,100.0,60.0,9,33.33333333333333
1782181262.5211225,507,497,0,0,6,99.47825080525006,29375,100.0,60.0,9,33.33333333333333
1782181262.6206293,507,498,0,0,7,99.45839743969094,29375,100.0,60.0,9,22.22222222222222
1782181262.7207906,508,497,1,1,6,99.45839743969094,29375,100.0,60.0,9,33.33333333333333
1782181262.8213189,508,496,1,1,5,99.50446437508938,29375,100.0,60.0,9,44.44444444444444
1782181262.920506,507,498,0,0,7,99.48792361680876,29375,100.0,60.0,9,22.22222222222222
1782181263.0208218,508,497,1,1,6,99.50446437508938,29375,100.0,60.0,9,33.33333333333333
1782181263.121389,508,498,1,1,7,99.50446437508938,29375,100.0,60.0,9,22.22222222222222
1782181263.220921,507,498,0,0,7,99.50446437508938,29375,100.0,60.0,9,22.22222222222222
1782181263.3208764,509,496,2,2,5,99.45839743969094,29375,100.0,60.0,9,44.44444444444444
1782181263.4212747,507,496,0,0,5,99.44123151285866,29375,100.0,60.0,9,44.44444444444444
1782181263.5205173,509,495,2,2,4,99.41785836011424,29375,100.0,60.0,9,55.55555555555556
1782181263.620794,508,497,1,1,6,99.43825668178825,29375,100.0,60.0,9,33.33333333333333
1782181263.7212327,508,496,1,1,5,99.43825668178825,29375,100.0,60.0,9,44.44444444444444
1782181263.8206909,507,496,0,0,5,99.41785836011424,29375,100.0,60.0,9,44.44444444444444
1782181263.9209929,509,497,2,2,6,99.38175876696695,29375,100.0,60.0,9,33.33333333333333
1782181264.0213153,508,497,1,1,6,99.38175876696695,29375,100.0,60.0,9,33.33333333333333
1782181264.120606,507,497,0,0,6,99.38175876696695,29375,100.0,60.0,9,33.33333333333333
1782181264.220923,509,496,2,2,5,99.34935929013523,29375,100.0,60.0,9,44.44444444444444
1782181264.321357,508,497,1,1,6,99.34935929013523,29375,100.0,60.0,9,33.33333333333333
1782181264.4206028,508,497,1,1,6,99.34935929013523,29375,100.0,60.0,9,33.33333333333333
1782181264.521012,509,497,2,2,6,99.32013073152096,29375,100.0,60.0,9,33.33333333333333
1782181264.6212373,508,497,1,1,6,99.34256390255614,29375,100.0,60.0,9,33.33333333333333
1782181264.7206068,508,497,1,1,6,99.34256390255614,29375,100.0,60.0,9,33.33333333333333
1782181264.820918,507,496,0,0,5,99.32013073152096,29375,100.0,60.0,9,44.44444444444444
1782181264.9202507,508,497,1,1,6,99.34935929013523,29375,100.0,60.0,9,33.33333333333333
1782181265.020649,508,498,1,1,7,99.34935929013523,29375,100.0,60.0,9,22.22222222222222
1782181265.1209843,507,497,0,0,6,99.33000829192527,29375,100.0,60.0,9,33.33333333333333
1782181265.2203233,508,497,1,1,6,99.33000829192527,29375,100.0,60.0,9,33.33333333333333
1782181265.32069,509,496,2,2,5,99.3,29375,100.0,60.0,9,44.44444444444444
1782181265.4209902,515,497,8,8,6,98.54550505138191,29375,100.0,60.0,9,33.33333333333333
1782181265.5201788,515,496,8,8,5,98.10967374949895,29375,100.0,60.0,9,44.44444444444444
1782181265.620584,516,497,9,9,6,97.68843487365523,29375,100.0,60.0,9,33.33333333333333
1782181265.7208395,517,497,10,10,6,97.25530815330148,29375,100.0,60.0,9,33.33333333333333
1782181265.8201475,516,495,9,9,4,96.98964749203316,29375,100.0,60.0,9,55.55555555555556
1782181265.9205823,517,496,10,10,5,96.71772436664236,29375,100.0,60.0,9,44.44444444444444
1782181266.0209365,516,496,9,9,5,96.53846533713408,29375,100.0,60.0,9,44.44444444444444
1782181266.1203136,514,497,7,7,6,96.47926775293043,29375,100.0,60.0,9,33.33333333333333
1782181266.220566,515,497,8,8,6,96.41918693280113,29375,100.0,60.0,9,33.33333333333333
1782181266.3208218,515,497,8,8,6,96.33272732280665,29375,100.0,60.0,9,33.33333333333333
1782181266.4203203,515,497,8,8,6,96.30856848002476,29375,100.0,60.0,9,33.33333333333333
1782181266.5207276,516,497,9,9,6,96.2098079790655,29375,100.0,60.0,9,33.33333333333333
1782181266.621002,516,497,9,9,6,96.15162371902123,29375,100.0,60.0,9,33.33333333333333
1782181266.7201922,516,497,9,9,6,96.1125558239092,29375,100.0,60.0,9,33.33333333333333
1782181266.820703,516,497,9,9,6,96.12931243546805,29375,100.0,60.0,9,33.33333333333333
1782181266.920865,515,496,8,8,5,96.1275904716113,29375,100.0,60.0,9,44.44444444444444
1782181267.020165,516,497,9,9,6,96.14138769906992,29375,100.0,60.0,9,33.33333333333333
1782181267.1209056,517,497,10,10,6,96.1848256192468,29375,100.0,60.0,9,33.33333333333333
1782181267.2211423,516,496,9,9,5,96.20219361560738,29375,100.0,60.0,9,44.44444444444444
1782181267.3202255,515,497,8,8,6,96.2965481567117,29375,100.0,60.0,9,33.33333333333333
1782181267.4208586,516,499,9,9,8,96.38890598294644,29375,100.0,60.0,9,11.11111111111111
1782181267.520927,517,497,10,10,6,96.4285079370723,29375,100.0,60.0,9,33.33333333333333
1782181267.62024,517,497,10,10,6,96.54087358491257,29375,100.0,60.0,9,33.33333333333333
1782181267.7206914,516,496,9,9,5,96.7067408915247,29375,100.0,60.0,9,44.44444444444444
1782181267.8208973,515,492,8,8,1,96.99167820870173,29375,100.0,60.0,9,88.88888888888889
1782181267.9203305,516,496,9,9,5,97.23494022568127,29375,100.0,60.0,9,44.44444444444444
1782181268.0206904,516,497,9,9,6,97.53040714106781,29375,100.0,60.0,9,33.33333333333333
1782181268.1202955,516,496,9,9,5,98.02797340563346,29375,100.0,60.0,9,44.44444444444444
1782181268.2202384,516,497,9,9,6,98.57171431429143,29375,100.0,60.0,9,33.33333333333333
1782181268.3209195,516,497,9,9,6,99.26590948181516,29375,100.0,60.0,9,33.33333333333333
1782181268.4202168,516,497,9,9,6,99.2819780257154,29375,100.0,60.0,9,33.33333333333333
1782181268.520367,516,497,9,9,6,99.3,29375,100.0,60.0,9,33.33333333333333
1782181268.62073,517,496,10,10,5,99.27275252569095,29375,100.0,60.0,9,44.44444444444444
1782181268.7200415,517,497,10,10,6,99.27275252569095,29375,100.0,60.0,9,33.33333333333333
1782181268.8204558,515,497,8,8,6,99.25389902381335,29375,100.0,60.0,9,33.33333333333333
1782181268.9207444,515,497,8,8,6,99.26590948181516,29375,100.0,60.0,9,33.33333333333333
1782181269.0199904,516,497,9,9,6,99.26590948181516,29375,100.0,60.0,9,33.33333333333333
1782181269.1202908,516,496,9,9,5,99.34935929013523,29375,100.0,60.0,9,44.44444444444444
1782181269.2208416,514,497,7,7,6,99.2819780257154,29375,100.0,60.0,9,33.33333333333333
1782181269.3200853,515,496,8,8,5,99.2819780257154,29375,100.0,60.0,9,44.44444444444444
1782181269.420506,516,497,9,9,6,99.3,29375,100.0,60.0,9,33.33333333333333
1782181269.5206585,516,497,9,9,6,99.3,29375,100.0,60.0,9,33.33333333333333
1782181269.6200986,515,498,8,8,7,99.2819780257154,29375,100.0,60.0,9,22.22222222222222
1782181269.7203522,515,497,8,8,6,99.26590948181516,29375,100.0,60.0,9,33.33333333333333
1782181269.8209953,392,493,115,115,2,80.9273610752063,29375,139.4,83.6,9,77.77777777777779
1782181269.920004,515,496,8,8,5,80.9273610752063,29375,100.0,60.0,9,44.44444444444444
1782181270.0205967,430,496,77,77,5,77.6953168843651,29375,100.0,60.0,9,44.44444444444444
1782181270.1210463,426,501,81,81,10,74.74133811936983,29375,100.0,60.0,9,0
1782181270.220257,504,498,3,3,7,74.65517804363188,29375,100.0,60.0,9,22.22222222222222
1782181270.3207378,497,498,10,10,7,74.67579111688669,29375,100.0,60.0,9,22.22222222222222
1782181270.4207108,511,497,4,4,6,74.60820342446534,29375,100.0,60.0,9,33.33333333333333
1782181270.5200748,515,496,8,8,5,74.58808241089321,29375,100.0,60.0,9,44.44444444444444
1782181270.6207285,385,497,122,122,6,68.37039010322412,29375,147.9,88.7,9,33.33333333333333
1782181270.7211459,426,500,81,81,9,66.63966093963938,29375,100.0,60.0,9,0
1782181270.8202744,417,500,90,90,9,64.66092813895645,29375,109.1,65.5,9,0
1782181270.920797,408,500,99,99,9,62.438716741836416,29375,120.0,72.0,9,0
1782181271.0211134,426,496,81,81,5,61.473515602899866,29375,100.0,60.0,9,44.44444444444444
1782181271.120425,384,486,123,123,5,58.32734709668702,29375,149.1,89.5,9,44.44444444444444
1782181271.220775,426,494,81,81,3,57.80651709090609,29375,100.0,60.0,9,66.66666666666666
1782181271.320133,296,456,211,211,35,47.878294135531,18376,255.8,153.5,9,0
1782181271.420525,399,502,108,108,11,47.06057969506823,29375,130.9,78.5,10,0
1782181271.5207944,447,492,60,60,1,47.49534412179346,29375,100.0,60.0,10,90.0
1782181271.6203134,391,483,116,116,8,46.66740625512804,29375,140.6,84.4,10,20.0
1782181271.7206063,434,502,73,73,11,47.13871401908997,29375,100.0,60.0,11,0
1782181271.8208232,466,497,41,41,6,47.77760165514333,29375,100.0,60.0,11,45.45454545454545
1782181271.9201448,416,497,91,91,6,48.17379470233658,29375,110.3,66.2,11,45.45454545454545
1782181272.0205517,483,497,24,24,6,48.58140198116811,29375,100.0,60.0,11,45.45454545454545
1782181272.120857,490,497,17,17,6,48.820349095889036,29375,100.0,60.0,11,45.45454545454545
1782181272.2201433,449,501,58,58,10,49.7404072174608,29375,100.0,60.0,11,9.090909090909092
1782181272.3203492,507,497,0,0,6,49.44063994779118,29375,100.0,60.0,11,45.45454545454545
1782181272.420886,491,288,16,16,203,49.66334448049921,29375,100.0,60.0,11,0
1782181272.5201883,443,498,64,64,7,50.58907003506208,29375,100.0,60.0,11,36.36363636363637
1782181272.6205924,464,494,43,43,3,51.48698914494976,29375,100.0,60.0,11,72.72727272727273
1782181272.720762,147,62,360,360,429,29.025943707107544,10770,260.0,156.0,35,0
1782181272.8201737,447,495,60,60,4,29.360382535325442,29375,100.0,60.0,35,88.57142857142857
1782181272.9206896,507,477,0,0,14,29.09837801573225,29375,100.0,60.0,35,60.0
1782181273.0206778,79,80,428,428,411,4.705246734145959,9059,260.0,156.0,203,0
1782181273.1203032,456,500,51,51,9,4.510262331494488,29375,100.0,60.0,203,95.56650246305419
1782181273.2209766,411,195,96,96,296,5.691145696705661,29375,116.4,69.8,296,0
1782181273.3207638,202,57,305,305,434,0,12713,260.0,156.0,411,0
1782181273.4205186,464,498,43,43,7,0.06424285794621198,29375,100.0,60.0,411,98.29683698296837
1782181273.5206735,219,152,288,288,339,0,13463,260.0,156.0,411,17.51824817518248
1782181273.6209717,244,334,263,263,157,0,14743,260.0,156.0,411,61.80048661800487
1782181273.7202394,495,312,12,12,179,0,29375,100.0,60.0,411,56.447688564476884
1782181273.8205802,205,198,302,302,293,0,12839,260.0,156.0,411,28.710462287104622
1782181273.920959,375,463,132,132,28,0,29375,160.0,96.0,411,93.18734793187348
1782181274.0202477,316,167,191,191,324,0,20301,231.5,138.9,411,21.16788321167883
1782181274.1204906,121,25,386,386,466,0,10045,260.0,156.0,429,0
1782181274.2210426,437,491,70,70,0,0,29375,100.0,60.0,429,100
1782181274.3203194,432,261,75,75,230,0,29375,100.0,60.0,429,46.386946386946384
1782181274.4205964,248,389,259,259,102,0,14971,260.0,156.0,429,76.22377622377621
1782181274.520071,486,479,21,21,12,0,29375,100.0,60.0,429,97.2027972027972
1782181274.620174,188,98,319,319,393,0,12155,260.0,156.0,429,8.391608391608392
1782181274.7207673,397,473,110,110,18,0,29375,133.3,80.0,429,95.8041958041958
1782181274.8200436,302,115,205,205,376,0,18914,248.5,149.1,429,12.354312354312354
1782181274.9203694,214,326,293,293,165,0,13233,260.0,156.0,429,61.53846153846154
1782181275.0207453,421,489,86,86,2,0,29375,104.2,62.5,429,99.53379953379954
1782181275.1200235,301,328,206,206,163,0,18822,249.7,149.8,429,62.004662004662
1782181275.2203991,268,426,239,239,65,0,16223,260.0,156.0,429,84.84848484848484
1782181275.32077,454,496,53,53,5,0,29375,100.0,60.0,429,98.83449883449883
1782181275.4201574,358,216,149,149,275,0,26023,180.6,108.4,429,35.8974358974359
1782181275.5203605,419,491,88,88,0,0,29375,106.7,64.0,429,100
1782181275.6208248,449,497,58,58,6,0,29375,100.0,60.0,429,98.6013986013986
1782181275.7202146,133,337,374,374,154,0,10367,260.0,156.0,429,64.1025641025641
1782181275.8204205,433,494,74,74,3,0,29375,100.0,60.0,429,99.3006993006993
1782181275.9207413,489,497,18,18,6,0,29375,100.0,60.0,429,98.6013986013986
1782181276.0200448,433,484,74,74,7,0,29375,100.0,60.0,429,98.36829836829837
1782181276.120353,426,496,81,81,5,0,29375,100.0,60.0,429,98.83449883449883
1782181276.220746,488,497,19,19,6,0,29375,100.0,60.0,429,98.6013986013986
1782181276.3201163,469,495,38,38,4,0,29375,100.0,60.0,429,99.06759906759906
1782181276.420372,464,498,43,43,7,0,29375,100.0,60.0,429,98.36829836829837
1782181276.5207448,479,498,28,28,7,0,29375,100.0,60.0,429,98.36829836829837
1782181276.6200747,413,494,94,94,3,0,29375,113.9,68.4,429,99.3006993006993
1782181276.720464,455,496,52,52,5,0,29375,100.0,60.0,429,98.83449883449883
1782181276.8207462,497,498,10,10,7,0,29375,100.0,60.0,429,98.36829836829837
1782181276.9200947,461,497,46,46,6,0,29375,100.0,60.0,429,98.6013986013986
1782181277.0204082,480,497,27,27,6,0,29375,100.0,60.0,429,98.6013986013986
1782181277.1207695,513,441,6,6,50,0.8394959898067356,29375,100.0,60.0,429,88.34498834498834
1782181277.220133,454,497,53,53,6,0.5804848130911466,29375,100.0,60.0,429,98.6013986013986
1782181277.3204947,489,497,18,18,6,0,29375,100.0,60.0,429,98.6013986013986
1782181277.4208982,335,248,172,172,243,2.747956319674188,22543,208.5,125.1,429,43.35664335664335
1782181277.5201118,501,498,6,6,7,2.2963153202500735,29375,100.0,60.0,429,98.36829836829837
1782181278.0500927,408,462,99,99,29,11.047022409465,29375,120.0,72.0,429,93.24009324009323
1782181278.1489847,490,325,17,17,166,10.044924792674678,29375,100.0,60.0,429,61.3053613053613
1782181278.2493637,306,278,201,201,213,10.211384042543813,19291,243.6,146.2,429,50.349650349650354
1782181278.350103,357,466,150,150,25,17.582573309874434,25850,181.8,109.1,429,94.17249417249417
1782181278.4490566,391,156,116,116,335,17.406423440506657,29375,140.6,84.4,429,21.91142191142191
1782181278.5493708,275,150,232,232,341,16.03687978906717,16713,260.0,156.0,429,20.51282051282051
1782181278.6497493,349,464,158,158,27,19.71976858805428,24541,191.5,114.9,429,93.7062937062937
1782181278.7490027,357,257,150,150,234,19.12788559157805,25850,181.8,109.1,429,45.45454545454545
1782181278.8493733,397,447,110,110,44,19.80235525763726,29375,133.3,80.0,429,89.74358974358975
1782181278.949713,448,495,59,59,4,19.644809335882556,29375,100.0,60.0,429,99.06759906759906
1782181279.0490427,288,255,219,219,236,16.3902982769211,17705,260.0,156.0,429,44.988344988344984
1782181279.1493537,376,458,131,131,33,34.30196180842063,29375,158.8,95.3,429,92.3076923076923
1782181279.249594,454,501,53,53,10,34.094343523825245,29375,100.0,60.0,429,97.66899766899768
1782181279.348969,297,261,210,210,230,31.416749696283546,18464,254.5,152.7,429,46.386946386946384
1782181279.4493384,390,496,117,117,5,31.29737996262442,29375,141.8,85.1,429,98.83449883449883
1782181279.5496883,485,499,22,22,8,30.21760807895575,29375,100.0,60.0,429,98.13519813519814
1782181279.648993,336,442,171,171,49,29.932603873127988,22675,207.3,124.4,429,88.57808857808858
1782181279.7493172,446,506,61,61,15,30.42103606532919,29375,100.0,60.0,429,96.5034965034965
1782181279.8496487,474,499,33,33,8,30.152316510217105,29375,100.0,60.0,429,98.13519813519814
1782181279.948967,361,470,146,146,21,30.660985809654832,26558,177.0,106.2,429,95.1048951048951
1782181280.0493345,468,500,39,39,9,29.857890282972278,29375,100.0,60.0,429,97.9020979020979
1782181280.1496305,484,499,23,23,8,29.061019961597353,29375,100.0,60.0,429,98.13519813519814
1782181280.2489977,424,501,83,83,10,30.79325659060865,29375,100.6,60.4,429,97.66899766899768
1782181280.3493397,474,500,33,33,9,30.431768105773386,29375,100.0,60.0,429,97.9020979020979
1782181280.449753,489,498,18,18,7,30.111167638249327,29375,100.0,60.0,429,98.36829836829837
1782181280.5490634,448,500,59,59,9,31.78050946475129,29375,100.0,60.0,429,97.9020979020979
1782181280.6495247,481,505,26,26,14,31.010661049051294,29375,100.0,60.0,429,96.73659673659674
1782181280.7498095,493,431,14,14,60,30.853006813986,29375,100.0,60.0,429,86.01398601398601
1782181280.8502455,397,173,110,110,318,32.19403500510528,29375,133.3,80.0,429,25.874125874125873
1782181280.9506183,252,398,255,255,93,28.521292991859767,15205,260.0,156.0,429,78.32167832167832
1782181281.0498414,463,310,44,44,181,27.71998893193222,29375,100.0,60.0,429,57.80885780885781
1782181281.1501818,301,350,206,206,141,27.168619400700635,18822,249.7,149.8,429,67.13286713286713
1782181281.2503781,345,467,162,162,24,28.49895105664534,23935,196.4,117.8,429,94.4055944055944
1782181281.3499851,260,143,247,247,348,24.543750719005686,15698,260.0,156.0,429,18.88111888111888
1782181281.4501698,349,425,158,158,66,24.061655125870544,24541,191.5,114.9,429,84.61538461538461
1782181281.5503757,420,497,87,87,6,27.332538230649604,29375,105.5,63.3,429,98.6013986013986
1782181281.6499517,345,354,162,162,137,27.235112252619473,23935,196.4,117.8,429,68.06526806526807
1782181281.7500856,425,458,82,82,33,27.553544676851928,29375,100.0,60.0,429,92.3076923076923
1782181281.8506234,453,499,54,54,8,26.99570788873666,29375,100.0,60.0,429,98.13519813519814
1782181281.9497466,228,217,279,279,274,20.963412129430694,13897,260.0,156.0,429,36.13053613053613
1782181282.050265,429,490,78,78,1,23.42294367399883,29375,100.0,60.0,429,99.76689976689977
1782181282.1505668,480,501,27,27,10,22.312813869410306,29375,100.0,60.0,429,97.66899766899768
1782181282.250043,306,411,201,201,80,20.892752123040793,19291,243.6,146.2,429,81.35198135198135
1782181282.3503487,452,495,55,55,4,22.755395729611706,29375,100.0,60.0,429,99.06759906759906
1782181282.4507005,474,497,33,33,6,21.842495206438713,29375,100.0,60.0,429,98.6013986013986
1782181282.5497859,442,489,65,65,2,22.87910644823789,29375,100.0,60.0,429,99.53379953379954
1782181282.6503928,458,492,49,49,1,23.496775667078367,29375,100.0,60.0,429,99.76689976689977
1782181282.7507732,488,499,19,19,8,22.48597976279818,29375,100.0,60.0,429,98.13519813519814
1782181282.8500695,440,493,67,67,2,23.15362366672352,29375,100.0,60.0,429,99.53379953379954
1782181282.950152,464,497,43,43,6,23.16181504833247,29375,100.0,60.0,429,98.6013986013986
1782181283.0507581,490,496,17,17,5,22.551206881220182,29375,100.0,60.0,429,98.83449883449883
1782181283.1498218,443,498,64,64,7,23.421637810961542,29375,100.0,60.0,429,98.36829836829837
1782181283.2502713,477,499,30,30,8,22.59899512567324,29375,100.0,60.0,429,98.13519813519814
1782181283.3507516,497,499,10,10,8,21.91280514706652,29375,100.0,60.0,429,98.13519813519814
1782181283.4497862,429,499,78,78,8,23.04020530172913,29375,100.0,60.0,429,98.13519813519814
1782181283.5504067,492,499,15,15,8,21.999707977754625,29375,100.0,60.0,429,98.13519813519814
1782181283.651102,488,311,19,19,180,21.794714586118502,29375,100.0,60.0,429,58.04195804195804
1782181283.7508872,335,149,172,172,342,21.83737750333887,22543,208.5,125.1,429,20.27972027972028
1782181283.8513222,399,485,108,108,6,21.84826724036546,29375,130.9,78.5,429,98.6013986013986
1782181283.950924,348,150,159,159,341,26.594732250789164,24386,192.7,115.6,429,20.51282051282051
1782181284.0511818,232,377,275,275,114,20.29339216016446,14100,260.0,156.0,429,73.42657342657343
1782181284.1513724,403,485,104,104,6,22.719062290023075,29375,126.1,75.6,429,98.6013986013986
1782181284.250748,416,215,91,91,276,23.65519736819742,29375,110.3,66.2,429,35.66433566433567
1782181284.3512855,334,451,173,173,40,27.510123312132592,22413,209.7,125.8,429,90.67599067599068
1782181284.451627,460,497,47,47,6,28.1192268019079,29375,100.0,60.0,429,98.6013986013986
1782181284.5508003,233,97,274,274,394,20.806565928733704,14151,260.0,156.0,429,8.158508158508159
1782181284.650969,395,476,112,112,15,21.713205313908645,29375,135.8,81.5,429,96.5034965034965
1782181284.7512314,467,499,40,40,8,21.149536744825937,29375,100.0,60.0,429,98.13519813519814
1782181284.8505487,364,426,143,143,65,20.958513003191385,27115,173.3,104.0,429,84.84848484848484
1782181284.950985,419,493,88,88,2,28.73395697185869,29375,106.7,64.0,429,99.53379953379954
1782181285.0512896,476,499,31,31,8,28.006720992705,29375,100.0,60.0,429,98.13519813519814
1782181285.150559,318,452,189,189,39,26.644480628774616,20515,229.1,137.5,429,90.9090909090909
1782181285.2509768,444,498,63,63,7,29.322948876204833,29375,100.0,60.0,429,98.36829836829837
1782181285.3514912,485,499,22,22,8,28.56875878005323,29375,100.0,60.0,429,98.13519813519814
1782181285.4508028,399,486,108,108,5,29.18094261507791,29375,130.9,78.5,429,98.83449883449883
1782181285.5510411,440,500,67,67,9,29.202785679409985,29375,100.0,60.0,429,97.9020979020979
1782181285.6514,470,500,37,37,9,28.94317610375326,29375,100.0,60.0,429,97.9020979020979
1782181285.7507863,454,498,53,53,7,29.800055397299474,29375,100.0,60.0,429,98.36829836829837
1782181285.851083,451,500,56,56,9,29.652481683194154,29375,100.0,60.0,429,97.9020979020979
1782181285.951323,499,500,8,8,9,28.606870856581097,29375,100.0,60.0,429,97.9020979020979
1782181286.050728,456,498,51,51,7,29.48537582726388,29375,100.0,60.0,429,98.36829836829837
1782181286.1511006,490,500,17,17,9,28.420673375617724,29375,100.0,60.0,429,97.9020979020979
1782181286.2514281,492,434,15,15,57,27.96632731839921,29375,100.0,60.0,429,86.7132867132867
1782181286.3507109,476,499,31,31,8,28.623813494975792,29375,100.0,60.0,429,98.13519813519814
1782181286.4510689,488,500,19,19,9,27.564887274502325,29375,100.0,60.0,429,97.9020979020979
1782181286.5514214,401,141,106,106,350,28.71515666785197,29375,128.5,77.1,429,18.414918414918414
1782181286.6516798,266,74,241,241,417,24.969191512937684,16089,260.0,156.0,429,2.797202797202797
1782181286.7521195,407,484,100,100,7,26.277125515738177,29375,121.2,72.7,429,98.36829836829837
1782181286.8512902,235,57,272,272,434,19.676515126507226,14255,260.0,156.0,434,0
1782181286.9518144,358,461,149,149,30,19.90272580584697,26023,180.6,108.4,434,93.08755760368663
1782181287.0521111,464,496,43,43,5,26.284631483281885,29375,100.0,60.0,434,98.84792626728111
1782181287.151469,265,103,242,242,388,21.507565828149893,16022,260.0,156.0,434,10.599078341013826
1782181287.2521758,322,462,185,185,29,19.9202064604726,20959,224.2,134.5,434,93.31797235023042
1782181287.3522003,457,499,50,50,8,20.647978391641885,29375,100.0,60.0,434,98.15668202764977
1782181287.4514494,207,258,300,300,233,13.140368665555826,12925,260.0,156.0,434,46.31336405529954
1782181287.5520113,467,495,40,40,4,18.435328998667842,29375,100.0,60.0,434,99.07834101382488
1782181287.652302,464,499,43,43,8,17.949412623132986,29375,100.0,60.0,434,98.15668202764977
1782181287.7515306,306,434,201,201,57,16.382617437122164,19291,243.6,146.2,434,86.8663594470046
1782181287.8518791,462,497,45,45,6,16.251195696761002,29375,100.0,60.0,434,98.61751152073732
1782181287.9522238,469,500,38,38,9,15.618748791241813,29375,100.0,60.0,434,97.92626728110599
1782181288.0515451,397,480,110,110,11,16.398903515962587,29375,133.3,80.0,434,97.46543778801843
1782181288.1519406,463,499,44,44,8,17.69336465252499,29375,100.0,60.0,434,98.15668202764977
1782181288.2521622,478,500,29,29,9,17.071945505623844,29375,100.0,60.0,434,97.92626728110599
1782181288.3517342,403,493,104,104,2,18.036701980568026,29375,126.1,75.6,434,99.53917050691244
1782181288.4518971,464,500,43,43,9,17.591606414556693,29375,100.0,60.0,434,97.92626728110599
1782181288.5521874,498,499,9,9,8,16.372857941402245,29375,100.0,60.0,434,98.15668202764977
1782181288.6515112,428,499,79,79,8,16.911419423471784,29375,100.0,60.0,434,98.15668202764977
1782181288.7518513,463,500,44,44,9,16.759491698919675,29375,100.0,60.0,434,97.92626728110599
1782181288.8523326,498,464,9,9,27,15.690115249357234,29375,100.0,60.0,434,93.77880184331798
1782181288.9515674,478,499,29,29,8,16.27959229275895,29375,100.0,60.0,434,98.15668202764977
1782181289.0518577,479,500,28,28,9,15.825544914808688,29375,100.0,60.0,434,97.92626728110599
1782181289.1526384,477,410,30,30,81,16.163677985679215,29375,100.0,60.0,434,81.33640552995391
1782181289.2517335,499,499,8,8,8,15.947840268345544,29375,100.0,60.0,434,98.15668202764977
1782181289.3522618,497,500,10,10,9,15.381903695354723,29375,100.0,60.0,434,97.92626728110599
1782181289.452039,251,87,256,256,404,11.2608003441796,15146,260.0,156.0,434,6.912442396313365
1782181289.551862,487,500,20,20,9,10.239398645310118,29375,100.0,60.0,434,97.92626728110599
1782181289.6521876,498,350,9,9,141,13.351867366406054,29375,100.0,60.0,434,67.51152073732719
1782181289.7511952,468,499,39,39,8,12.997854432586934,29375,100.0,60.0,434,98.15668202764977
1782181289.8516815,483,500,24,24,9,19.77351504092374,29375,100.0,60.0,434,97.92626728110599
1782181289.952027,335,153,172,172,338,18.967352258487807,22543,208.5,125.1,434,22.119815668202765
1782181290.0513232,478,501,29,29,10,18.738084634381835,29375,100.0,60.0,434,97.6958525345622
1782181290.151707,501,499,6,6,8,23.969443277353577,29375,100.0,60.0,434,98.15668202764977
1782181290.252067,268,329,239,239,162,20.648594495399422,16223,260.0,156.0,434,62.67281105990783
1782181290.3512454,458,501,49,49,10,20.640172491226892,29375,100.0,60.0,434,97.6958525345622
1782181290.4515927,432,413,75,75,78,33.12524974086092,29375,100.0,60.0,434,82.02764976958525
1782181290.5519247,234,152,273,273,339,23.323449912418894,14203,260.0,156.0,434,21.889400921658986
1782181290.65126,499,500,8,8,9,22.661142438688117,29375,100.0,60.0,434,97.92626728110599
1782181290.7516239,303,116,204,204,375,22.488309125511776,19007,247.3,148.4,434,13.594470046082948
1782181290.8520153,275,395,232,232,96,17.301961597897886,16713,260.0,156.0,434,77.88018433179722
1782181290.9513075,498,447,9,9,44,16.708143655376887,29375,100.0,60.0,434,89.86175115207374
1782181291.0516644,425,201,82,82,290,16.960277243023285,29375,100.0,60.0,434,33.17972350230415
1782181291.1520073,427,484,80,80,7,17.129042749853824,29375,100.0,60.0,434,98.38709677419355
1782181291.2513154,462,370,45,45,121,17.370949418500516,29375,100.0,60.0,434,72.11981566820278
1782181291.351656,240,177,267,267,314,10.55180891214799,14522,260.0,156.0,434,27.64976958525346
1782181291.452019,432,489,75,75,2,10.811753390184123,29375,100.0,60.0,434,99.53917050691244
1782181291.5511873,254,65,253,253,426,6.7431205993061525,15326,260.0,156.0,434,1.8433179723502304
1782181291.6517205,261,407,246,246,84,2.6381320365445475,15762,260.0,156.0,434,80.64516129032258
1782181291.7520576,461,500,46,46,9,2.6723974289810144,29375,100.0,60.0,434,97.92626728110599
1782181291.8513024,274,202,233,233,289,0.9839294749472458,16641,260.0,156.0,434,33.41013824884793
1782181291.9518518,339,463,168,168,28,1.2815169844628826,23080,203.6,122.2,434,93.54838709677419
1782181292.0520487,465,493,42,42,2,1.6243650309917683,29375,100.0,60.0,434,99.53917050691244
1782181292.1512017,69,210,438,438,281,0,8852,260.0,156.0,434,35.25345622119816
1782181292.251847,418,495,89,89,4,0,29375,107.9,64.7,434,99.07834101382488
1782181292.3521388,486,500,21,21,9,0,29375,100.0,60.0,434,97.92626728110599
1782181292.4513834,280,437,227,227,54,0,17081,260.0,156.0,434,87.55760368663594
1782181292.5519943,461,502,46,46,11,0,29375,100.0,60.0,434,97.46543778801843
1782181292.6523607,476,502,31,31,11,0,29375,100.0,60.0,434,97.46543778801843
1782181292.7517037,430,490,77,77,1,0,29375,100.0,60.0,434,99.76958525345621
1782181292.8520212,442,507,65,65,16,0,29375,100.0,60.0,434,96.31336405529954
1782181292.9510496,187,358,320,320,133,0,12117,260.0,156.0,434,69.35483870967742
1782181293.0513716,443,500,64,64,9,0,29375,100.0,60.0,434,97.92626728110599
1782181293.1519217,482,497,25,25,6,0,29375,100.0,60.0,434,98.61751152073732
1782181293.2511125,341,459,166,166,32,0,23358,201.2,120.7,434,92.62672811059907
1782181293.3514102,433,495,74,74,4,0,29375,100.0,60.0,434,99.07834101382488
1782181293.452162,494,500,13,13,9,0,29375,100.0,60.0,434,97.92626728110599
1782181293.551097,398,496,109,109,5,0,29375,132.1,79.3,434,98.84792626728111
1782181293.651483,443,492,64,64,1,0,29375,100.0,60.0,434,99.76958525345621
1782181293.7517858,491,496,16,16,5,0,29375,100.0,60.0,434,98.84792626728111
1782181293.8511353,462,499,45,45,8,0,29375,100.0,60.0,434,98.15668202764977
1782181293.9514937,481,501,26,26,10,0,29375,100.0,60.0,434,97.6958525345622
1782181294.0518217,461,497,46,46,6,0,29375,100.0,60.0,434,98.61751152073732
1782181294.1514971,435,499,72,72,8,0,29375,100.0,60.0,434,98.15668202764977
1782181294.2515855,474,501,33,33,10,0,29375,100.0,60.0,434,97.6958525345622
1782181294.3518653,497,323,10,10,168,0,29375,100.0,60.0,434,61.29032258064516
1782181294.4512146,470,495,37,37,4,0,29375,100.0,60.0,434,99.07834101382488
1782181294.5515723,473,498,34,34,7,0,29375,100.0,60.0,434,98.38709677419355
1782181294.6518185,344,151,163,163,340,2.213725116683392,23788,197.6,118.5,434,21.658986175115206
1782181294.7512994,448,503,59,59,12,2.395804962650871,29375,100.0,60.0,434,97.23502304147466
1782181294.851746,498,410,9,9,81,4.794205358427192,29375,100.0,60.0,434,81.33640552995391
1782181294.951746,220,71,287,287,420,0,13510,260.0,156.0,434,3.225806451612903
1782181295.0512025,490,500,17,17,9,0,29375,100.0,60.0,434,97.92626728110599
1782181295.151594,380,283,127,127,208,21.522005915316896,29375,153.9,92.4,434,52.07373271889401
1782181295.2518952,219,134,288,288,357,13.013736716651636,13463,260.0,156.0,434,17.741935483870968
1782181295.3512192,478,502,29,29,11,13.200428828504258,29375,100.0,60.0,434,97.46543778801843
1782181295.4515638,223,160,284,284,331,9.585497721758031,13653,260.0,156.0,434,23.732718894009217
1782181295.5517437,39,253,468,468,238,0,8285,260.0,156.0,434,45.16129032258064
1782181295.6512215,499,499,8,8,8,0,29375,100.0,60.0,434,98.15668202764977
1782181295.7515724,409,326,98,98,165,0,29375,118.8,71.3,434,61.9815668202765
1782181295.8519557,317,442,190,190,49,0,20407,230.3,138.2,434,88.70967741935483
1782181295.9512696,441,275,66,66,216,0,29375,100.0,60.0,434,50.23041474654379
1782181296.0514033,111,94,396,396,397,0,9791,260.0,156.0,434,8.525345622119817
1782181296.150927,498,493,9,9,2,0,29375,100.0,60.0,434,99.53917050691244
1782181296.25129,348,186,159,159,305,0,24386,192.7,115.6,434,29.723502304147466
1782181296.3516266,379,433,128,128,58,0,29375,155.2,93.1,434,86.63594470046083
1782181296.4510949,444,453,63,63,38,0,29375,100.0,60.0,434,91.24423963133641
1782181296.551317,240,238,267,267,253,0,14522,260.0,156.0,434,41.705069124423964
1782181296.6518474,433,487,74,74,4,0,29375,100.0,60.0,434,99.07834101382488
1782181296.750987,373,128,134,134,363,0,28936,162.4,97.5,434,16.359447004608295
1782181296.851375,42,197,465,465,294,0,8338,260.0,156.0,434,32.25806451612903
1782181296.95166,470,496,37,37,5,0,29375,100.0,60.0,434,98.84792626728111
1782181297.0510154,400,211,107,107,280,0,29375,129.7,77.8,434,35.483870967741936
1782181297.1513872,382,446,125,125,45,0,29375,151.5,90.9,434,89.63133640552995
1782181297.251812,421,497,86,86,6,0,29375,104.2,62.5,434,98.61751152073732
1782181297.3507993,167,97,340,340,394,0,11404,260.0,156.0,434,9.216589861751153
1782181297.4514167,381,479,126,126,12,0,29375,152.7,91.6,434,97.23502304147466
1782181297.5517035,448,498,59,59,7,0,29375,100.0,60.0,434,98.38709677419355
1782181297.651009,277,379,230,230,112,0,16858,260.0,156.0,434,74.19354838709677
1782181297.7514079,411,492,96,96,1,0,29375,116.4,69.8,434,99.76958525345621
1782181297.8517866,442,500,65,65,9,0,29375,100.0,60.0,434,97.92626728110599
1782181297.9511285,333,455,174,174,36,0,22284,210.9,126.5,434,91.70506912442397
1782181298.0516,463,499,44,44,8,0,29375,100.0,60.0,434,98.15668202764977
1782181298.1518133,487,499,20,20,8,0,29375,100.0,60.0,434,98.15668202764977
1782181298.2510521,393,488,114,114,3,0,29375,138.2,82.9,434,99.30875576036865
1782181298.3515413,480,499,27,27,8,0,29375,100.0,60.0,434,98.15668202764977
1782181298.4519284,460,501,47,47,10,0,29375,100.0,60.0,434,97.6958525345622
1782181298.5512338,469,499,38,38,8,0,29375,100.0,60.0,434,98.15668202764977
1782181298.6516016,486,500,21,21,9,0,29375,100.0,60.0,434,97.92626728110599
1782181298.7519677,465,500,42,42,9,0,29375,100.0,60.0,434,97.92626728110599
1782181298.851272,474,498,33,33,7,0,29375,100.0,60.0,434,98.38709677419355
1782181298.951369,490,499,17,17,8,0,29375,100.0,60.0,434,98.15668202764977
1782181299.0518255,479,304,28,28,187,0,29375,100.0,60.0,434,56.91244239631337
1782181299.1510966,440,500,67,67,9,0,29375,100.0,60.0,434,97.92626728110599
1782181299.2513719,496,499,11,11,8,0,29375,100.0,60.0,434,98.15668202764977
1782181299.350757,478,500,29,29,9,0,29375,100.0,60.0,434,97.92626728110599
1782181299.4512439,476,500,31,31,9,0,29375,100.0,60.0,434,97.92626728110599
1782181299.5517519,485,496,22,22,5,1.102022265366827,29375,100.0,60.0,434,98.84792626728111
1782181299.6507802,460,499,47,47,8,0.8352885346808563,29375,100.0,60.0,434,98.15668202764977
1782181299.7511725,474,500,33,33,9,0.692234834217416,29375,100.0,60.0,434,97.92626728110599
1782181299.8515556,498,499,9,9,8,28.99573565231765,29375,100.0,60.0,434,98.15668202764977
1782181299.9509697,506,500,1,1,9,28.135088147583758,29375,100.0,60.0,434,97.92626728110599
1782181300.0514257,506,500,1,1,9,27.456518785857355,29375,100.0,60.0,434,97.92626728110599
1782181300.1517634,507,499,0,0,8,27.369458520842926,29375,100.0,60.0,434,98.15668202764977
1782181300.2511175,506,500,1,1,9,26.708640800341726,29375,100.0,60.0,434,97.92626728110599
1782181300.3514407,507,499,0,0,8,47.755904108162085,29375,100.0,60.0,434,98.15668202764977
1782181300.4518256,506,500,1,1,9,49.196719266042145,29375,100.0,60.0,434,97.92626728110599
1782181300.5511258,506,499,1,1,8,48.718207692961606,29375,100.0,60.0,434,98.15668202764977
1782181300.6514041,506,500,1,1,9,61.99519036285597,29375,100.0,60.0,434,97.92626728110599
1782181300.7518203,506,499,1,1,8,63.35691667510012,29375,100.0,60.0,434,98.15668202764977
1782181300.8511198,505,500,2,2,9,63.56861853352861,29375,100.0,60.0,434,97.92626728110599
1782181300.9513526,506,499,1,1,8,75.16856830547219,29375,100.0,60.0,434,98.15668202764977
1782181301.0517025,506,499,1,1,8,75.18107800711545,29375,100.0,60.0,434,98.15668202764977
1782181301.1511412,505,500,2,2,9,74.93410905455605,29375,100.0,60.0,434,97.92626728110599
1782181301.2513444,505,499,2,2,8,81.61942450423395,29375,100.0,60.0,434,98.15668202764977
1782181301.351872,506,499,1,1,8,81.4878718433323,29375,100.0,60.0,434,98.15668202764977
1782181301.45119,506,499,1,1,8,82.19722243893136,29375,100.0,60.0,434,98.15668202764977
1782181301.5513718,506,500,1,1,9,82.56708094819841,29375,100.0,60.0,434,97.92626728110599
1782181301.6517751,506,500,1,1,9,82.48061391232875,29375,100.0,60.0,434,97.92626728110599
1782181301.751184,506,499,1,1,8,83.21770112423344,29375,100.0,60.0,434,98.15668202764977
1782181301.8514416,509,500,2,2,9,83.61965947986565,29375,100.0,60.0,434,97.92626728110599
1782181301.951812,506,499,1,1,8,83.57846941766186,29375,100.0,60.0,434,98.15668202764977
1782181302.0510814,506,500,1,1,9,83.85203831232354,29375,100.0,60.0,434,97.92626728110599
1782181302.151506,506,500,1,1,9,87.90220405748772,29375,100.0,60.0,434,97.92626728110599
1782181302.2518754,506,499,1,1,8,87.88201520237149,29375,100.0,60.0,434,98.15668202764977
1782181302.3511305,507,499,0,0,8,88.57313107919175,29375,100.0,60.0,434,98.15668202764977
1782181302.4515326,507,499,0,0,8,89.55751200357139,29375,100.0,60.0,434,98.15668202764977
1782181302.550796,506,501,1,1,10,90.0577221478733,29375,100.0,60.0,434,97.6958525345622
1782181302.6511245,506,501,1,1,10,94.10461574148422,29375,100.0,60.0,434,97.6958525345622
1782181302.7515192,505,500,2,2,9,98.46920499957267,29375,100.0,60.0,434,97.92626728110599
1782181302.8507938,506,500,1,1,9,99.45329268443811,29375,100.0,60.0,434,97.92626728110599
1782181302.9511473,505,495,2,2,4,99.42651164886382,29375,100.0,60.0,434,99.07834101382488
1782181303.051552,505,499,2,2,8,99.40278423776104,29375,100.0,60.0,434,98.15668202764977
1782181303.1508486,505,499,2,2,8,99.41785836011424,29375,100.0,60.0,434,98.15668202764977
1782181303.251202,506,498,1,1,7,99.41785836011424,29375,100.0,60.0,434,98.38709677419355
1782181303.351574,506,499,1,1,8,99.45839743969094,29375,100.0,60.0,434,98.15668202764977
1782181303.4509265,507,499,0,0,8,99.41785836011424,29375,100.0,60.0,434,98.15668202764977
1782181303.5511928,507,500,0,0,9,99.38175876696695,29375,100.0,60.0,434,97.92626728110599
1782181303.651604,506,498,1,1,7,99.38175876696695,29375,100.0,60.0,434,98.38709677419355
1782181303.75094,507,499,0,0,8,99.34935929013523,29375,100.0,60.0,434,98.15668202764977
1782181303.8512666,506,498,1,1,7,99.37106792452956,29375,100.0,60.0,434,98.38709677419355
1782181303.9515867,506,500,1,1,9,99.37106792452956,29375,100.0,60.0,434,97.92626728110599
1782181304.0509255,507,499,0,0,8,99.34256390255614,29375,100.0,60.0,434,98.15668202764977
1782181304.1512594,506,499,1,1,8,99.36754446796633,29375,100.0,60.0,434,98.15668202764977
1782181304.2516463,506,499,1,1,8,99.39538809509277,29375,100.0,60.0,434,98.15668202764977
1782181304.3509064,507,500,0,0,9,99.37106792452956,29375,100.0,60.0,434,97.92626728110599
1782181304.4512494,506,499,1,1,8,99.37106792452956,29375,100.0,60.0,434,98.15668202764977
1782181304.552026,505,499,2,2,8,99.34256390255614,29375,100.0,60.0,434,98.15668202764977
1782181304.6509027,507,499,0,0,8,99.32013073152096,29375,100.0,60.0,434,98.15668202764977
1782181304.751209,506,499,1,1,8,99.32013073152096,29375,100.0,60.0,434,98.15668202764977
1782181304.8515556,507,499,0,0,8,99.33000829192527,29375,100.0,60.0,434,98.15668202764977
1782181304.9509082,506,500,1,1,9,99.33000829192527,29375,100.0,60.0,434,97.92626728110599
1782181305.0512383,506,499,1,1,8,99.33000829192527,29375,100.0,60.0,434,98.15668202764977
1782181305.1517096,505,500,2,2,9,99.3,29375,100.0,60.0,434,97.92626728110599
1782181305.251025,506,500,1,1,9,99.3,29375,100.0,60.0,434,97.92626728110599
1782181305.351333,505,499,2,2,8,99.29367932998609,29375,100.0,60.0,434,98.15668202764977
1782181305.4517162,506,500,1,1,9,99.31686994893603,29375,100.0,60.0,434,97.92626728110599
1782181305.5509467,506,499,1,1,8,99.31686994893603,29375,100.0,60.0,434,98.15668202764977
1782181305.65134,505,499,2,2,8,99.29367932998609,29375,100.0,60.0,434,98.15668202764977
1782181305.75066,505,500,2,2,9,99.29367932998609,29375,100.0,60.0,434,97.92626728110599
1782181305.8510022,507,500,0,0,9,99.26970325665978,29375,100.0,60.0,434,97.92626728110599
1782181305.95135,505,499,2,2,8,99.26970325665978,29375,100.0,60.0,434,98.15668202764977
1782181306.0507119,506,499,1,1,8,99.29367932998609,29375,100.0,60.0,434,98.15668202764977
1782181306.1510003,506,499,1,1,8,99.32013073152096,29375,100.0,60.0,434,98.15668202764977
1782181306.251335,506,499,1,1,8,99.32013073152096,29375,100.0,60.0,434,98.15668202764977
1782181306.3506844,505,499,2,2,8,99.29367932998609,29375,100.0,60.0,434,98.15668202764977
1782181306.4510262,507,499,0,0,8,99.29367932998609,29375,100.0,60.0,434,98.15668202764977
1782181306.5513828,506,500,1,1,9,99.31686994893603,29375,100.0,60.0,434,97.92626728110599
1782181306.6507158,505,500,2,2,9,99.29367932998609,29375,100.0,60.0,434,97.92626728110599
1782181306.751008,506,500,1,1,9,99.32013073152096,29375,100.0,60.0,434,97.92626728110599
1782181306.8513958,505,499,2,2,8,99.3,29375,100.0,60.0,434,98.15668202764977
1782181306.9507208,506,499,1,1,8,99.3,29375,100.0,60.0,434,98.15668202764977
1782181307.0510817,506,499,1,1,8,99.33000829192527,29375,100.0,60.0,434,98.15668202764977
1782181307.1514392,506,500,1,1,9,99.33000829192527,29375,100.0,60.0,434,97.92626728110599
1782181307.2507744,507,500,0,0,9,99.3,29375,100.0,60.0,434,97.92626728110599
1782181307.3510594,506,499,1,1,8,99.33000829192527,29375,100.0,60.0,434,98.15668202764977
1782181307.4514124,506,499,1,1,8,99.33000829192527,29375,100.0,60.0,434,98.15668202764977
1782181307.550746,507,499,0,0,8,99.32013073152096,29375,100.0,60.0,434,98.15668202764977
1782181307.6511014,505,500,2,2,9,99.33000829192527,29375,100.0,60.0,434,97.92626728110599
1782181307.7513812,505,498,2,2,7,99.31281572906373,29375,100.0,60.0,434,98.38709677419355
1782181307.85073,506,500,1,1,9,99.34680273525782,29375,100.0,60.0,434,97.92626728110599
1782181307.9510674,506,500,1,1,9,99.34680273525782,29375,100.0,60.0,434,97.92626728110599
1782181308.0514636,505,499,2,2,8,99.3325005201833,29375,100.0,60.0,434,98.15668202764977
1782181308.1507556,507,499,0,0,8,99.31281572906373,29375,100.0,60.0,434,98.15668202764977
1782181308.2510602,506,499,1,1,8,99.31281572906373,29375,100.0,60.0,434,98.15668202764977
1782181308.3872952,515,500,8,8,9,98.59801727701246,29375,100.0,60.0,434,97.92626728110599
1782181308.4853988,407,499,100,100,8,82.24174683265396,29375,121.2,72.7,434,98.15668202764977
1782181308.585758,421,503,86,86,12,77.03517182007813,29375,104.2,62.5,434,97.23502304147466
1782181308.6861422,423,486,84,84,5,73.27961660288369,29375,101.8,61.1,434,98.84792626728111
1782181308.7855232,415,495,92,92,4,69.57667196231009,29375,111.5,66.9,434,99.07834101382488
1782181308.8857667,445,503,62,62,12,68.46044811140568,29375,100.0,60.0,434,97.23502304147466
1782181308.9861462,413,314,94,94,177,65.56311731749099,29375,113.9,68.4,434,59.21658986175116
1782181309.085536,481,496,26,26,5,65.69120618072776,29375,100.0,60.0,434,98.84792626728111
1782181309.185862,496,502,11,11,11,65.82131918545974,29375,100.0,60.0,434,97.46543778801843
1782181309.2861173,407,296,100,100,195,63.099156890089596,29375,121.2,72.7,434,55.06912442396313
1782181309.3855762,485,498,22,22,7,63.301453253114595,29375,100.0,60.0,434,98.38709677419355
1782181309.4858716,492,281,15,15,210,63.5235235619813,29375,100.0,60.0,434,51.61290322580645
1782181309.5862184,319,206,188,188,285,53.41052813253955,20625,227.9,136.7,434,34.331797235023046
1782181309.6855175,487,496,20,20,5,53.66276994803327,29375,100.0,60.0,434,98.84792626728111
1782181309.7859914,394,178,113,113,313,51.74464911650845,29375,137.0,82.2,434,27.880184331797235
1782181309.886192,315,318,192,192,173,44.508649322619654,20195,232.7,139.6,434,60.13824884792627
1782181309.9855642,494,500,13,13,9,44.75500022626482,29375,100.0,60.0,434,97.92626728110599
1782181310.0858653,186,256,321,321,235,25.893102735155466,12079,260.0,156.0,434,45.852534562211986
1782181310.1862884,356,433,151,151,58,24.454215501091298,25678,183.0,109.8,434,86.63594470046083
1782181310.2855446,492,497,15,15,6,24.78398515682389,29375,100.0,60.0,434,98.61751152073732
1782181310.3856845,253,85,254,254,406,17.734839289850854,15265,260.0,156.0,434,6.451612903225806
1782181310.4862309,400,487,107,107,4,18.323939315801425,29375,129.7,77.8,434,99.07834101382488
1782181310.5866146,468,501,39,39,10,19.133058533030805,29375,100.0,60.0,434,97.6958525345622
1782181310.687088,468,504,39,39,13,19.912346630568436,29375,100.0,60.0,434,97.00460829493088
1782181310.7863932,437,496,70,70,5,20.96933787727984,29375,100.0,60.0,434,98.84792626728111
1782181310.88661,491,497,16,16,6,21.38790028104947,29375,100.0,60.0,434,98.61751152073732
1782181310.9869082,479,500,28,28,9,22.085738005021042,29375,100.0,60.0,434,97.92626728110599
1782181311.0862968,469,495,38,38,4,22.956686064122195,29375,100.0,60.0,434,99.07834101382488
1782181311.1865575,484,502,23,23,11,23.61343922739637,29375,100.0,60.0,434,97.46543778801843
1782181311.2870183,492,500,15,15,9,24.04126851448288,29375,100.0,60.0,434,97.92626728110599
1782181311.3862658,490,502,17,17,11,24.301262303200275,29375,100.0,60.0,434,97.46543778801843
1782181311.4865813,489,500,18,18,9,23.654084006484737,29375,100.0,60.0,434,97.92626728110599
1782181311.586949,491,399,16,16,92,22.940218012247144,29375,100.0,60.0,434,78.80184331797236
1782181311.686469,459,496,48,48,5,22.83595396818542,29375,100.0,60.0,434,98.84792626728111
1782181311.7866445,492,499,15,15,8,22.262092758923444,29375,100.0,60.0,434,98.15668202764977
1782181311.8870218,440,205,67,67,286,22.27306344215883,29375,100.0,60.0,434,34.10138248847927
1782181311.986326,479,501,28,28,10,22.058248244816397,29375,100.0,60.0,434,97.6958525345622
1782181312.086776,486,482,21,21,9,21.96439559050269,29375,100.0,60.0,434,97.92626728110599
1782181312.187197,303,136,204,204,355,18.97544268008069,19007,247.3,148.4,434,18.202764976958523
1782181312.2863586,485,499,22,22,8,18.608320108529796,29375,100.0,60.0,434,98.15668202764977
1782181312.3867338,475,295,32,32,196,18.790086812015375,29375,100.0,60.0,434,54.83870967741935
1782181312.4870281,329,322,178,178,169,17.31266387435403,21783,215.8,129.5,434,61.05990783410138
1782181312.5864308,477,499,30,30,8,19.55319217713553,29375,100.0,60.0,434,98.15668202764977
1782181312.6866748,499,400,8,8,91,19.267960373701555,29375,100.0,60.0,434,79.03225806451613
1782181312.7870367,147,276,360,360,215,4.236141124813344,10770,260.0,156.0,434,50.46082949308756
1782181312.8864558,500,409,7,7,82,5.734299863512277,29375,100.0,60.0,434,81.10599078341014
1782181312.9867165,353,145,154,154,346,5.3453704835897184,25178,186.7,112.0,434,20.276497695852534
1782181313.0870318,398,469,109,109,22,16.490925310146352,29375,132.1,79.3,434,94.93087557603687
1782181313.186421,382,281,125,125,210,17.19406220968611,29375,151.5,90.9,434,51.61290322580645
1782181313.2868426,325,224,182,182,267,15.489514128587444,21304,220.6,132.4,434,38.47926267281106
1782181313.3871148,448,494,59,59,3,22.225075449159775,29375,100.0,60.0,434,99.30875576036865
1782181313.486438,271,296,236,236,195,16.870489261901966,16430,260.0,156.0,434,55.06912442396313
1782181313.5867834,294,410,213,213,81,13.47681107227831,18204,258.2,154.9,434,81.33640552995391
1782181313.6861155,405,149,102,102,342,13.715399854770013,29375,123.6,74.2,434,21.19815668202765
1782181313.7863038,117,32,390,390,459,0,9942,260.0,156.0,434,0
1782181313.886772,446,491,61,61,0,0,29375,100.0,60.0,434,100
1782181313.986125,364,214,143,143,277,0,27115,173.3,104.0,434,36.175115207373274
1782181314.086465,302,296,205,205,195,0,18914,248.5,149.1,434,55.06912442396313
1782181314.1868887,430,493,77,77,2,0,29375,100.0,60.0,434,99.53917050691244
1782181314.2859232,169,41,338,338,450,0,11471,260.0,156.0,434,0
1782181314.3865373,405,482,102,102,9,0,29375,123.6,74.2,434,97.92626728110599
1782181314.4869032,477,502,30,30,11,0,29375,100.0,60.0,434,97.46543778801843
1782181314.5861783,332,224,175,175,267,0,22157,212.1,127.3,434,38.47926267281106
1782181314.6866357,439,495,68,68,4,0,29375,100.0,60.0,434,99.07834101382488
1782181314.7868466,468,499,39,39,8,0,29375,100.0,60.0,434,98.15668202764977
1782181314.8861182,185,357,322,322,134,0,12041,260.0,156.0,434,69.12442396313364
1782181314.98659,417,492,90,90,1,0,29375,109.1,65.5,434,99.76958525345621
1782181315.0868378,492,500,15,15,9,0,29375,100.0,60.0,434,97.92626728110599
1782181315.1861987,383,466,124,124,25,0,29375,150.3,90.2,434,94.23963133640552
1782181315.2866144,477,498,30,30,7,0,29375,100.0,60.0,434,98.38709677419355
1782181315.386896,463,498,44,44,7,0,29375,100.0,60.0,434,98.38709677419355
1782181315.486219,408,488,99,99,3,0,29375,120.0,72.0,434,99.30875576036865
1782181315.586617,480,498,27,27,7,0,29375,100.0,60.0,434,98.38709677419355
1782181315.687018,486,499,21,21,8,0,29375,100.0,60.0,434,98.15668202764977
1782181315.7863407,422,505,85,85,14,2.5575041370552754,29375,103.0,61.8,434,96.7741935483871
1782181315.8865545,485,499,22,22,8,3.114036104294243,29375,100.0,60.0,434,98.15668202764977
1782181315.9870331,481,498,26,26,7,1.7684764333657483,29375,100.0,60.0,434,98.38709677419355
1782181316.0861893,434,496,73,73,5,1.4387894645047368,29375,100.0,60.0,434,98.84792626728111
1782181316.1867096,459,502,48,48,11,0.6696644747660372,29375,100.0,60.0,434,97.46543778801843
1782181316.2869399,476,208,31,31,283,0.3736703699491102,29375,100.0,60.0,434,34.7926267281106
1782181316.3863523,475,499,32,32,8,0,29375,100.0,60.0,434,98.15668202764977
1782181316.4866796,500,498,7,7,7,1.0541730709846178,29375,100.0,60.0,434,98.38709677419355
1782181316.5870738,332,189,175,175,302,2.256293183539327,22157,212.1,127.3,434,30.414746543778804
1782181316.6863565,463,501,44,44,10,1.7420571488832053,29375,100.0,60.0,434,97.6958525345622
1782181316.786599,493,386,14,14,105,16.97523127269656,29375,100.0,60.0,434,75.80645161290323
1782181316.8860538,459,499,48,48,8,16.814370899241922,29375,100.0,60.0,434,98.15668202764977
1782181316.9862823,492,500,15,15,9,16.609459635866244,29375,100.0,60.0,434,97.92626728110599
1782181317.086701,408,272,99,99,219,19.75772795949618,29375,120.0,72.0,434,49.53917050691244
1782181317.1860394,492,499,15,15,8,18.9810995987836,29375,100.0,60.0,434,98.15668202764977
1782181317.2862763,488,501,19,19,10,34.76530405102238,29375,100.0,60.0,434,97.6958525345622
1782181317.3866751,344,125,163,163,366,32.713877937406565,23788,197.6,118.5,434,15.668202764976957
1782181317.486029,487,499,20,20,8,32.50860137107182,29375,100.0,60.0,434,98.15668202764977
1782181317.5863037,501,321,6,6,170,34.79971881451226,29375,100.0,60.0,434,60.82949308755761
1782181317.686679,172,158,335,335,333,18.28031652859474,11574,260.0,156.0,434,23.27188940092166
1782181317.7860074,492,500,15,15,9,17.868235945727633,29375,100.0,60.0,434,97.92626728110599
1782181317.886381,328,251,179,179,240,29.355121283359196,21662,217.0,130.2,434,44.70046082949309
1782181317.986714,105,147,402,402,344,6.900883164470585,9645,260.0,156.0,434,20.737327188940093
1782181318.0860686,499,493,8,8,2,6.74357930951885,29375,100.0,60.0,434,99.53917050691244
1782181318.186225,163,41,344,344,450,0,11271,260.0,156.0,450,0
1782181318.2867324,168,369,339,339,122,0,11438,260.0,156.0,450,72.88888888888889
1782181318.3860817,439,390,68,68,101,0,29375,100.0,60.0,450,77.55555555555556
1782181318.486191,203,55,304,304,436,0,12754,260.0,156.0,450,3.111111111111111
1782181318.586715,322,469,185,185,22,0,20959,224.2,134.5,450,95.11111111111111
1782181318.6860304,419,420,88,88,71,0,29375,106.7,64.0,450,84.22222222222221
1782181318.7863784,187,251,320,320,240,0,12117,260.0,156.0,450,46.666666666666664
1782181318.8867517,399,501,108,108,10,0,29375,130.9,78.5,450,97.77777777777777
1782181318.9859748,154,28,353,353,463,0,10984,260.0,156.0,450,0
1782181319.0864286,382,443,125,125,48,0,29375,151.5,90.9,450,89.33333333333333
1782181319.1868384,436,493,71,71,2,0,29375,100.0,60.0,450,99.55555555555556
1782181319.2860806,418,464,89,89,27,0,29375,107.9,64.7,450,94.0
1782181319.3864133,389,492,118,118,1,0,29375,143.0,85.8,450,99.77777777777777
1782181319.4868538,463,503,44,44,12,0,29375,100.0,60.0,450,97.33333333333334
1782181319.5861027,147,353,360,360,138,0,10770,260.0,156.0,450,69.33333333333334
1782181319.6864464,425,489,82,82,2,0,29375,100.0,60.0,450,99.55555555555556
1782181319.786818,475,502,32,32,11,0,29375,100.0,60.0,450,97.55555555555556
1782181319.8861306,374,463,133,133,28,0,29154,161.2,96.7,450,93.77777777777779
1782181319.9865468,472,496,35,35,5,0,29375,100.0,60.0,450,98.88888888888889
1782181320.0857334,93,252,414,414,239,0,9365,260.0,156.0,450,46.88888888888889
1782181320.186198,392,489,115,115,2,0,29375,139.4,83.6,450,99.55555555555556
1782181320.286597,467,500,40,40,9,0,29375,100.0,60.0,450,98.0
1782181320.385869,362,445,145,145,46,0,26741,175.8,105.5,450,89.77777777777777
1782181320.4861887,445,501,62,62,10,0,29375,100.0,60.0,450,97.77777777777777
1782181320.5865424,495,499,12,12,8,0,29375,100.0,60.0,450,98.22222222222223
1782181320.685779,431,492,76,76,1,0,29375,100.0,60.0,450,99.77777777777777
1782181320.786114,442,496,65,65,5,0,29375,100.0,60.0,450,98.88888888888889
1782181320.8866327,493,499,14,14,8,0,29375,100.0,60.0,450,98.22222222222223
1782181320.985921,418,491,89,89,0,0,29375,107.9,64.7,450,100
1782181321.086281,485,499,22,22,8,0,29375,100.0,60.0,450,98.22222222222223
1782181321.1866302,482,499,25,25,8,0,29375,100.0,60.0,450,98.22222222222223
1782181321.285809,447,505,60,60,14,0,29375,100.0,60.0,450,96.88888888888889
1782181321.38624,478,498,29,29,7,0,29375,100.0,60.0,450,98.44444444444444
1782181321.486638,505,428,2,2,63,0,29375,100.0,60.0,450,86.0
1782181321.585914,489,498,18,18,7,0,29375,100.0,60.0,450,98.44444444444444
1782181321.6862574,495,497,12,12,6,0,29375,100.0,60.0,450,98.66666666666667
1782181321.7866137,432,171,75,75,320,0,29375,100.0,60.0,450,28.888888888888886
1782181321.8859236,479,497,28,28,6,0,29375,100.0,60.0,450,98.66666666666667
1782181321.9862585,493,502,14,14,11,8.762799984509243,29375,100.0,60.0,450,97.55555555555556
1782181322.0866566,430,235,77,77,256,9.14238245107532,29375,100.0,60.0,450,43.111111111111114
1782181322.1859756,495,499,12,12,8,8.363950567718405,29375,100.0,60.0,450,98.22222222222223
1782181322.2863228,502,498,5,5,7,7.50528543628981,29375,100.0,60.0,450,98.44444444444444
1782181322.3865619,497,330,10,10,161,7.1931456075456595,29375,100.0,60.0,450,64.22222222222223
1782181322.485985,500,494,7,7,3,6.6087084716496065,29375,100.0,60.0,450,99.33333333333333
1782181322.5862243,372,152,135,135,339,22.616646923686915,28722,163.6,98.2,450,24.666666666666668
1782181322.6865506,263,111,244,244,380,16.00462314309594,15891,260.0,156.0,450,15.555555555555555
1782181322.7859359,499,493,8,8,2,15.562903097433932,29375,100.0,60.0,450,99.55555555555556
1782181322.8860757,254,69,253,253,422,9.840012570246358,15326,260.0,156.0,450,6.222222222222222
1782181322.9865956,365,429,142,142,62,9.185047731358935,27306,172.1,103.3,450,86.22222222222223
1782181323.0859344,477,325,30,30,166,34.53105910263842,29375,100.0,60.0,450,63.11111111111111
1782181323.1862774,138,133,369,369,358,14.667187501589467,10508,260.0,156.0,450,20.444444444444446
1782181323.2856185,500,500,7,7,9,14.085436495188887,29375,100.0,60.0,450,98.0
1782181323.3859668,341,105,166,166,386,13.380166500070231,23358,201.2,120.7,450,14.222222222222221
1782181323.4862747,128,265,379,379,226,0,10230,260.0,156.0,450,49.77777777777778
1782181323.5856485,492,428,15,15,63,0,29375,100.0,60.0,450,86.0
1782181323.6859767,308,115,199,199,376,0,19484,241.2,144.7,450,16.444444444444446
1782181323.7863257,441,488,66,66,3,0,29375,100.0,60.0,450,99.33333333333333
1782181323.8856492,452,330,55,55,161,0,29375,100.0,60.0,450,64.22222222222223
1782181323.9862459,249,159,258,258,332,0,15029,260.0,156.0,450,26.222222222222225
1782181324.086536,459,503,48,48,12,0,29375,100.0,60.0,450,97.33333333333334
1782181324.185662,240,234,267,267,257,0,14522,260.0,156.0,450,42.888888888888886
1782181324.2860043,355,437,152,152,54,0,25509,184.2,110.5,450,88.0
1782181324.3863513,468,497,39,39,6,0,29375,100.0,60.0,450,98.66666666666667
1782181324.485806,357,163,150,150,328,0,25850,181.8,109.1,450,27.111111111111114
1782181324.5861263,406,476,101,101,15,0,29375,122.4,73.5,450,96.66666666666667
1782181324.6864681,456,493,51,51,2,0,29375,100.0,60.0,450,99.55555555555556
1782181324.785697,42,166,465,465,325,0,8338,260.0,156.0,450,27.77777777777778
1782181324.8861685,466,495,41,41,4,0,29375,100.0,60.0,450,99.11111111111111
1782181324.9865022,470,498,37,37,7,0,29375,100.0,60.0,450,98.44444444444444
1782181325.0858333,444,494,63,63,3,0,29375,100.0,60.0,450,99.33333333333333
1782181325.1860907,425,506,82,82,15,0,29375,100.0,60.0,450,96.66666666666667
1782181325.286454,479,500,28,28,9,0,29375,100.0,60.0,450,98.0
1782181325.3857827,340,467,167,167,24,0,23218,202.4,121.5,450,94.66666666666667
1782181325.4861445,445,494,62,62,3,0,29375,100.0,60.0,450,99.33333333333333
1782181325.5865273,499,499,8,8,8,0,29375,100.0,60.0,450,98.22222222222223
1782181325.6858206,478,497,29,29,6,0,29375,100.0,60.0,450,98.66666666666667
1782181325.7860825,493,500,14,14,9,0,29375,100.0,60.0,450,98.0
1782181325.8864865,498,494,9,9,3,0,29375,100.0,60.0,450,99.33333333333333
1782181325.9858115,442,501,65,65,10,0,29375,100.0,60.0,450,97.77777777777777
1782181326.0861752,492,496,15,15,5,0,29375,100.0,60.0,450,98.88888888888889
1782181326.1865716,493,476,14,14,15,0,29375,100.0,60.0,450,96.66666666666667
1782181326.2858226,494,508,13,13,17,0,29375,100.0,60.0,450,96.22222222222221
1782181326.3861105,498,499,9,9,8,0,29375,100.0,60.0,450,98.22222222222223
1782181326.4855,476,499,31,31,8,0.07424422769339856,29375,100.0,60.0,450,98.22222222222223
1782181326.5857863,471,500,36,36,9,0.4950922483384943,29375,100.0,60.0,450,98.0
1782181326.6861482,493,501,14,14,10,1.9801097282348081,29375,100.0,60.0,450,97.77777777777777
1782181326.785509,487,499,20,20,8,1.420641105756829,29375,100.0,60.0,450,98.22222222222223
1782181326.885865,498,500,9,9,9,0.7180166282813332,29375,100.0,60.0,450,98.0
1782181326.9861538,493,334,14,14,157,6.063963843001716,29375,100.0,60.0,450,65.11111111111111
1782181327.085613,462,498,45,45,7,6.040670736985589,29375,100.0,60.0,450,98.44444444444444
1782181327.1858323,499,503,8,8,12,13.054365645345172,29375,100.0,60.0,450,97.33333333333334
1782181327.2863,504,493,3,3,2,14.22085205469675,29375,100.0,60.0,450,99.55555555555556
1782181327.3857317,497,501,10,10,10,13.88624448504821,29375,100.0,60.0,450,97.77777777777777
1782181327.4859238,502,504,5,5,13,15.366699487993756,29375,100.0,60.0,450,97.11111111111111
1782181327.5862374,363,433,144,144,58,14.14179001270628,26927,174.5,104.7,450,87.1111111111111
1782181327.6856098,481,501,26,26,10,14.030729004163618,29375,100.0,60.0,450,97.77777777777777
1782181327.785886,388,135,119,119,356,59.19803926280013,29375,144.2,86.5,450,20.88888888888889
1782181327.8863115,146,108,361,361,383,29.089101292145813,10740,260.0,156.0,450,14.888888888888888
1782181327.9855533,482,500,25,25,9,28.990642244216232,29375,100.0,60.0,450,98.0
1782181328.085889,488,450,19,19,41,28.855827130162425,29375,100.0,60.0,450,90.88888888888889
1782181328.1864102,170,291,337,337,200,11.936708366463307,11505,260.0,156.0,450,55.55555555555556
1782181328.2855797,494,406,13,13,85,11.740760634745257,29375,100.0,60.0,450,81.11111111111111
1782181328.385948,365,393,142,142,98,12.691167558933515,27306,172.1,103.3,450,78.22222222222223
1782181328.486426,344,454,163,163,37,10.525857242317088,23788,197.6,118.5,450,91.77777777777779
1782181328.5855606,400,162,107,107,329,10.580582521343715,29375,129.7,77.8,450,26.88888888888889
1782181328.6859484,214,317,293,293,174,1.58838708995998,13233,260.0,156.0,450,61.33333333333333
1782181328.7863283,396,483,111,111,8,1.8697011338722405,29375,134.5,80.7,450,98.22222222222223
1782181328.8856428,365,316,142,142,175,1.8418453039517857,27306,172.1,103.3,450,61.111111111111114
1782181328.9859219,287,424,220,220,67,0,17625,260.0,156.0,450,85.11111111111111
1782181329.0863209,435,497,72,72,6,0,29375,100.0,60.0,450,98.66666666666667
1782181329.1855507,240,52,267,267,439,0,14522,260.0,156.0,450,2.4444444444444446
1782181329.28598,456,493,51,51,2,0,29375,100.0,60.0,450,99.55555555555556
1782181329.3863816,472,497,35,35,6,0,29375,100.0,60.0,450,98.66666666666667
1782181329.4856675,189,358,318,318,133,0,12193,260.0,156.0,450,70.44444444444444
1782181329.585972,443,494,64,64,3,0,29375,100.0,60.0,450,99.33333333333333
1782181329.6853359,377,303,130,130,188,0,29375,157.6,94.5,450,58.22222222222222
1782181329.7856529,221,402,286,286,89,0,13557,260.0,156.0,450,80.22222222222221
1782181329.8860106,452,497,55,55,6,0,29375,100.0,60.0,450,98.66666666666667
1782181329.9853487,399,216,108,108,275,0,29375,130.9,78.5,450,38.88888888888889
1782181330.0856917,470,495,37,37,4,0,29375,100.0,60.0,450,99.11111111111111
1782181330.1860828,460,504,47,47,13,0,29375,100.0,60.0,450,97.11111111111111
1782181330.285128,96,302,411,411,189,0,9434,260.0,156.0,450,57.99999999999999
1782181330.3857062,454,498,53,53,7,0,29375,100.0,60.0,450,98.44444444444444
1782181330.486066,479,501,28,28,10,0,29375,100.0,60.0,450,97.77777777777777
1782181330.5853355,432,496,75,75,5,0,29375,100.0,60.0,450,98.88888888888889
1782181330.6857028,487,500,20,20,9,0,29375,100.0,60.0,450,98.0
1782181330.7860374,492,501,15,15,10,0,29375,100.0,60.0,450,97.77777777777777
1782181330.8853383,431,489,76,76,2,0,29375,100.0,60.0,450,99.55555555555556
1782181330.9857097,463,496,44,44,5,0,29375,100.0,60.0,450,98.88888888888889
1782181331.0860686,483,498,24,24,7,0,29375,100.0,60.0,450,98.44444444444444
1782181331.1853683,427,494,80,80,3,0,29375,100.0,60.0,450,99.33333333333333
1782181331.2856932,469,499,38,38,8,0,29375,100.0,60.0,450,98.22222222222223
1782181331.386016,496,502,11,11,11,0,29375,100.0,60.0,450,97.55555555555556
1782181331.4853456,463,503,44,44,12,0,29375,100.0,60.0,450,97.33333333333334
1782181331.5857334,484,500,23,23,9,0,29375,100.0,60.0,450,98.0
1782181331.686053,502,463,5,5,28,0,29375,100.0,60.0,450,93.77777777777779
1782181331.7854645,465,501,42,42,10,0,29375,100.0,60.0,450,97.77777777777777
1782181331.885747,474,500,33,33,9,0,29375,100.0,60.0,450,98.0
1782181331.986102,440,402,67,67,89,1.8422528104208595,29375,100.0,60.0,450,80.22222222222221
1782181332.085459,481,503,26,26,12,1.2887431838585997,29375,100.0,60.0,450,97.33333333333334
1782181332.1858563,503,501,4,4,10,6.405128345619275,29375,100.0,60.0,450,97.77777777777777
1782181332.286107,233,312,274,274,179,0,14151,260.0,156.0,450,60.22222222222222
1782181332.3856254,488,496,19,19,5,0,29375,100.0,60.0,450,98.88888888888889
1782181332.4857347,501,433,6,6,58,8.949556105786428,29375,100.0,60.0,450,87.1111111111111
1782181332.5862134,379,454,128,128,37,8.402153106333571,29375,155.2,93.1,450,91.77777777777779
1782181332.685599,494,493,13,13,2,8.394347578571569,29375,100.0,60.0,450,99.55555555555556
1782181332.7859519,295,236,212,212,255,13.390942223755317,18290,257.0,154.2,450,43.333333333333336
1782181332.8851342,500,495,7,7,4,12.738197232567884,29375,100.0,60.0,450,99.11111111111111
1782181332.9855962,498,434,9,9,57,12.529820954669233,29375,100.0,60.0,450,87.33333333333333
1782181333.0858724,322,280,185,185,211,9.963655486612893,20959,224.2,134.5,450,53.11111111111111
1782181333.185237,493,503,14,14,12,9.521862677587507,29375,100.0,60.0,450,97.33333333333334
1782181333.2855623,475,260,32,32,231,35.94706182469933,29375,100.0,60.0,450,48.66666666666667
1782181333.385677,221,53,286,286,438,23.558591791563074,13557,260.0,156.0,450,2.666666666666667
1782181333.4852448,497,503,10,10,12,23.22937483067571,29375,100.0,60.0,450,97.33333333333334
1782181333.5855544,426,258,81,81,233,23.18466588267968,29375,100.0,60.0,450,48.22222222222222
1782181333.685889,325,431,182,182,60,20.60128744396698,21304,220.6,132.4,450,86.66666666666667
1782181333.7851994,505,328,2,2,163,20.287453936033387,29375,100.0,60.0,450,63.77777777777778
1782181333.8854983,185,169,322,322,322,7.969081282429869,12041,260.0,156.0,450,28.444444444444443
1782181333.985997,353,459,154,154,32,7.0546098208439645,25178,186.7,112.0,450,92.88888888888889
1782181334.0852313,407,162,100,100,329,7.52003820646695,29375,121.2,72.7,450,26.88888888888889
1782181334.1855927,231,274,276,276,217,1.0733998248083765,14048,260.0,156.0,450,51.77777777777778
1782181334.285897,434,491,73,73,0,1.4505200419606439,29375,100.0,60.0,450,100
1782181334.3853464,347,179,160,160,312,1.701989395060039,24234,193.9,116.4,450,30.666666666666664
1782181334.4857678,399,461,108,108,30,2.0941438591814006,29375,130.9,78.5,450,93.33333333333333
1782181334.5859,454,499,53,53,8,2.684242454437694,29375,100.0,60.0,450,98.22222222222223
1782181334.685196,263,96,244,244,395,0.7055109507302291,15891,260.0,156.0,450,12.222222222222221
1782181334.7856627,410,496,97,97,5,1.362836618240081,29375,117.6,70.5,450,98.88888888888889
1782181334.8861032,493,499,14,14,8,0.8371933524357047,29375,100.0,60.0,450,98.22222222222223
1782181334.985337,184,343,323,323,148,0,12004,260.0,156.0,450,67.11111111111111
1782181335.0857592,401,497,106,106,6,0,29375,128.5,77.1,450,98.66666666666667
1782181335.1859524,444,499,63,63,8,0,29375,100.0,60.0,450,98.22222222222223
1782181335.2852812,359,448,148,148,43,0.4789190394539844,26199,179.4,107.6,450,90.44444444444444
1782181335.3857746,460,493,47,47,2,1.2480942518632219,29375,100.0,60.0,450,99.55555555555556
1782181335.4860108,480,500,27,27,9,1.9524831749648257,29375,100.0,60.0,450,98.0
1782181335.5853543,419,484,88,88,7,1.8546203045932685,29375,106.7,64.0,450,98.44444444444444
1782181335.6857421,461,502,46,46,11,2.818560299704231,29375,100.0,60.0,450,97.55555555555556
1782181335.7862737,494,499,13,13,8,2.831074926188464,29375,100.0,60.0,450,98.22222222222223
1782181335.8856452,451,498,56,56,7,4.156557054978677,29375,100.0,60.0,450,98.44444444444444
1782181335.985772,486,501,21,21,10,4.557352882011443,29375,100.0,60.0,450,97.77777777777777
1782181336.0849862,372,472,135,135,19,5.430983462399865,28722,163.6,98.2,450,95.77777777777777
1782181336.1853025,467,501,40,40,10,6.192863337116577,29375,100.0,60.0,450,97.77777777777777
1782181336.2856536,482,500,25,25,9,5.9900714463271925,29375,100.0,60.0,450,98.0
1782181336.3850095,426,490,81,81,1,11.75787727948618,29375,100.0,60.0,450,99.77777777777777
1782181336.4854388,486,498,21,21,7,12.123672761722176,29375,100.0,60.0,450,98.44444444444444
1782181336.585837,487,500,20,20,9,10.92821247256046,29375,100.0,60.0,450,98.0
1782181336.6850412,459,491,48,48,0,11.720714648213075,29375,100.0,60.0,450,100
1782181336.7854393,467,498,40,40,7,12.827699353521709,29375,100.0,60.0,450,98.44444444444444
1782181336.8859785,496,494,11,11,3,22.041492517564905,29375,100.0,60.0,450,99.33333333333333
1782181336.9850297,474,497,33,33,6,22.434823105554216,29375,100.0,60.0,450,98.66666666666667
1782181337.0855622,484,504,23,23,13,21.739182501359238,29375,100.0,60.0,450,97.11111111111111
1782181337.185926,480,370,27,27,121,30.063608265160767,29375,100.0,60.0,450,73.11111111111111
1782181337.2850533,463,502,44,44,11,29.869676870684373,29375,100.0,60.0,450,97.55555555555556
1782181337.3854563,489,499,18,18,8,31.184627040496565,29375,100.0,60.0,450,98.22222222222223
1782181337.485998,402,277,105,105,214,31.241638892261093,29375,127.3,76.4,450,52.44444444444445
1782181337.5852103,487,494,20,20,3,30.76044804047649,29375,100.0,60.0,450,99.33333333333333
1782181337.6856241,495,502,12,12,11,38.53911813193696,29375,100.0,60.0,450,97.55555555555556
1782181337.7858524,215,310,292,292,181,25.80774973085127,13279,260.0,156.0,450,59.77777777777777
1782181337.8850906,491,500,16,16,9,25.852631724232978,29375,100.0,60.0,450,98.0
1782181337.9855552,368,169,139,139,322,41.4889848926812,27895,168.5,101.1,450,28.444444444444443
1782181338.0858767,353,420,154,154,71,39.595428796967504,25178,186.7,112.0,450,84.22222222222221
1782181338.1851654,487,500,20,20,9,39.164703228032714,29375,100.0,60.0,450,98.0
1782181338.285263,144,79,363,363,412,19.58810895009232,10681,260.0,156.0,450,8.444444444444445
1782181338.3857603,283,406,224,224,85,14.856617664344839,17310,260.0,156.0,450,81.11111111111111
1782181338.485257,506,499,1,1,8,14.271980465349998,29375,100.0,60.0,450,98.22222222222223
1782181338.5857613,506,499,1,1,8,13.42203898604835,29375,100.0,60.0,450,98.22222222222223
1782181338.6861565,506,499,1,1,8,12.662188409982846,29375,100.0,60.0,450,98.22222222222223
1782181338.785391,506,499,1,1,8,12.389650535263058,29375,100.0,60.0,450,98.22222222222223
1782181338.8856773,507,500,0,0,9,11.594972490876458,29375,100.0,60.0,450,98.0
1782181338.9860377,506,500,1,1,9,11.194694853166439,29375,100.0,60.0,450,98.0
1782181339.0853553,506,499,1,1,8,11.515500415797874,29375,100.0,60.0,450,98.22222222222223
1782181339.186122,505,499,2,2,8,10.976507470094035,29375,100.0,60.0,450,98.22222222222223
1782181339.2853873,506,499,1,1,8,10.575419735088744,29375,100.0,60.0,450,98.22222222222223
1782181339.385341,507,499,0,0,8,10.109146429931172,29375,100.0,60.0,450,98.22222222222223
1782181339.485771,507,500,0,0,9,9.76884007050434,29375,100.0,60.0,450,98.0
1782181339.5850923,506,500,1,1,9,9.466709622003322,29375,100.0,60.0,450,98.0
1782181339.685442,505,500,2,2,9,9.001581210318705,29375,100.0,60.0,450,98.0
1782181339.785757,506,500,1,1,9,8.565238800795484,29375,100.0,60.0,450,98.0
1782181339.8850644,506,499,1,1,8,8.403881693114911,29375,100.0,60.0,450,98.22222222222223
1782181339.985481,507,499,0,0,8,8.007433875218908,29375,100.0,60.0,450,98.22222222222223
1782181340.0857477,507,499,0,0,8,7.698344784313022,29375,100.0,60.0,450,98.22222222222223
1782181340.1870568,506,500,1,1,9,7.381211409347401,29375,100.0,60.0,450,98.0
1782181340.285442,506,499,1,1,8,7.007712386695445,29375,100.0,60.0,450,98.22222222222223
1782181340.385955,506,499,1,1,8,6.787482957848766,29375,100.0,60.0,450,98.22222222222223
1782181340.4850543,506,501,1,1,10,7.1352476866372,29375,100.0,60.0,450,97.77777777777777
1782181340.5856993,507,500,0,0,9,6.908670889520778,29375,100.0,60.0,450,98.0
1782181340.6857536,506,499,1,1,8,6.7725541127149285,29375,100.0,60.0,450,98.22222222222223
1782181340.7852347,505,499,2,2,8,19.088656199791387,29375,100.0,60.0,450,98.22222222222223
1782181340.8854887,506,500,1,1,9,18.949837206277692,29375,100.0,60.0,450,98.0
1782181340.985849,506,500,1,1,9,21.34432280149413,29375,100.0,60.0,450,98.0
1782181341.0851912,507,500,0,0,9,24.912495491371317,29375,100.0,60.0,450,98.0
1782181341.185556,505,499,2,2,8,24.835025887496414,29375,100.0,60.0,450,98.22222222222223
1782181341.2858155,506,499,1,1,8,59.94725699502939,29375,100.0,60.0,450,98.22222222222223
1782181341.3851445,506,500,1,1,9,99.40278423776104,29375,100.0,60.0,450,98.0
1782181341.48549,505,499,2,2,8,99.37106792452956,29375,100.0,60.0,450,98.22222222222223
1782181341.5858586,506,500,1,1,9,99.37106792452956,29375,100.0,60.0,450,98.0
1782181341.685176,507,500,0,0,9,99.34935929013523,29375,100.0,60.0,450,98.0
1782181341.7855544,507,499,0,0,8,99.33000829192527,29375,100.0,60.0,450,98.22222222222223
1782181341.8858278,506,500,1,1,9,99.34935929013523,29375,100.0,60.0,450,98.0
1782181341.985226,506,499,1,1,8,99.34935929013523,29375,100.0,60.0,450,98.22222222222223
1782181342.085592,506,501,1,1,10,99.34935929013523,29375,100.0,60.0,450,97.77777777777777
1782181342.1858869,505,500,2,2,9,99.34935929013523,29375,100.0,60.0,450,98.0
1782181342.2852235,506,500,1,1,9,99.34935929013523,29375,100.0,60.0,450,98.0
1782181342.3855665,506,500,1,1,9,99.37106792452956,29375,100.0,60.0,450,98.0
1782181342.4848723,506,500,1,1,9,99.39538809509277,29375,100.0,60.0,450,98.0
1782181342.5852518,506,499,1,1,8,99.39538809509277,29375,100.0,60.0,450,98.22222222222223
1782181342.6855617,507,500,0,0,9,99.40278423776104,29375,100.0,60.0,450,98.0
1782181342.7848716,506,500,1,1,9,99.40278423776104,29375,100.0,60.0,450,98.0
1782181342.8852766,507,499,0,0,8,99.38175876696695,29375,100.0,60.0,450,98.22222222222223
1782181342.985529,506,500,1,1,9,99.40278423776104,29375,100.0,60.0,450,98.0
1782181343.0849514,506,500,1,1,9,99.42651164886382,29375,100.0,60.0,450,98.0
1782181343.18531,505,500,2,2,9,99.39538809509277,29375,100.0,60.0,450,98.0
1782181343.2856383,506,499,1,1,8,99.39538809509277,29375,100.0,60.0,450,98.22222222222223
1782181343.38516,505,501,2,2,10,99.36754446796633,29375,100.0,60.0,450,97.77777777777777
1782181343.4855537,506,500,1,1,9,99.36754446796633,29375,100.0,60.0,450,98.0
1782181343.5855389,505,499,2,2,8,99.37106792452956,29375,100.0,60.0,450,98.22222222222223
1782181343.685034,505,500,2,2,9,99.34935929013523,29375,100.0,60.0,450,98.0
1782181343.7854338,504,501,3,3,10,99.2819780257154,29375,100.0,60.0,450,97.77777777777777
1782181343.8859994,506,499,1,1,8,99.2819780257154,29375,100.0,60.0,450,98.22222222222223
1782181343.9850318,506,499,1,1,8,99.2819780257154,29375,100.0,60.0,450,98.22222222222223
1782181344.0852869,505,499,2,2,8,99.29762308314315,29375,100.0,60.0,450,98.22222222222223
1782181344.185654,505,499,2,2,8,99.29762308314315,29375,100.0,60.0,450,98.22222222222223
1782181344.2849233,506,500,1,1,9,99.29762308314315,29375,100.0,60.0,450,98.0
1782181344.3853173,505,500,2,2,9,99.2843029815472,29375,100.0,60.0,450,98.0
1782181344.4856648,506,500,1,1,9,99.29762308314315,29375,100.0,60.0,450,98.0
1782181344.5850308,507,500,0,0,9,99.26590948181516,29375,100.0,60.0,450,98.0
1782181344.6853,506,500,1,1,9,99.29762308314315,29375,100.0,60.0,450,98.0
1782181344.7856483,506,499,1,1,8,99.3325005201833,29375,100.0,60.0,450,98.22222222222223
1782181344.8850017,506,500,1,1,9,99.3325005201833,29375,100.0,60.0,450,98.0
1782181344.9853837,506,500,1,1,9,99.3325005201833,29375,100.0,60.0,450,98.0
1782181345.0856452,505,499,2,2,8,99.32013073152096,29375,100.0,60.0,450,98.22222222222223
1782181345.1851132,507,500,0,0,9,99.29762308314315,29375,100.0,60.0,450,98.0
1782181345.285321,506,499,1,1,8,99.29762308314315,29375,100.0,60.0,450,98.22222222222223
1782181345.3856845,505,500,2,2,9,99.2843029815472,29375,100.0,60.0,450,98.0
1782181345.4849842,507,500,0,0,9,99.25166852264522,29375,100.0,60.0,450,98.0
1782181345.5854652,507,500,0,0,9,99.22182549800475,29375,100.0,60.0,450,98.0
1782181345.684688,506,500,1,1,9,99.25166852264522,29375,100.0,60.0,450,98.0
1782181345.7852557,506,499,1,1,8,99.25166852264522,29375,100.0,60.0,450,98.22222222222223
1782181345.8853502,506,500,1,1,9,99.2843029815472,29375,100.0,60.0,450,98.0
1782181345.9847953,506,499,1,1,8,99.2843029815472,29375,100.0,60.0,450,98.22222222222223
1782181346.0850766,507,499,0,0,8,99.25166852264522,29375,100.0,60.0,450,98.22222222222223
1782181346.1854782,506,500,1,1,9,99.26590948181516,29375,100.0,60.0,450,98.0
1782181346.2847154,505,499,2,2,8,99.25166852264522,29375,100.0,60.0,450,98.22222222222223
1782181346.3851132,507,500,0,0,9,99.23696512384936,29375,100.0,60.0,450,98.0
1782181346.4855232,506,500,1,1,9,99.23696512384936,29375,100.0,60.0,450,98.0
1782181346.5847735,506,499,1,1,8,99.25389902381335,29375,100.0,60.0,450,98.22222222222223
1782181346.6851397,506,500,1,1,9,99.27275252569095,29375,100.0,60.0,450,98.0
1782181346.7854872,506,500,1,1,9,99.36754446796633,29375,100.0,60.0,450,98.0
1782181346.884797,506,500,1,1,9,99.36754446796633,29375,100.0,60.0,450,98.0
1782181346.9850945,507,500,0,0,9,99.34256390255614,29375,100.0,60.0,450,98.0
1782181347.0855627,506,500,1,1,9,99.37106792452956,29375,100.0,60.0,450,98.0
1782181347.1847413,506,499,1,1,8,99.40278423776104,29375,100.0,60.0,450,98.22222222222223
1782181347.2852063,506,499,1,1,8,99.40278423776104,29375,100.0,60.0,450,98.22222222222223
1782181347.385535,506,500,1,1,9,99.43825668178825,29375,100.0,60.0,450,98.0
1782181347.4847732,506,500,1,1,9,99.43825668178825,29375,100.0,60.0,450,98.0
1782181347.5855103,505,499,2,2,8,99.42651164886382,29375,100.0,60.0,450,98.22222222222223
1782181347.6858902,506,499,1,1,8,99.42651164886382,29375,100.0,60.0,450,98.22222222222223
1782181347.7852232,505,500,2,2,9,99.39538809509277,29375,100.0,60.0,450,98.0
1782181347.8853333,505,500,2,2,9,99.36754446796633,29375,100.0,60.0,450,98.0
1782181347.9859533,506,500,1,1,9,99.36754446796633,29375,100.0,60.0,450,98.0
1782181348.0848389,506,498,1,1,7,99.39538809509277,29375,100.0,60.0,450,98.44444444444444
1782181348.1851733,507,501,0,0,10,99.39538809509277,29375,100.0,60.0,450,97.77777777777777
1782181348.2856781,506,500,1,1,9,99.39538809509277,29375,100.0,60.0,450,98.0
1782181348.3848653,506,500,1,1,9,99.42651164886382,29375,100.0,60.0,450,98.0
1782181348.4853666,506,498,1,1,7,99.45329268443811,29375,100.0,60.0,450,98.44444444444444
1782181348.5855303,506,499,1,1,8,99.48360222050567,29375,100.0,60.0,450,98.22222222222223
1782181348.6849954,506,499,1,1,8,99.48360222050567,29375,100.0,60.0,450,98.22222222222223
1782181348.785321,507,500,0,0,9,99.45329268443811,29375,100.0,60.0,450,98.0
1782181348.884669,506,500,1,1,9,99.45329268443811,29375,100.0,60.0,450,98.0
1782181348.984865,505,500,2,2,9,99.42264973081038,29375,100.0,60.0,450,98.0
1782181349.0851517,505,500,2,2,9,99.42651164886382,29375,100.0,60.0,450,98.0
1782181349.18465,506,499,1,1,8,99.42651164886382,29375,100.0,60.0,450,98.22222222222223
1782181349.2848732,506,500,1,1,9,99.45329268443811,29375,100.0,60.0,450,98.0
1782181349.3853712,507,500,0,0,9,99.45329268443811,29375,100.0,60.0,450,98.0
1782181349.48457,505,499,2,2,8,99.42651164886382,29375,100.0,60.0,450,98.22222222222223
1782181349.5849314,506,500,1,1,9,99.42651164886382,29375,100.0,60.0,450,98.0
1782181349.6852477,506,499,1,1,8,99.42651164886382,29375,100.0,60.0,450,98.22222222222223
1782181349.784568,506,500,1,1,9,99.42651164886382,29375,100.0,60.0,450,98.0
1782181349.8849049,506,500,1,1,9,99.42651164886382,29375,100.0,60.0,450,98.0
1782181349.9855046,505,500,2,2,9,99.43825668178825,29375,100.0,60.0,450,98.0
1782181350.0846307,506,500,1,1,9,99.43825668178825,29375,100.0,60.0,450,98.0
1782181350.1850014,506,500,1,1,9,99.43825668178825,29375,100.0,60.0,450,98.0
1782181350.2858481,507,499,0,0,8,99.40278423776104,29375,100.0,60.0,450,98.22222222222223
1782181350.385128,505,500,2,2,9,99.38175876696695,29375,100.0,60.0,450,98.0
1782181350.4849951,507,500,0,0,9,99.34935929013523,29375,100.0,60.0,450,98.0
1782181350.585529,506,500,1,1,9,99.37106792452956,29375,100.0,60.0,450,98.0
1782181350.6848366,507,499,0,0,8,99.34256390255614,29375,100.0,60.0,450,98.22222222222223
1782181350.7851515,506,500,1,1,9,99.36754446796633,29375,100.0,60.0,450,98.0
1782181350.8853786,508,500,1,1,9,99.39538809509277,29375,100.0,60.0,450,98.0
1782181350.9847033,506,500,1,1,9,99.39538809509277,29375,100.0,60.0,450,98.0
1782181351.0850174,507,499,0,0,8,99.37106792452956,29375,100.0,60.0,450,98.22222222222223
1782181351.1853576,506,500,1,1,9,99.39538809509277,29375,100.0,60.0,450,98.0
1782181351.2847314,506,499,1,1,8,99.39538809509277,29375,100.0,60.0,450,98.22222222222223
1782181351.3850365,507,499,0,0,8,99.37106792452956,29375,100.0,60.0,450,98.22222222222223
1782181351.4853354,507,500,0,0,9,99.34935929013523,29375,100.0,60.0,450,98.0
1782181351.584673,507,499,0,0,8,99.33000829192527,29375,100.0,60.0,450,98.22222222222223
1782181351.6850338,504,500,3,3,9,99.22827753981399,29375,100.0,60.0,450,98.0
1782181351.7854102,506,499,1,1,8,99.24796572182143,29375,100.0,60.0,450,98.22222222222223
1782181351.8847444,506,500,1,1,9,99.24796572182143,29375,100.0,60.0,450,98.0
1782181351.985065,506,500,1,1,9,99.27275252569095,29375,100.0,60.0,450,98.0
1782181352.0844612,506,499,1,1,8,99.3,29375,100.0,60.0,450,98.22222222222223
1782181352.1847744,506,500,1,1,9,99.3,29375,100.0,60.0,450,98.0
1782181352.28508,506,500,1,1,9,99.3,29375,100.0,60.0,450,98.0
1782181352.384422,505,500,2,2,9,99.29367932998609,29375,100.0,60.0,450,98.0
1782181352.4846876,507,501,0,0,10,99.3,29375,100.0,60.0,450,97.77777777777777
1782181352.5851173,507,500,0,0,9,99.2819780257154,29375,100.0,60.0,450,98.0
1782181352.6844447,506,500,1,1,9,99.2819780257154,29375,100.0,60.0,450,98.0
1782181352.784831,506,500,1,1,9,99.2819780257154,29375,100.0,60.0,450,98.0
1782181352.8851073,506,499,1,1,8,99.2819780257154,29375,100.0,60.0,450,98.22222222222223
1782181352.984471,506,499,1,1,8,99.31281572906373,29375,100.0,60.0,450,98.22222222222223
1782181353.084746,506,499,1,1,8,99.31281572906373,29375,100.0,60.0,450,98.22222222222223
1782181353.1851168,506,500,1,1,9,99.31281572906373,29375,100.0,60.0,450,98.0
1782181353.2844503,505,500,2,2,9,99.3,29375,100.0,60.0,450,98.0
1782181353.3847747,506,500,1,1,9,99.33000829192527,29375,100.0,60.0,450,98.0
1782181353.4851136,507,499,0,0,8,99.33000829192527,29375,100.0,60.0,450,98.22222222222223
1782181353.5845096,506,499,1,1,8,99.33000829192527,29375,100.0,60.0,450,98.22222222222223
1782181353.684878,506,500,1,1,9,99.34935929013523,29375,100.0,60.0,450,98.0
1782181353.7851348,507,499,0,0,8,99.33000829192527,29375,100.0,60.0,450,98.22222222222223
1782181353.8845766,506,500,1,1,9,99.33000829192527,29375,100.0,60.0,450,98.0
1782181353.9848979,506,499,1,1,8,99.33000829192527,29375,100.0,60.0,450,98.22222222222223
1782181354.08517,506,499,1,1,8,99.34935929013523,29375,100.0,60.0,450,98.22222222222223
1782181354.1845531,507,500,0,0,9,99.33000829192527,29375,100.0,60.0,450,98.0
1782181354.2850437,506,500,1,1,9,99.33000829192527,29375,100.0,60.0,450,98.0
1782181354.3854203,506,499,1,1,8,99.34935929013523,29375,100.0,60.0,450,98.22222222222223
1782181354.4844985,506,498,1,1,7,99.37106792452956,29375,100.0,60.0,450,98.44444444444444
1782181354.5850182,505,499,2,2,8,99.36754446796633,29375,100.0,60.0,450,98.22222222222223
1782181354.6855934,506,500,1,1,9,99.48792361680876,29375,100.0,60.0,450,98.0
1782181354.784664,507,500,0,0,9,99.46148351928655,29375,100.0,60.0,450,98.0
1782181354.8848994,507,499,0,0,8,99.43825668178825,29375,100.0,60.0,450,98.22222222222223
1782181354.9858367,504,500,3,3,9,99.32013073152096,29375,100.0,60.0,450,98.0
1782181355.0846756,506,499,1,1,8,99.32013073152096,29375,100.0,60.0,450,98.22222222222223
1782181355.1848514,506,500,1,1,9,99.32013073152096,29375,100.0,60.0,450,98.0
1782181355.2842581,505,500,2,2,9,99.29367932998609,29375,100.0,60.0,450,98.0
1782181355.3847957,507,500,0,0,9,99.3,29375,100.0,60.0,450,98.0
1782181355.4852736,505,500,2,2,9,99.29367932998609,29375,100.0,60.0,450,98.0
1782181355.5847518,505,500,2,2,9,99.29367932998609,29375,100.0,60.0,450,98.0
1782181355.6850355,507,500,0,0,9,99.26970325665978,29375,100.0,60.0,450,98.0
1782181355.7852757,505,501,2,2,10,99.24796572182143,29375,100.0,60.0,450,97.77777777777777
1782181355.8842635,506,500,1,1,9,99.24796572182143,29375,100.0,60.0,450,98.0
1782181355.9847102,506,500,1,1,9,99.24796572182143,29375,100.0,60.0,450,98.0
1782181356.0852325,506,500,1,1,9,99.24796572182143,29375,100.0,60.0,450,98.0
1782181356.184314,506,500,1,1,9,99.24796572182143,29375,100.0,60.0,450,98.0
1782181356.2846565,506,500,1,1,9,99.26970325665978,29375,100.0,60.0,450,98.0
1782181356.3851137,507,499,0,0,8,99.24796572182143,29375,100.0,60.0,450,98.22222222222223
1782181356.484287,507,500,0,0,9,99.24796572182143,29375,100.0,60.0,450,98.0
1782181356.5848312,506,500,1,1,9,99.24796572182143,29375,100.0,60.0,450,98.0
1782181356.6849594,507,500,0,0,9,99.22827753981399,29375,100.0,60.0,450,98.0
1782181356.784298,507,499,0,0,8,99.22827753981399,29375,100.0,60.0,450,98.22222222222223
1782181356.884638,507,499,0,0,8,99.2104853811782,29375,100.0,60.0,450,98.22222222222223
1782181356.9851801,506,500,1,1,9,99.2104853811782,29375,100.0,60.0,450,98.0
1782181357.0842834,506,499,1,1,8,99.2104853811782,29375,100.0,60.0,450,98.22222222222223
1782181357.1846426,506,499,1,1,8,99.22827753981399,29375,100.0,60.0,450,98.22222222222223
1782181357.2850833,506,501,1,1,10,99.22827753981399,29375,100.0,60.0,450,97.77777777777777
1782181357.3843148,507,500,0,0,9,99.2104853811782,29375,100.0,60.0,450,98.0
1782181357.4847105,506,500,1,1,9,99.2104853811782,29375,100.0,60.0,450,98.0
1782181357.5849974,506,500,1,1,9,99.23696512384936,29375,100.0,60.0,450,98.0
1782181357.6844344,508,500,1,1,9,99.23696512384936,29375,100.0,60.0,450,98.0
1782181357.7847342,507,500,0,0,9,99.23696512384936,29375,100.0,60.0,450,98.0
1782181357.8850763,506,500,1,1,9,99.25389902381335,29375,100.0,60.0,450,98.0
1782181357.9844787,507,500,0,0,9,99.34680273525782,29375,100.0,60.0,450,98.0
1782181358.0847607,507,499,0,0,8,99.3325005201833,29375,100.0,60.0,450,98.22222222222223
1782181358.1851637,506,500,1,1,9,99.3325005201833,29375,100.0,60.0,450,98.0
1782181358.28453,506,500,1,1,9,99.37106792452956,29375,100.0,60.0,450,98.0
1782181358.3847225,506,500,1,1,9,99.38446048957935,29375,100.0,60.0,450,98.0
1782181358.487241,506,500,1,1,9,99.42651164886382,29375,100.0,60.0,450,98.0
1782181358.5845037,506,501,1,1,10,99.47400887206469,29375,100.0,60.0,450,97.77777777777777
1782181358.684944,506,500,1,1,9,99.48792361680876,29375,100.0,60.0,450,98.0
1782181358.7841141,505,500,2,2,9,99.48792361680876,29375,100.0,60.0,450,98.0
1782181358.8845005,507,500,0,0,9,99.47400887206469,29375,100.0,60.0,450,98.0
1782181358.9848385,506,499,1,1,8,99.47400887206469,29375,100.0,60.0,450,98.22222222222223
1782181359.0841272,505,499,2,2,8,99.42651164886382,29375,100.0,60.0,450,98.22222222222223
1782181359.1845229,506,500,1,1,9,99.42651164886382,29375,100.0,60.0,450,98.0
1782181359.2848318,507,500,0,0,9,99.41405347229177,29375,100.0,60.0,450,98.0
1782181359.384154,506,500,1,1,9,99.42651164886382,29375,100.0,60.0,450,98.0
1782181359.4845843,507,500,0,0,9,99.42651164886382,29375,100.0,60.0,450,98.0
1782181359.5848548,506,500,1,1,9,99.42651164886382,29375,100.0,60.0,450,98.0
1782181359.6841912,506,501,1,1,10,99.44123151285866,29375,100.0,60.0,450,97.77777777777777
1782181359.784547,507,501,0,0,10,99.44123151285866,29375,100.0,60.0,450,97.77777777777777
1782181359.884842,508,500,1,1,9,99.45839743969094,29375,100.0,60.0,450,98.0
1782181359.9842217,506,498,1,1,7,99.45839743969094,29375,100.0,60.0,450,98.44444444444444
1782181360.08453,507,500,0,0,9,99.44123151285866,29375,100.0,60.0,450,98.0
1782181360.184954,506,499,1,1,8,99.44123151285866,29375,100.0,60.0,450,98.22222222222223
1782181360.2842255,506,503,1,1,12,99.44123151285866,29375,100.0,60.0,450,97.33333333333334
1782181360.384553,507,496,0,0,5,99.44123151285866,29375,100.0,60.0,450,98.88888888888889
1782181360.4848769,505,500,2,2,9,99.4,29375,100.0,60.0,450,98.0
1782181360.5842614,507,499,0,0,8,99.38446048957935,29375,100.0,60.0,450,98.22222222222223
1782181360.6845825,506,499,1,1,8,99.38446048957935,29375,100.0,60.0,450,98.22222222222223
1782181360.7849603,507,499,0,0,8,99.38446048957935,29375,100.0,60.0,450,98.22222222222223
1782181360.884312,507,500,0,0,9,99.37106792452956,29375,100.0,60.0,450,98.0
1782181360.9845974,507,499,0,0,8,99.37106792452956,29375,100.0,60.0,450,98.22222222222223
1782181361.0849175,507,499,0,0,8,99.37106792452956,29375,100.0,60.0,450,98.22222222222223
1782181361.184224,506,502,1,1,11,99.37106792452956,29375,100.0,60.0,450,97.55555555555556
1782181361.2846658,505,500,2,2,9,99.3325005201833,29375,100.0,60.0,450,98.0
1782181361.3849401,506,500,1,1,9,99.3325005201833,29375,100.0,60.0,450,98.0
1782181361.4842842,508,499,1,1,8,99.3325005201833,29375,100.0,60.0,450,98.22222222222223
1782181361.5846407,505,499,2,2,8,99.29762308314315,29375,100.0,60.0,450,98.22222222222223
1782181361.6839736,506,499,1,1,8,99.29762308314315,29375,100.0,60.0,450,98.22222222222223
1782181361.7842855,506,499,1,1,8,99.3325005201833,29375,100.0,60.0,450,98.22222222222223
1782181361.8846712,506,500,1,1,9,99.34680273525782,29375,100.0,60.0,450,98.0
1782181361.983978,506,499,1,1,8,99.34680273525782,29375,100.0,60.0,450,98.22222222222223
1782181362.0843427,510,500,3,3,9,99.26590948181516,29375,100.0,60.0,450,98.0
1782181362.1847157,506,499,1,1,8,99.26590948181516,29375,100.0,60.0,450,98.22222222222223
1782181362.2840085,506,493,1,1,2,99.2819780257154,29375,100.0,60.0,450,99.55555555555556
1782181362.384304,506,501,1,1,10,99.2819780257154,29375,100.0,60.0,450,97.77777777777777
1782181362.4846559,506,500,1,1,9,99.3,29375,100.0,60.0,450,98.0
1782181362.5840342,508,500,1,1,9,99.3,29375,100.0,60.0,450,98.0
1782181362.6843598,505,499,2,2,8,99.27275252569095,29375,100.0,60.0,450,98.22222222222223
1782181362.7846441,508,500,1,1,9,99.29367932998609,29375,100.0,60.0,450,98.0
1782181362.8839855,507,499,0,0,8,99.27275252569095,29375,100.0,60.0,450,98.22222222222223
1782181362.984306,506,500,1,1,9,99.27275252569095,29375,100.0,60.0,450,98.0
1782181363.0846817,507,500,0,0,9,99.27275252569095,29375,100.0,60.0,450,98.0
1782181363.1840315,507,500,0,0,9,99.25389902381335,29375,100.0,60.0,450,98.0
1782181363.2843654,506,500,1,1,9,99.25389902381335,29375,100.0,60.0,450,98.0
1782181363.3847609,505,500,2,2,9,99.24796572182143,29375,100.0,60.0,450,98.0
1782181363.484024,507,498,0,0,7,99.25389902381335,29375,100.0,60.0,450,98.44444444444444
1782181363.5844657,507,500,0,0,9,99.25389902381335,29375,100.0,60.0,450,98.0
1782181363.6847582,506,500,1,1,9,99.25389902381335,29375,100.0,60.0,450,98.0
1782181363.7841027,505,500,2,2,9,99.24796572182143,29375,100.0,60.0,450,98.0
1782181363.8844304,506,499,1,1,8,99.26970325665978,29375,100.0,60.0,450,98.22222222222223
1782181363.9847393,506,500,1,1,9,99.29367932998609,29375,100.0,60.0,450,98.0
1782181364.0841017,501,500,6,6,9,98.88395539714779,29375,100.0,60.0,450,98.0
1782181364.1845486,506,500,1,1,9,98.88395539714779,29375,100.0,60.0,450,98.0
1782181364.2848272,507,500,0,0,9,98.87207171228742,29375,100.0,60.0,450,98.0
1782181364.384106,502,500,5,5,9,98.67964651197744,29375,100.0,60.0,450,98.0
1782181364.4845476,506,500,1,1,9,98.67964651197744,29375,100.0,60.0,450,98.0
1782181364.5848339,506,500,1,1,9,98.68512780511226,29375,100.0,60.0,450,98.0
1782181364.6841514,506,499,1,1,8,98.68512780511226,29375,100.0,60.0,450,98.22222222222223
1782181364.784551,506,500,1,1,9,98.68512780511226,29375,100.0,60.0,450,98.0
1782181364.8838458,507,500,0,0,9,98.66625006508383,29375,100.0,60.0,450,98.0
1782181364.9841418,506,500,1,1,9,98.66625006508383,29375,100.0,60.0,450,98.0
1782181365.0844913,506,499,1,1,8,98.70685568391528,29375,100.0,60.0,450,98.22222222222223
1782181365.1838746,508,500,1,1,9,98.70685568391528,29375,100.0,60.0,450,98.0
1782181365.2841828,506,501,1,1,10,98.70685568391528,29375,100.0,60.0,450,97.77777777777777
1782181365.3845854,506,499,1,1,8,98.70685568391528,29375,100.0,60.0,450,98.22222222222223
1782181365.483825,507,500,0,0,9,98.69020781970744,29375,100.0,60.0,450,98.0
1782181365.5841296,505,500,2,2,9,98.68133063700984,29375,100.0,60.0,450,98.0
1782181365.6845698,506,499,1,1,8,98.69020781970744,29375,100.0,60.0,450,98.22222222222223
1782181365.7839558,507,499,0,0,8,98.6746069765286,29375,100.0,60.0,450,98.22222222222223
1782181365.8842232,506,499,1,1,8,98.69020781970744,29375,100.0,60.0,450,98.22222222222223
1782181365.9845555,507,499,0,0,8,98.6746069765286,29375,100.0,60.0,450,98.22222222222223
1782181366.083827,506,500,1,1,9,98.69020781970744,29375,100.0,60.0,450,98.0
1782181366.184146,505,499,2,2,8,98.69871858027045,29375,100.0,60.0,450,98.22222222222223
1782181366.2848904,507,499,0,0,8,98.68133063700984,29375,100.0,60.0,450,98.22222222222223
1782181366.3842683,506,500,1,1,9,98.69020781970744,29375,100.0,60.0,450,98.0
1782181366.484232,506,500,1,1,9,98.70685568391528,29375,100.0,60.0,450,98.0
1782181366.58455,506,500,1,1,9,98.72459156868607,29375,100.0,60.0,450,98.0
1782181366.6838264,507,501,0,0,10,98.70685568391528,29375,100.0,60.0,450,97.77777777777777
1782181366.7841885,506,500,1,1,9,98.71590931438278,29375,100.0,60.0,450,98.0
1782181366.8845541,506,500,1,1,9,98.71590931438278,29375,100.0,60.0,450,98.0
1782181366.9839044,507,500,0,0,9,98.7,29375,100.0,60.0,450,98.0
1782181367.0842578,506,500,1,1,9,99.07144078152106,29375,100.0,60.0,450,98.0
1782181367.1845345,507,500,0,0,9,99.05660188679434,29375,100.0,60.0,450,98.0
1782181367.2838554,505,500,2,2,9,99.05190248977814,29375,100.0,60.0,450,98.0
1782181367.3842878,508,501,1,1,10,99.41785836011424,29375,100.0,60.0,450,97.77777777777777
1782181367.4846156,507,500,0,0,9,99.4,29375,100.0,60.0,450,98.0
1782181367.5839274,508,500,1,1,9,99.4,29375,100.0,60.0,450,98.0
1782181367.6843207,507,499,0,0,8,99.38446048957935,29375,100.0,60.0,450,98.22222222222223
1782181367.7848735,505,500,2,2,9,99.34680273525782,29375,100.0,60.0,450,98.0
1782181367.8840451,506,500,1,1,9,99.36316756084857,29375,100.0,60.0,450,98.0
1782181367.9842806,506,499,1,1,8,99.36316756084857,29375,100.0,60.0,450,98.22222222222223
1782181368.0836194,506,500,1,1,9,99.36316756084857,29375,100.0,60.0,450,98.0
1782181368.1839952,505,500,2,2,9,99.33000829192527,29375,100.0,60.0,450,98.0
1782181368.2843575,507,500,0,0,9,99.31281572906373,29375,100.0,60.0,450,98.0
1782181368.38357,505,501,2,2,10,99.2819780257154,29375,100.0,60.0,450,97.77777777777777
1782181368.484004,506,500,1,1,9,99.3,29375,100.0,60.0,450,98.0
1782181368.5844367,506,500,1,1,9,99.33000829192527,29375,100.0,60.0,450,98.0
1782181368.6836421,506,500,1,1,9,99.33000829192527,29375,100.0,60.0,450,98.0
1782181368.7839944,506,500,1,1,9,99.34935929013523,29375,100.0,60.0,450,98.0
1782181368.8843148,507,499,0,0,8,99.33000829192527,29375,100.0,60.0,450,98.22222222222223
1782181368.9837291,505,500,2,2,9,99.32013073152096,29375,100.0,60.0,450,98.0
1782181369.084074,506,501,1,1,10,99.32013073152096,29375,100.0,60.0,450,97.77777777777777
1782181369.18439,506,500,1,1,9,99.34935929013523,29375,100.0,60.0,450,98.0
1782181369.2836955,506,500,1,1,9,99.37106792452956,29375,100.0,60.0,450,98.0
1782181369.3840344,506,499,1,1,8,99.37106792452956,29375,100.0,60.0,450,98.22222222222223
1782181369.4843366,506,500,1,1,9,99.37106792452956,29375,100.0,60.0,450,98.0
1782181369.5836828,505,500,2,2,9,99.34256390255614,29375,100.0,60.0,450,98.0
1782181369.6840773,507,501,0,0,10,99.34256390255614,29375,100.0,60.0,450,97.77777777777777
1782181369.7844307,506,500,1,1,9,99.34256390255614,29375,100.0,60.0,450,98.0
1782181369.883691,506,500,1,1,9,99.34256390255614,29375,100.0,60.0,450,98.0
1782181369.9840224,506,500,1,1,9,99.36754446796633,29375,100.0,60.0,450,98.0
1782181370.0844495,505,502,2,2,11,99.34256390255614,29375,100.0,60.0,450,97.55555555555556
1782181370.183681,506,500,1,1,9,99.37106792452956,29375,100.0,60.0,450,98.0
1782181370.2840638,506,500,1,1,9,99.39538809509277,29375,100.0,60.0,450,98.0
1782181370.3850157,506,500,1,1,9,99.39538809509277,29375,100.0,60.0,450,98.0
1782181370.48384,507,500,0,0,9,99.39538809509277,29375,100.0,60.0,450,98.0
1782181370.584175,506,499,1,1,8,99.39538809509277,29375,100.0,60.0,450,98.22222222222223
1782181370.6845927,505,499,2,2,8,99.40278423776104,29375,100.0,60.0,450,98.22222222222223
1782181370.783829,506,500,1,1,9,99.42651164886382,29375,100.0,60.0,450,98.0
1782181370.8841817,507,500,0,0,9,99.39538809509277,29375,100.0,60.0,450,98.0
1782181370.9845688,506,500,1,1,9,99.39538809509277,29375,100.0,60.0,450,98.0
1782181371.0837753,506,500,1,1,9,99.39538809509277,29375,100.0,60.0,450,98.0
1782181371.1841063,507,499,0,0,8,99.39538809509277,29375,100.0,60.0,450,98.22222222222223
1782181371.283482,506,501,1,1,10,99.42264973081038,29375,100.0,60.0,450,97.77777777777777
1782181371.3839073,506,500,1,1,9,99.45329268443811,29375,100.0,60.0,450,98.0
1782181371.4842074,507,501,0,0,10,99.42651164886382,29375,100.0,60.0,450,97.77777777777777
1782181371.5835326,505,500,2,2,9,99.39538809509277,29375,100.0,60.0,450,98.0
1782181371.683784,507,500,0,0,9,99.37106792452956,29375,100.0,60.0,450,98.0
1782181371.7845464,507,499,0,0,8,99.34935929013523,29375,100.0,60.0,450,98.22222222222223
1782181371.8834703,506,499,1,1,8,99.37106792452956,29375,100.0,60.0,450,98.22222222222223
1782181371.9839113,506,500,1,1,9,99.40278423776104,29375,100.0,60.0,450,98.0
1782181372.0841951,506,500,1,1,9,99.40278423776104,29375,100.0,60.0,450,98.0
1782181372.1835375,506,500,1,1,9,99.40278423776104,29375,100.0,60.0,450,98.0
1782181372.2838917,507,501,0,0,10,99.38175876696695,29375,100.0,60.0,450,97.77777777777777
1782181372.3842452,504,499,3,3,8,99.27275252569095,29375,100.0,60.0,450,98.22222222222223
1782181372.483572,507,498,0,0,7,99.25389902381335,29375,100.0,60.0,450,98.44444444444444
1782181372.583898,506,500,1,1,9,99.2819780257154,29375,100.0,60.0,450,98.0
1782181372.6842287,506,500,1,1,9,99.3,29375,100.0,60.0,450,98.0
1782181372.7835064,506,500,1,1,9,99.3,29375,100.0,60.0,450,98.0
1782181372.8839104,507,500,0,0,9,99.2819780257154,29375,100.0,60.0,450,98.0
1782181372.984221,506,500,1,1,9,99.2819780257154,29375,100.0,60.0,450,98.0
1782181373.083547,506,500,1,1,9,99.31281572906373,29375,100.0,60.0,450,98.0
1782181373.1842954,507,500,0,0,9,99.29762308314315,29375,100.0,60.0,450,98.0
1782181373.2847095,505,501,2,2,10,99.26590948181516,29375,100.0,60.0,450,97.77777777777777
1782181373.3840668,506,499,1,1,8,99.26590948181516,29375,100.0,60.0,450,98.22222222222223
1782181373.484083,507,498,0,0,7,99.26590948181516,29375,100.0,60.0,450,98.44444444444444
1782181373.584268,506,500,1,1,9,99.26590948181516,29375,100.0,60.0,450,98.0
1782181373.6836503,505,499,2,2,8,99.26590948181516,29375,100.0,60.0,450,98.22222222222223
1782181373.7839637,507,501,0,0,10,99.25166852264522,29375,100.0,60.0,450,97.77777777777777
1782181373.8843272,506,500,1,1,9,99.26590948181516,29375,100.0,60.0,450,98.0
1782181373.9835896,506,499,1,1,8,99.26590948181516,29375,100.0,60.0,450,98.22222222222223
1782181374.08396,507,500,0,0,9,99.25166852264522,29375,100.0,60.0,450,98.0
1782181374.1842976,506,499,1,1,8,99.26590948181516,29375,100.0,60.0,450,98.22222222222223
1782181374.2836242,507,501,0,0,10,99.25166852264522,29375,100.0,60.0,450,97.77777777777777
1782181374.3839514,506,499,1,1,8,99.25166852264522,29375,100.0,60.0,450,98.22222222222223
1782181374.483295,507,499,0,0,8,99.25166852264522,29375,100.0,60.0,450,98.22222222222223
1782181374.5836613,506,499,1,1,8,99.2843029815472,29375,100.0,60.0,450,98.22222222222223
1782181374.6839976,506,500,1,1,9,99.29762308314315,29375,100.0,60.0,450,98.0
1782181374.7832546,506,500,1,1,9,99.31281572906373,29375,100.0,60.0,450,98.0
1782181374.883674,506,500,1,1,9,99.31281572906373,29375,100.0,60.0,450,98.0
1782181374.9840517,507,499,0,0,8,99.29762308314315,29375,100.0,60.0,450,98.22222222222223
1782181375.083343,506,500,1,1,9,99.29762308314315,29375,100.0,60.0,450,98.0
1782181375.183698,506,499,1,1,8,99.29762308314315,29375,100.0,60.0,450,98.22222222222223
1782181375.2840452,506,499,1,1,8,99.31281572906373,29375,100.0,60.0,450,98.22222222222223
1782181375.3833961,506,500,1,1,9,99.44123151285866,29375,100.0,60.0,450,98.0
1782181375.4836533,506,500,1,1,9,99.45839743969094,29375,100.0,60.0,450,98.0
1782181375.5841053,505,500,2,2,9,99.41785836011424,29375,100.0,60.0,450,98.0
1782181375.6833715,507,500,0,0,9,99.4,29375,100.0,60.0,450,98.0
1782181375.7837238,506,500,1,1,9,99.4,29375,100.0,60.0,450,98.0
1782181375.884052,507,499,0,0,8,99.4,29375,100.0,60.0,450,98.22222222222223
1782181375.983585,507,500,0,0,9,99.38446048957935,29375,100.0,60.0,450,98.0
1782181376.0842662,505,499,2,2,8,99.34680273525782,29375,100.0,60.0,450,98.22222222222223
1782181376.1841075,506,500,1,1,9,99.36316756084857,29375,100.0,60.0,450,98.0
1782181376.283426,507,500,0,0,9,99.38446048957935,29375,100.0,60.0,450,98.0
1782181376.3837962,506,500,1,1,9,99.38446048957935,29375,100.0,60.0,450,98.0
1782181376.4841254,507,510,0,0,19,99.38446048957935,29375,100.0,60.0,450,95.77777777777777
1782181376.5835018,506,500,1,1,9,99.38446048957935,29375,100.0,60.0,450,98.0
1782181376.6837342,503,500,4,4,9,99.18010840825008,29375,100.0,60.0,450,98.0
1782181376.784112,506,501,1,1,10,99.19446360176036,29375,100.0,60.0,450,97.77777777777777
1782181376.8834286,506,499,1,1,8,99.19446360176036,29375,100.0,60.0,450,98.22222222222223
1782181376.9838943,506,498,1,1,7,99.19446360176036,29375,100.0,60.0,450,98.44444444444444
1782181377.084139,506,502,1,1,11,99.2104853811782,29375,100.0,60.0,450,97.55555555555556
1782181377.1835017,506,498,1,1,7,99.2104853811782,29375,100.0,60.0,450,98.44444444444444
1782181377.2837846,507,500,0,0,9,99.2104853811782,29375,100.0,60.0,450,98.0
1782181377.384679,507,500,0,0,9,99.19446360176036,29375,100.0,60.0,450,98.0
1782181377.4835343,504,500,3,3,9,99.12503968343955,29375,100.0,60.0,450,98.0
1782181377.5838752,510,500,3,3,9,99.05190248977814,29375,100.0,60.0,450,98.0
1782181377.6831448,507,500,0,0,9,99.03390821692071,29375,100.0,60.0,450,98.0
1782181377.7835195,506,500,1,1,9,99.03390821692071,29375,100.0,60.0,450,98.0
1782181377.8838472,504,500,3,3,9,98.96935834441732,29375,100.0,60.0,450,98.0
1782181377.9831843,505,500,2,2,9,98.97584723361751,29375,100.0,60.0,450,98.0
1782181378.0835683,506,500,1,1,9,98.97584723361751,29375,100.0,60.0,450,98.0
1782181378.1838686,507,500,0,0,9,98.95596934910894,29375,100.0,60.0,450,98.0
1782181378.2832742,507,500,0,0,9,98.93750816996605,29375,100.0,60.0,450,98.0
1782181378.3835125,507,499,0,0,8,98.92039101728656,29375,100.0,60.0,450,98.22222222222223
1782181378.4839752,506,502,1,1,11,98.92039101728656,29375,100.0,60.0,450,97.55555555555556
1782181378.5832908,505,499,2,2,8,98.92039101728656,29375,100.0,60.0,450,98.22222222222223
1782181378.6835654,505,499,2,2,8,98.92451561300655,29375,100.0,60.0,450,98.22222222222223
1782181378.7839432,506,500,1,1,9,98.92451561300655,29375,100.0,60.0,450,98.0
1782181378.8832538,507,496,0,0,5,98.92451561300655,29375,100.0,60.0,450,98.88888888888889
1782181378.98363,507,499,0,0,8,98.92451561300655,29375,100.0,60.0,450,98.22222222222223
1782181379.083905,507,500,0,0,9,98.92039101728656,29375,100.0,60.0,450,98.0
1782181379.1832547,508,500,1,1,9,98.92039101728656,29375,100.0,60.0,450,98.0
1782181379.283663,506,500,1,1,9,98.93750816996605,29375,100.0,60.0,450,98.0
1782181379.383939,506,499,1,1,8,98.93750816996605,29375,100.0,60.0,450,98.22222222222223
1782181379.483217,506,500,1,1,9,98.95596934910894,29375,100.0,60.0,450,98.0
1782181379.5835743,506,500,1,1,9,98.95596934910894,29375,100.0,60.0,450,98.0
1782181379.6839483,506,500,1,1,9,99.10557280900008,29375,100.0,60.0,450,98.0
1782181379.783228,507,500,0,0,9,99.08773785443974,29375,100.0,60.0,450,98.0
1782181379.8835661,506,500,1,1,9,99.08773785443974,29375,100.0,60.0,450,98.0
1782181379.9839463,506,500,1,1,9,99.08773785443974,29375,100.0,60.0,450,98.0
1782181380.0833185,506,501,1,1,10,99.08773785443974,29375,100.0,60.0,450,97.77777777777777
1782181380.1836023,505,500,2,2,9,99.06905066374874,29375,100.0,60.0,450,98.0
1782181380.2839615,505,499,2,2,8,99.07144078152106,29375,100.0,60.0,450,98.22222222222223
1782181380.3832915,506,500,1,1,9,99.09262282741226,29375,100.0,60.0,450,98.0
1782181380.483643,506,499,1,1,8,99.1640042530677,29375,100.0,60.0,450,98.22222222222223
1782181380.5839944,505,500,2,2,9,99.22540333075851,29375,100.0,60.0,450,98.0
1782181380.6832957,507,500,0,0,9,99.22540333075851,29375,100.0,60.0,450,98.0
1782181380.78364,506,500,1,1,9,99.22540333075851,29375,100.0,60.0,450,98.0
1782181380.8829978,506,500,1,1,9,99.32013073152096,29375,100.0,60.0,450,98.0
1782181380.9832988,506,500,1,1,9,99.34935929013523,29375,100.0,60.0,450,98.0
1782181381.083741,505,500,2,2,9,99.32013073152096,29375,100.0,60.0,450,98.0
1782181381.183108,506,500,1,1,9,99.34256390255614,29375,100.0,60.0,450,98.0
1782181381.2840471,505,500,2,2,9,99.34256390255614,29375,100.0,60.0,450,98.0
1782181381.3841205,506,500,1,1,9,99.37106792452956,29375,100.0,60.0,450,98.0
1782181381.4829934,506,500,1,1,9,99.37106792452956,29375,100.0,60.0,450,98.0
1782181381.583379,506,499,1,1,8,99.39538809509277,29375,100.0,60.0,450,98.22222222222223
1782181381.6837327,507,500,0,0,9,99.39538809509277,29375,100.0,60.0,450,98.0
1782181381.7830431,505,499,2,2,8,99.36754446796633,29375,100.0,60.0,450,98.22222222222223
1782181381.8834374,507,500,0,0,9,99.36754446796633,29375,100.0,60.0,450,98.0
1782181381.9837234,507,501,0,0,10,99.36754446796633,29375,100.0,60.0,450,97.77777777777777
1782181382.0830312,507,500,0,0,9,99.36754446796633,29375,100.0,60.0,450,98.0
1782181382.1834254,507,502,0,0,11,99.34256390255614,29375,100.0,60.0,450,97.55555555555556
1782181382.2837188,507,500,0,0,9,99.32013073152096,29375,100.0,60.0,450,98.0
1782181382.3830695,506,500,1,1,9,99.32013073152096,29375,100.0,60.0,450,98.0
1782181382.4834416,507,500,0,0,9,99.3,29375,100.0,60.0,450,98.0
1782181382.583744,507,501,0,0,10,99.2819780257154,29375,100.0,60.0,450,97.77777777777777
1782181382.6830604,507,500,0,0,9,99.26590948181516,29375,100.0,60.0,450,98.0
1782181382.7834473,507,500,0,0,9,99.26590948181516,29375,100.0,60.0,450,98.0
1782181382.883813,505,500,2,2,9,99.23696512384936,29375,100.0,60.0,450,98.0
1782181382.9831233,506,500,1,1,9,99.23696512384936,29375,100.0,60.0,450,98.0
1782181383.0835047,507,500,0,0,9,99.22182549800475,29375,100.0,60.0,450,98.0
1782181383.1838102,507,500,0,0,9,99.23915251929911,29375,100.0,60.0,450,98.0
1782181383.2831123,506,501,1,1,10,99.27275252569095,29375,100.0,60.0,450,97.77777777777777
1782181383.3834627,506,500,1,1,9,99.27275252569095,29375,100.0,60.0,450,98.0
1782181383.4838076,507,499,0,0,8,99.2628885204168,29375,100.0,60.0,450,98.22222222222223
1782181383.5831902,507,500,0,0,9,99.29367932998609,29375,100.0,60.0,450,98.0
1782181383.6834915,506,500,1,1,9,99.30079410121989,29375,100.0,60.0,450,98.0
1782181383.7842681,506,501,1,1,10,99.30079410121989,29375,100.0,60.0,450,97.77777777777777
1782181383.883541,506,499,1,1,8,99.30079410121989,29375,100.0,60.0,450,98.22222222222223
1782181383.9835875,507,501,0,0,10,99.29367932998609,29375,100.0,60.0,450,97.77777777777777
1782181384.0828526,507,500,0,0,9,99.3325005201833,29375,100.0,60.0,450,98.0
1782181384.183526,507,500,0,0,9,99.33000829192527,29375,100.0,60.0,450,98.0
1782181384.283962,507,499,0,0,8,99.38175876696695,29375,100.0,60.0,450,98.22222222222223
1782181384.3828204,507,500,0,0,9,99.38446048957935,29375,100.0,60.0,450,98.0
1782181384.4831805,507,500,0,0,9,99.38898990733922,29375,100.0,60.0,450,98.0
1782181384.5835037,506,501,1,1,10,99.38898990733922,29375,100.0,60.0,450,97.77777777777777
1782181384.6829147,506,500,1,1,9,99.38446048957935,29375,100.0,60.0,450,98.0
1782181384.7832158,507,500,0,0,9,99.45329268443811,29375,100.0,60.0,450,98.0
1782181384.8835094,507,500,0,0,9,99.45329268443811,29375,100.0,60.0,450,98.0
1782181384.9828954,506,500,1,1,9,99.44622507580546,29375,100.0,60.0,450,98.0
1782181385.0832858,506,500,1,1,9,99.44123151285866,29375,100.0,60.0,450,98.0
1782181385.1835978,506,501,1,1,10,99.43825668178825,29375,100.0,60.0,450,97.77777777777777
1782181385.2829242,507,500,0,0,9,99.43825668178825,29375,100.0,60.0,450,98.0
1782181385.3832257,506,500,1,1,9,99.43825668178825,29375,100.0,60.0,450,98.0
1782181385.4836721,505,500,2,2,9,99.38175876696695,29375,100.0,60.0,450,98.0
1782181385.5829055,506,500,1,1,9,99.38446048957935,29375,100.0,60.0,450,98.0
1782181385.6832435,507,499,0,0,8,99.38446048957935,29375,100.0,60.0,450,98.22222222222223
1782181385.7835763,508,501,1,1,10,99.38898990733922,29375,100.0,60.0,450,97.77777777777777
1782181385.8829443,505,500,2,2,9,99.38898990733922,29375,100.0,60.0,450,98.0
1782181385.9832869,508,501,1,1,10,99.38898990733922,29375,100.0,60.0,450,97.77777777777777
1782181386.0836198,506,500,1,1,9,99.39538809509277,29375,100.0,60.0,450,98.0
1782181386.1829727,507,500,0,0,9,99.39538809509277,29375,100.0,60.0,450,98.0
1782181386.2832978,506,500,1,1,9,99.39538809509277,29375,100.0,60.0,450,98.0
1782181386.3836098,506,500,1,1,9,99.39538809509277,29375,100.0,60.0,450,98.0
1782181386.4830372,507,500,0,0,9,99.39538809509277,29375,100.0,60.0,450,98.0
1782181386.5833051,507,499,0,0,8,99.39538809509277,29375,100.0,60.0,450,98.22222222222223
1782181386.6836917,506,499,1,1,8,99.39538809509277,29375,100.0,60.0,450,98.22222222222223
1782181386.782971,506,500,1,1,9,99.39538809509277,29375,100.0,60.0,450,98.0
1782181386.883325,507,500,0,0,9,99.38898990733922,29375,100.0,60.0,450,98.0
1782181386.983692,507,499,0,0,8,99.38898990733922,29375,100.0,60.0,450,98.22222222222223
1782181387.0830266,506,501,1,1,10,99.39538809509277,29375,100.0,60.0,450,97.77777777777777
1782181387.1833086,506,501,1,1,10,99.40371520600006,29375,100.0,60.0,450,97.77777777777777
1782181387.2826307,507,501,0,0,10,99.40371520600006,29375,100.0,60.0,450,97.77777777777777
1782181387.3829944,507,500,0,0,9,99.40371520600006,29375,100.0,60.0,450,98.0
1782181387.4834754,506,500,1,1,9,99.41405347229177,29375,100.0,60.0,450,98.0
1782181387.582727,506,500,1,1,9,99.41405347229177,29375,100.0,60.0,450,98.0
1782181387.6829915,506,499,1,1,8,99.41405347229177,29375,100.0,60.0,450,98.22222222222223
1782181387.7834067,506,500,1,1,9,99.42651164886382,29375,100.0,60.0,450,98.0
1782181387.8826609,505,500,2,2,9,99.4,29375,100.0,60.0,450,98.0
1782181387.9830556,505,500,2,2,9,99.36316756084857,29375,100.0,60.0,450,98.0
1782181388.0834408,506,500,1,1,9,99.36316756084857,29375,100.0,60.0,450,98.0
1782181388.1827145,505,500,2,2,9,99.33000829192527,29375,100.0,60.0,450,98.0
1782181388.2830753,506,501,1,1,10,99.34935929013523,29375,100.0,60.0,450,97.77777777777777
1782181388.383449,507,501,0,0,10,99.33000829192527,29375,100.0,60.0,450,97.77777777777777
1782181388.482734,507,501,0,0,10,99.34680273525782,29375,100.0,60.0,450,97.77777777777777
1782181388.5831103,507,501,0,0,10,99.3325005201833,29375,100.0,60.0,450,97.77777777777777
1782181388.6834795,505,500,2,2,9,99.31281572906373,29375,100.0,60.0,450,98.0
1782181388.7827451,507,500,0,0,9,99.29762308314315,29375,100.0,60.0,450,98.0
1782181388.8830538,506,500,1,1,9,99.3325005201833,29375,100.0,60.0,450,98.0
1782181388.9834998,506,498,1,1,7,99.3325005201833,29375,100.0,60.0,450,98.44444444444444
1782181389.0827787,505,500,2,2,9,99.29762308314315,29375,100.0,60.0,450,98.0
1782181389.183101,507,503,0,0,12,99.29762308314315,29375,100.0,60.0,450,97.33333333333334
1782181389.283489,506,500,1,1,9,99.29762308314315,29375,100.0,60.0,450,98.0
1782181389.3827348,507,500,0,0,9,99.2843029815472,29375,100.0,60.0,450,98.0
1782181389.4831417,506,502,1,1,11,99.29762308314315,29375,100.0,60.0,450,97.55555555555556
1782181389.5834856,506,502,1,1,11,99.31281572906373,29375,100.0,60.0,450,97.55555555555556
1782181389.682823,506,499,1,1,8,99.31281572906373,29375,100.0,60.0,450,98.22222222222223
1782181389.7830899,506,500,1,1,9,99.31281572906373,29375,100.0,60.0,450,98.0
1782181389.8834713,507,500,0,0,9,99.31281572906373,29375,100.0,60.0,450,98.0
1782181389.9827988,506,501,1,1,10,99.33000829192527,29375,100.0,60.0,450,97.77777777777777
1782181390.0832214,507,498,0,0,7,99.31281572906373,29375,100.0,60.0,450,98.44444444444444
1782181390.1834729,506,499,1,1,8,99.31281572906373,29375,100.0,60.0,450,98.22222222222223
1782181390.2828572,500,500,7,7,9,98.71072802627909,29375,100.0,60.0,450,98.0
1782181390.3831475,505,500,2,2,9,98.71590931438278,29375,100.0,60.0,450,98.0
1782181390.4825587,506,499,1,1,8,98.71590931438278,29375,100.0,60.0,450,98.22222222222223
1782181390.5828521,506,500,1,1,9,98.71590931438278,29375,100.0,60.0,450,98.0
1782181390.683166,506,500,1,1,9,98.71590931438278,29375,100.0,60.0,450,98.0
1782181390.7825077,505,499,2,2,8,98.70685568391528,29375,100.0,60.0,450,98.22222222222223
1782181390.8828425,506,500,1,1,9,98.71590931438278,29375,100.0,60.0,450,98.0
1782181390.9832385,506,500,1,1,9,98.7258990097589,29375,100.0,60.0,450,98.0
1782181391.082563,506,500,1,1,9,98.7258990097589,29375,100.0,60.0,450,98.0
1782181391.1829584,505,500,2,2,9,98.7258990097589,29375,100.0,60.0,450,98.0
1782181391.283283,506,500,1,1,9,98.7258990097589,29375,100.0,60.0,450,98.0
1782181391.382567,506,500,1,1,9,98.74213584905912,29375,100.0,60.0,450,98.0
1782181391.482907,506,499,1,1,8,98.75948039560477,29375,100.0,60.0,450,98.22222222222223
1782181391.5832696,507,500,0,0,9,98.75948039560477,29375,100.0,60.0,450,98.0
1782181391.6825602,505,491,2,2,0,98.75948039560477,29375,100.0,60.0,450,100
1782181391.7829773,505,500,2,2,9,98.77027555028688,29375,100.0,60.0,450,98.0
1782181391.883241,507,500,0,0,9,98.75100040032032,29375,100.0,60.0,450,98.0
1782181391.9826186,507,500,0,0,9,98.73289481275012,29375,100.0,60.0,450,98.0
1782181392.0829566,506,499,1,1,8,98.74213584905912,29375,100.0,60.0,450,98.22222222222223
1782181392.1834426,506,500,1,1,9,98.75948039560477,29375,100.0,60.0,450,98.0
1782181392.2826014,507,499,0,0,8,98.74213584905912,29375,100.0,60.0,450,98.22222222222223
1782181392.3830938,506,500,1,1,9,98.75948039560477,29375,100.0,60.0,450,98.0
1782181392.483485,505,500,2,2,9,98.75100040032032,29375,100.0,60.0,450,98.0
1782181392.5826125,506,500,1,1,9,98.75100040032032,29375,100.0,60.0,450,98.0
1782181392.6830218,505,501,2,2,10,98.74346154500195,29375,100.0,60.0,450,97.77777777777777
1782181392.7833264,507,500,0,0,9,98.72459156868607,29375,100.0,60.0,450,98.0
1782181392.8826623,506,500,1,1,9,98.74346154500195,29375,100.0,60.0,450,98.0
1782181392.9830322,507,500,0,0,9,98.72459156868607,29375,100.0,60.0,450,98.0
1782181393.083339,507,500,0,0,9,98.72459156868607,29375,100.0,60.0,450,98.0
1782181393.1826859,506,499,1,1,8,98.72459156868607,29375,100.0,60.0,450,98.22222222222223
1782181393.2834759,506,500,1,1,9,99.31686994893603,29375,100.0,60.0,450,98.0
1782181393.3837707,506,500,1,1,9,99.34256390255614,29375,100.0,60.0,450,98.0
1782181393.4827652,506,500,1,1,9,99.34256390255614,29375,100.0,60.0,450,98.0
1782181393.58303,507,500,0,0,9,99.32013073152096,29375,100.0,60.0,450,98.0
1782181393.68241,505,500,2,2,9,99.29367932998609,29375,100.0,60.0,450,98.0
1782181393.7827048,506,499,1,1,8,99.32013073152096,29375,100.0,60.0,450,98.22222222222223
1782181393.883058,506,499,1,1,8,99.32013073152096,29375,100.0,60.0,450,98.22222222222223
1782181393.9824607,506,499,1,1,8,99.32013073152096,29375,100.0,60.0,450,98.22222222222223
1782181394.08276,506,501,1,1,10,99.32013073152096,29375,100.0,60.0,450,97.77777777777777
1782181394.1830683,506,500,1,1,9,99.34935929013523,29375,100.0,60.0,450,98.0
1782181394.2824264,506,500,1,1,9,99.34935929013523,29375,100.0,60.0,450,98.0
1782181394.3827121,506,499,1,1,8,99.34935929013523,29375,100.0,60.0,450,98.22222222222223
1782181394.4831254,506,500,1,1,9,99.34935929013523,29375,100.0,60.0,450,98.0
1782181394.582523,506,500,1,1,9,99.37106792452956,29375,100.0,60.0,450,98.0
1782181394.6830287,505,500,2,2,9,99.37106792452956,29375,100.0,60.0,450,98.0
1782181394.7830646,505,500,2,2,9,99.37106792452956,29375,100.0,60.0,450,98.0
1782181394.8824778,505,500,2,2,9,99.36754446796633,29375,100.0,60.0,450,98.0
1782181394.9829245,505,500,2,2,9,99.37106792452956,29375,100.0,60.0,450,98.0
1782181395.0831091,507,499,0,0,8,99.34256390255614,29375,100.0,60.0,450,98.22222222222223
1782181395.1824648,506,500,1,1,9,99.34256390255614,29375,100.0,60.0,450,98.0
1782181395.2827394,505,500,2,2,9,99.34935929013523,29375,100.0,60.0,450,98.0
1782181395.3831048,506,499,1,1,8,99.34935929013523,29375,100.0,60.0,450,98.22222222222223
1782181395.482542,504,500,3,3,9,99.2819780257154,29375,100.0,60.0,450,98.0
1782181395.5827997,505,500,2,2,9,99.26590948181516,29375,100.0,60.0,450,98.0
1782181395.6831002,508,500,1,1,9,99.2819780257154,29375,100.0,60.0,450,98.0
1782181395.7824717,508,500,1,1,9,99.31281572906373,29375,100.0,60.0,450,98.0
1782181395.8827696,506,499,1,1,8,99.31281572906373,29375,100.0,60.0,450,98.22222222222223
1782181395.983221,507,500,0,0,9,99.31281572906373,29375,100.0,60.0,450,98.0
1782181396.0824926,506,499,1,1,8,99.34680273525782,29375,100.0,60.0,450,98.22222222222223
1782181396.1828377,507,500,0,0,9,99.31281572906373,29375,100.0,60.0,450,98.0
1782181396.2831562,506,499,1,1,8,99.31281572906373,29375,100.0,60.0,450,98.22222222222223
1782181396.3825011,506,500,1,1,9,99.31281572906373,29375,100.0,60.0,450,98.0
1782181396.4828715,506,501,1,1,10,99.31281572906373,29375,100.0,60.0,450,97.77777777777777
1782181396.583213,506,500,1,1,9,99.34680273525782,29375,100.0,60.0,450,98.0
1782181396.6824365,505,499,2,2,8,99.34680273525782,29375,100.0,60.0,450,98.22222222222223
1782181396.7829065,507,500,0,0,9,99.31281572906373,29375,100.0,60.0,450,98.0
1782181396.8821492,505,500,2,2,9,99.29762308314315,29375,100.0,60.0,450,98.0
1782181396.9825306,507,499,0,0,8,99.26590948181516,29375,100.0,60.0,450,98.22222222222223
1782181397.0828884,505,500,2,2,9,99.25166852264522,29375,100.0,60.0,450,98.0
1782181397.1821594,506,499,1,1,8,99.25166852264522,29375,100.0,60.0,450,98.22222222222223
1782181397.282528,506,500,1,1,9,99.25166852264522,29375,100.0,60.0,450,98.0
1782181397.3828843,506,500,1,1,9,99.25166852264522,29375,100.0,60.0,450,98.0
1782181397.4822729,509,499,2,2,8,99.23915251929911,29375,100.0,60.0,450,98.22222222222223
1782181397.5825887,507,500,0,0,9,99.20837719419747,29375,100.0,60.0,450,98.0
1782181397.682937,507,501,0,0,10,99.19446360176036,29375,100.0,60.0,450,97.77777777777777
1782181397.7822413,505,500,2,2,9,99.19446360176036,29375,100.0,60.0,450,98.0
1782181397.8825915,506,498,1,1,7,99.2104853811782,29375,100.0,60.0,450,98.44444444444444
1782181397.983002,506,500,1,1,9,99.22827753981399,29375,100.0,60.0,450,98.0
1782181398.0822568,506,499,1,1,8,99.25389902381335,29375,100.0,60.0,450,98.22222222222223
1782181398.1826394,505,499,2,2,8,99.23696512384936,29375,100.0,60.0,450,98.22222222222223
1782181398.2831228,507,500,0,0,9,99.22827753981399,29375,100.0,60.0,450,98.0
1782181398.3822434,505,500,2,2,9,99.2104853811782,29375,100.0,60.0,450,98.0
1782181398.4827256,506,500,1,1,9,99.29367932998609,29375,100.0,60.0,450,98.0
1782181398.582992,507,501,0,0,10,99.29367932998609,29375,100.0,60.0,450,97.77777777777777
1782181398.6822681,507,501,0,0,10,99.27275252569095,29375,100.0,60.0,450,97.77777777777777
1782181398.7827766,507,501,0,0,10,99.25389902381335,29375,100.0,60.0,450,97.77777777777777
1782181398.8832054,506,501,1,1,10,99.25389902381335,29375,100.0,60.0,450,97.77777777777777
1782181398.982367,507,500,0,0,9,99.25389902381335,29375,100.0,60.0,450,98.0
1782181399.0826733,507,500,0,0,9,99.23696512384936,29375,100.0,60.0,450,98.0
1782181399.1830153,506,489,1,1,2,99.25389902381335,29375,100.0,60.0,450,99.55555555555556
1782181399.2823176,506,500,1,1,9,99.25389902381335,29375,100.0,60.0,450,98.0
1782181399.3826284,506,500,1,1,9,99.25389902381335,29375,100.0,60.0,450,98.0
1782181399.4830446,506,503,1,1,12,99.25389902381335,29375,100.0,60.0,450,97.33333333333334
1782181399.5824096,506,500,1,1,9,99.25389902381335,29375,100.0,60.0,450,98.0
1782181399.6826956,506,500,1,1,9,99.2819780257154,29375,100.0,60.0,450,98.0
1782181399.7830372,505,500,2,2,9,99.27275252569095,29375,100.0,60.0,450,98.0
1782181399.8823638,502,500,5,5,9,98.98401662305812,29375,100.0,60.0,450,98.0
1782181399.9827642,505,500,2,2,9,98.98840060630043,29375,100.0,60.0,450,98.0
1782181400.0820599,506,500,1,1,9,99.00222469686028,29375,100.0,60.0,450,98.0
1782181400.1824152,506,500,1,1,9,99.00222469686028,29375,100.0,60.0,450,98.0
1782181400.2826924,506,501,1,1,10,99.00222469686028,29375,100.0,60.0,450,97.77777777777777
1782181400.3819983,506,501,1,1,10,99.00222469686028,29375,100.0,60.0,450,97.77777777777777
1782181400.4824488,501,500,6,6,9,98.67335008385784,29375,100.0,60.0,450,98.0
1782181400.582792,506,500,1,1,9,98.6914809049073,29375,100.0,60.0,450,98.0
1782181400.6820502,507,499,0,0,8,98.6914809049073,29375,100.0,60.0,450,98.22222222222223
1782181400.7824545,504,499,3,3,8,98.66001658385055,29375,100.0,60.0,450,98.22222222222223
1782181400.8827314,506,499,1,1,8,98.66001658385055,29375,100.0,60.0,450,98.22222222222223
1782181400.9822574,507,500,0,0,9,98.64148774184568,29375,100.0,60.0,450,98.0
1782181401.0825205,506,500,1,1,9,98.64148774184568,29375,100.0,60.0,450,98.0
1782181401.1827774,506,501,1,1,10,98.64845767115244,29375,100.0,60.0,450,97.77777777777777
1782181401.2821512,506,499,1,1,8,98.66625006508383,29375,100.0,60.0,450,98.22222222222223
1782181401.382494,506,500,1,1,9,98.67335008385784,29375,100.0,60.0,450,98.0
1782181401.4828506,505,500,2,2,9,98.66625006508383,29375,100.0,60.0,450,98.0
1782181401.5821154,506,499,1,1,8,98.68512780511226,29375,100.0,60.0,450,98.22222222222223
1782181401.6824706,507,500,0,0,9,98.68512780511226,29375,100.0,60.0,450,98.0
1782181401.7827442,506,500,1,1,9,98.70513836002966,29375,100.0,60.0,450,98.0
1782181401.8820634,506,499,1,1,8,98.70513836002966,29375,100.0,60.0,450,98.22222222222223
1782181401.9825473,507,498,0,0,7,98.70513836002966,29375,100.0,60.0,450,98.44444444444444
1782181402.082861,507,500,0,0,9,98.70513836002966,29375,100.0,60.0,450,98.0
1782181402.1821635,506,499,1,1,8,98.70513836002966,29375,100.0,60.0,450,98.22222222222223
1782181402.2824533,509,500,2,2,9,98.70042742069214,29375,100.0,60.0,450,98.0
1782181402.382804,507,499,0,0,8,98.67964651197744,29375,100.0,60.0,450,98.22222222222223
1782181402.4822788,507,499,0,0,8,98.66001658385055,29375,100.0,60.0,450,98.22222222222223
1782181402.582517,506,501,1,1,10,98.66001658385055,29375,100.0,60.0,450,97.77777777777777
1782181402.682887,506,500,1,1,9,98.66001658385055,29375,100.0,60.0,450,98.0
1782181402.7827044,506,500,1,1,9,98.66625006508383,29375,100.0,60.0,450,98.0
1782181402.8829663,505,500,2,2,9,98.85302329772765,29375,100.0,60.0,450,98.0
1782181402.9829578,507,500,0,0,9,98.8472255689473,29375,100.0,60.0,450,98.0
1782181403.0822263,505,500,2,2,9,98.8352396526896,29375,100.0,60.0,450,98.0
1782181403.1825533,505,500,2,2,9,98.8243205274301,29375,100.0,60.0,450,98.0
1782181403.2819238,507,500,0,0,9,98.80696465545512,29375,100.0,60.0,450,98.0
1782181403.3822231,506,500,1,1,9,98.80696465545512,29375,100.0,60.0,450,98.0
1782181403.482572,507,500,0,0,9,99.2104853811782,29375,100.0,60.0,450,98.0
1782181403.5819132,506,500,1,1,9,99.2104853811782,29375,100.0,60.0,450,98.0
1782181403.682239,506,499,1,1,8,99.22827753981399,29375,100.0,60.0,450,98.22222222222223
1782181403.7826164,507,501,0,0,10,99.31281572906373,29375,100.0,60.0,450,97.77777777777777
1782181403.8819423,505,500,2,2,9,99.2819780257154,29375,100.0,60.0,450,98.0
1782181403.9822907,505,500,2,2,9,99.27275252569095,29375,100.0,60.0,450,98.0
1782181404.0826232,507,500,0,0,9,99.25389902381335,29375,100.0,60.0,450,98.0
1782181404.181914,506,500,1,1,9,99.25389902381335,29375,100.0,60.0,450,98.0
1782181404.2822824,505,500,2,2,9,99.22827753981399,29375,100.0,60.0,450,98.0
1782181404.3826451,506,500,1,1,9,99.22827753981399,29375,100.0,60.0,450,98.0
1782181404.4820576,506,500,1,1,9,99.25389902381335,29375,100.0,60.0,450,98.0
1782181404.58231,506,499,1,1,8,99.25389902381335,29375,100.0,60.0,450,98.22222222222223
1782181404.682651,506,501,1,1,10,99.27275252569095,29375,100.0,60.0,450,97.77777777777777
1782181404.7823586,506,500,1,1,9,99.27275252569095,29375,100.0,60.0,450,98.0
1782181404.8824463,506,500,1,1,9,99.27275252569095,29375,100.0,60.0,450,98.0
1782181404.9827056,505,500,2,2,9,99.26970325665978,29375,100.0,60.0,450,98.0
1782181405.082026,506,501,1,1,10,99.29367932998609,29375,100.0,60.0,450,97.77777777777777
1782181405.1823137,506,500,1,1,9,99.29367932998609,29375,100.0,60.0,450,98.0
1782181405.2827122,507,500,0,0,9,99.29367932998609,29375,100.0,60.0,450,98.0
1782181405.3820162,507,500,0,0,9,99.29367932998609,29375,100.0,60.0,450,98.0
1782181405.4824767,506,500,1,1,9,99.31686994893603,29375,100.0,60.0,450,98.0
1782181405.5827389,506,500,1,1,9,99.31686994893603,29375,100.0,60.0,450,98.0
1782181405.6819985,506,500,1,1,9,99.31686994893603,29375,100.0,60.0,450,98.0
1782181405.7824256,508,500,1,1,9,99.31686994893603,29375,100.0,60.0,450,98.0
1782181405.8827415,507,499,0,0,8,99.32013073152096,29375,100.0,60.0,450,98.22222222222223
1782181405.9820693,507,500,0,0,9,99.32013073152096,29375,100.0,60.0,450,98.0
1782181406.0824625,507,500,0,0,9,99.33000829192527,29375,100.0,60.0,450,98.0
1782181406.1827118,507,499,0,0,8,99.34680273525782,29375,100.0,60.0,450,98.22222222222223
1782181406.2820108,507,500,0,0,9,99.34680273525782,29375,100.0,60.0,450,98.0
1782181406.382418,506,500,1,1,9,99.34680273525782,29375,100.0,60.0,450,98.0
1782181406.481808,506,500,1,1,9,99.36316756084857,29375,100.0,60.0,450,98.0
1782181406.5820723,507,500,0,0,9,99.34680273525782,29375,100.0,60.0,450,98.0
1782181406.6825364,505,500,2,2,9,99.31281572906373,29375,100.0,60.0,450,98.0
1782181406.7817228,506,500,1,1,9,99.33000829192527,29375,100.0,60.0,450,98.0
1782181406.8821054,507,500,0,0,9,99.34680273525782,29375,100.0,60.0,450,98.0
1782181406.982511,507,499,0,0,8,99.37106792452956,29375,100.0,60.0,450,98.22222222222223
1782181407.0817733,506,501,1,1,10,99.38446048957935,29375,100.0,60.0,450,97.77777777777777
1782181407.1821425,505,500,2,2,9,99.34680273525782,29375,100.0,60.0,450,98.0
1782181407.2825134,506,500,1,1,9,99.38446048957935,29375,100.0,60.0,450,98.0
1782181407.381781,505,500,2,2,9,99.34680273525782,29375,100.0,60.0,450,98.0
1782181407.4821982,507,500,0,0,9,99.3325005201833,29375,100.0,60.0,450,98.0
1782181407.5824811,507,500,0,0,9,99.32013073152096,29375,100.0,60.0,450,98.0
1782181407.6817493,507,500,0,0,9,99.30958949409306,29375,100.0,60.0,450,98.0
1782181407.782123,507,500,0,0,9,99.30079410121989,29375,100.0,60.0,450,98.0
1782181407.8824642,507,499,0,0,8,99.29367932998609,29375,100.0,60.0,450,98.22222222222223
1782181407.9818144,505,501,2,2,10,99.29367932998609,29375,100.0,60.0,450,97.77777777777777
1782181408.0821714,507,501,0,0,10,99.28819478319791,29375,100.0,60.0,450,97.77777777777777
1782181408.1824663,506,500,1,1,9,99.28819478319791,29375,100.0,60.0,450,98.0
1782181408.2818236,507,500,0,0,9,99.28819478319791,29375,100.0,60.0,450,98.0
1782181408.3821805,505,500,2,2,9,99.25464400750008,29375,100.0,60.0,450,98.0
1782181408.482539,506,499,1,1,8,99.25464400750008,29375,100.0,60.0,450,98.22222222222223
1782181408.5818713,507,507,0,0,16,99.24796572182143,29375,100.0,60.0,450,96.44444444444444
1782181408.6822999,505,500,2,2,9,99.21118936225338,29375,100.0,60.0,450,98.0
1782181408.783136,506,500,1,1,9,99.21118936225338,29375,100.0,60.0,450,98.0
1782181408.8820217,504,500,3,3,9,99.11745318034176,29375,100.0,60.0,450,98.0
1782181408.9822073,505,501,2,2,10,99.10247253214425,29375,100.0,60.0,450,97.77777777777777
1782181409.082583,507,500,0,0,9,99.10247253214425,29375,100.0,60.0,450,98.0
1782181409.1818419,507,499,0,0,8,99.10247253214425,29375,100.0,60.0,450,98.22222222222223
1782181409.282221,506,500,1,1,9,99.1155667225719,29375,100.0,60.0,450,98.0
1782181409.3825767,506,501,1,1,10,99.1155667225719,29375,100.0,60.0,450,97.77777777777777
1782181409.4818969,507,501,0,0,10,99.10247253214425,29375,100.0,60.0,450,97.77777777777777
1782181409.582246,507,499,0,0,8,99.10247253214425,29375,100.0,60.0,450,98.22222222222223
1782181409.6815252,505,500,2,2,9,99.10247253214425,29375,100.0,60.0,450,98.0
1782181409.7818885,506,500,1,1,9,99.10247253214425,29375,100.0,60.0,450,98.0
1782181409.8822453,505,500,2,2,9,99.09262282741226,29375,100.0,60.0,450,98.0
1782181409.9815884,507,500,0,0,9,99.09262282741226,29375,100.0,60.0,450,98.0
1782181410.08197,505,501,2,2,10,99.07144078152106,29375,100.0,60.0,450,97.77777777777777
1782181410.1822665,505,500,2,2,9,99.07144078152106,29375,100.0,60.0,450,98.0
1782181410.281578,506,500,1,1,9,99.07144078152106,29375,100.0,60.0,450,98.0
1782181410.381928,506,500,1,1,9,99.09262282741226,29375,100.0,60.0,450,98.0
1782181410.4824908,507,500,0,0,9,99.09262282741226,29375,100.0,60.0,450,98.0
1782181410.5816317,507,500,0,0,9,99.09262282741226,29375,100.0,60.0,450,98.0
1782181410.6819797,507,500,0,0,9,99.09262282741226,29375,100.0,60.0,450,98.0
1782181410.7823179,506,500,1,1,9,99.10806078931603,29375,100.0,60.0,450,98.0
1782181410.8821113,506,501,1,1,10,99.12503968343955,29375,100.0,60.0,450,97.77777777777777
1782181410.9820154,507,499,0,0,8,99.13013410995335,29375,100.0,60.0,450,98.22222222222223
1782181411.0823758,504,500,3,3,9,99.06905066374874,29375,100.0,60.0,450,98.0
1782181411.1816683,506,500,1,1,9,99.06905066374874,29375,100.0,60.0,450,98.0
1782181411.2819579,506,500,1,1,9,99.08773785443974,29375,100.0,60.0,450,98.0
1782181411.3823893,506,500,1,1,9,99.10557280900008,29375,100.0,60.0,450,98.0
1782181411.4816697,507,501,0,0,10,99.08773785443974,29375,100.0,60.0,450,97.77777777777777
1782181411.5820525,507,500,0,0,9,99.08773785443974,29375,100.0,60.0,450,98.0
1782181411.6824183,506,501,1,1,10,99.10806078931603,29375,100.0,60.0,450,97.77777777777777
1782181411.7816522,506,500,1,1,9,99.10806078931603,29375,100.0,60.0,450,98.0
1782181411.8820753,506,499,1,1,8,99.19446360176036,29375,100.0,60.0,450,98.22222222222223
1782181411.9824646,507,500,0,0,9,99.20837719419747,29375,100.0,60.0,450,98.0
1782181412.081706,507,500,0,0,9,99.20837719419747,29375,100.0,60.0,450,98.0
1782181412.1820195,506,500,1,1,9,99.22182549800475,29375,100.0,60.0,450,98.0
1782181412.2824461,507,500,0,0,9,99.20837719419747,29375,100.0,60.0,450,98.0
1782181412.381654,507,500,0,0,9,99.19653528045373,29375,100.0,60.0,450,98.0
1782181412.482106,506,499,1,1,8,99.20837719419747,29375,100.0,60.0,450,98.22222222222223
1782181412.5824957,506,500,1,1,9,99.22182549800475,29375,100.0,60.0,450,98.0
1782181412.6817415,506,499,1,1,8,99.25166852264522,29375,100.0,60.0,450,98.22222222222223
1782181412.7820969,507,501,0,0,10,99.23915251929911,29375,100.0,60.0,450,97.77777777777777
1782181412.8814654,506,500,1,1,9,99.27275252569095,29375,100.0,60.0,450,98.0
1782181412.9817548,506,501,1,1,10,99.2843029815472,29375,100.0,60.0,450,97.77777777777777
1782181413.0821111,506,501,1,1,10,99.32013073152096,29375,100.0,60.0,450,97.77777777777777
1782181413.1814656,505,499,2,2,8,99.32013073152096,29375,100.0,60.0,450,98.22222222222223
1782181413.281774,506,500,1,1,9,99.32013073152096,29375,100.0,60.0,450,98.0
1782181413.3820984,507,500,0,0,9,99.30958949409306,29375,100.0,60.0,450,98.0
1782181413.481524,506,500,1,1,9,99.32013073152096,29375,100.0,60.0,450,98.0
1782181413.5818255,506,501,1,1,10,99.3325005201833,29375,100.0,60.0,450,97.77777777777777
1782181413.6821718,504,500,3,3,9,99.23696512384936,29375,100.0,60.0,450,98.0
1782181413.7814622,507,500,0,0,9,99.22182549800475,29375,100.0,60.0,450,98.0
1782181413.881833,506,500,1,1,9,99.22182549800475,29375,100.0,60.0,450,98.0
1782181413.9824257,507,500,0,0,9,99.22182549800475,29375,100.0,60.0,450,98.0
1782181414.0815096,507,500,0,0,9,99.32013073152096,29375,100.0,60.0,450,98.0
1782181414.181802,507,500,0,0,9,99.30958949409306,29375,100.0,60.0,450,98.0
1782181414.2822564,505,500,2,2,9,99.27275252569095,29375,100.0,60.0,450,98.0
1782181414.3814766,505,500,2,2,9,99.23915251929911,29375,100.0,60.0,450,98.0
1782181414.481914,505,500,2,2,9,99.22182549800475,29375,100.0,60.0,450,98.0
1782181414.582179,507,501,0,0,10,99.22182549800475,29375,100.0,60.0,450,97.77777777777777
1782181414.6815245,507,500,0,0,9,99.20837719419747,29375,100.0,60.0,450,98.0
1782181414.781866,506,501,1,1,10,99.20837719419747,29375,100.0,60.0,450,97.77777777777777
1782181414.8822145,506,500,1,1,9,99.20837719419747,29375,100.0,60.0,450,98.0
1782181414.981581,506,499,1,1,8,99.22182549800475,29375,100.0,60.0,450,98.22222222222223
1782181415.0818946,506,500,1,1,9,99.23696512384936,29375,100.0,60.0,450,98.0
1782181415.1822555,507,501,0,0,10,99.22182549800475,29375,100.0,60.0,450,97.77777777777777
1782181415.28157,506,500,1,1,9,99.23696512384936,29375,100.0,60.0,450,98.0
1782181415.381914,508,500,1,1,9,99.25389902381335,29375,100.0,60.0,450,98.0
1782181415.4822843,507,500,0,0,9,99.23696512384936,29375,100.0,60.0,450,98.0
1782181415.5815825,506,500,1,1,9,99.23696512384936,29375,100.0,60.0,450,98.0
1782181415.6819024,506,501,1,1,10,99.23696512384936,29375,100.0,60.0,450,97.77777777777777
1782181415.7822547,507,500,0,0,9,99.23696512384936,29375,100.0,60.0,450,98.0
1782181415.8815496,506,500,1,1,9,99.23696512384936,29375,100.0,60.0,450,98.0
1782181415.9819837,507,500,0,0,9,99.22182549800475,29375,100.0,60.0,450,98.0
1782181416.081323,506,500,1,1,9,99.22182549800475,29375,100.0,60.0,450,98.0
1782181416.1815686,505,500,2,2,9,99.22182549800475,29375,100.0,60.0,450,98.0
1782181416.281961,508,500,1,1,9,99.22182549800475,29375,100.0,60.0,450,98.0
1782181416.381264,507,500,0,0,9,99.22182549800475,29375,100.0,60.0,450,98.0
1782181416.481643,506,500,1,1,9,99.22182549800475,29375,100.0,60.0,450,98.0
1782181416.5820174,508,499,1,1,8,99.22182549800475,29375,100.0,60.0,450,98.22222222222223
1782181416.681479,508,499,1,1,8,99.3325005201833,29375,100.0,60.0,450,98.22222222222223
1782181416.7816024,506,501,1,1,10,99.34680273525782,29375,100.0,60.0,450,97.77777777777777
1782181416.882124,506,499,1,1,8,99.34680273525782,29375,100.0,60.0,450,98.22222222222223
1782181416.9813452,505,500,2,2,9,99.33000829192527,29375,100.0,60.0,450,98.0
1782181417.081708,505,500,2,2,9,99.32013073152096,29375,100.0,60.0,450,98.0
1782181417.1819782,506,500,1,1,9,99.34256390255614,29375,100.0,60.0,450,98.0
1782181417.2813828,507,500,0,0,9,99.34935929013523,29375,100.0,60.0,450,98.0
1782181417.3816621,504,500,3,3,9,99.27275252569095,29375,100.0,60.0,450,98.0
1782181417.4820235,512,499,5,5,8,98.98401662305812,29375,100.0,60.0,450,98.22222222222223
1782181417.5813923,507,499,0,0,8,98.98401662305812,29375,100.0,60.0,450,98.22222222222223
1782181417.681715,506,500,1,1,9,99.00222469686028,29375,100.0,60.0,450,98.0
1782181417.7819917,506,500,1,1,9,99.00222469686028,29375,100.0,60.0,450,98.0
1782181417.8815942,508,500,1,1,9,99.00222469686028,29375,100.0,60.0,450,98.0
1782181417.9819052,507,500,0,0,9,98.98401662305812,29375,100.0,60.0,450,98.0
1782181418.0820537,506,501,1,1,10,98.98401662305812,29375,100.0,60.0,450,97.77777777777777
1782181418.1814,505,498,2,2,7,98.98840060630043,29375,100.0,60.0,450,98.44444444444444
1782181418.2817137,508,499,1,1,8,98.98840060630043,29375,100.0,60.0,450,98.22222222222223
1782181418.3820357,507,499,0,0,8,98.96935834441732,29375,100.0,60.0,450,98.22222222222223
1782181418.4814801,506,497,1,1,6,98.98840060630043,29375,100.0,60.0,450,98.66666666666667
1782181418.5818403,507,501,0,0,10,98.96935834441732,29375,100.0,60.0,450,97.77777777777777
1782181418.6823354,506,500,1,1,9,98.96935834441732,29375,100.0,60.0,450,98.0
1782181418.782045,506,500,1,1,9,98.98840060630043,29375,100.0,60.0,450,98.0
1782181418.8819797,506,499,1,1,8,98.98840060630043,29375,100.0,60.0,450,98.22222222222223
1782181418.9821622,507,499,0,0,8,98.98840060630043,29375,100.0,60.0,450,98.22222222222223
1782181419.0814767,506,500,1,1,9,98.98840060630043,29375,100.0,60.0,450,98.0
1782181419.1817844,506,501,1,1,10,99.00222469686028,29375,100.0,60.0,450,97.77777777777777
1782181419.2811363,506,500,1,1,9,99.00222469686028,29375,100.0,60.0,450,98.0
1782181419.3814847,506,499,1,1,8,99.02190661659192,29375,100.0,60.0,450,98.22222222222223
1782181419.4817991,506,500,1,1,9,99.02190661659192,29375,100.0,60.0,450,98.0
1782181419.5811245,505,500,2,2,9,99.00892875017877,29375,100.0,60.0,450,98.0
1782181419.6815207,506,500,1,1,9,99.00892875017877,29375,100.0,60.0,450,98.0
1782181419.7818441,508,500,1,1,9,99.00892875017877,29375,100.0,60.0,450,98.0
1782181419.8811672,507,501,0,0,10,98.98840060630043,29375,100.0,60.0,450,97.77777777777777
1782181419.9814923,508,500,1,1,9,99.00222469686028,29375,100.0,60.0,450,98.0
1782181420.0818033,507,501,0,0,10,99.0,29375,100.0,60.0,450,97.77777777777777
1782181420.1813788,508,500,1,1,9,99.0,29375,100.0,60.0,450,98.0
1782181420.2816534,505,499,2,2,8,99.00222469686028,29375,100.0,60.0,450,98.22222222222223
1782181420.3823063,506,500,1,1,9,99.06905066374874,29375,100.0,60.0,450,98.0
1782181420.4812179,505,500,2,2,9,99.40278423776104,29375,100.0,60.0,450,98.0
1782181420.5815773,506,500,1,1,9,99.42651164886382,29375,100.0,60.0,450,98.0
1782181420.6818922,507,501,0,0,10,99.40278423776104,29375,100.0,60.0,450,97.77777777777777
1782181420.7811666,506,500,1,1,9,99.40278423776104,29375,100.0,60.0,450,98.0
1782181420.881524,505,500,2,2,9,99.37106792452956,29375,100.0,60.0,450,98.0
1782181420.9819376,507,500,0,0,9,99.37106792452956,29375,100.0,60.0,450,98.0
1782181421.0812263,506,499,1,1,8,99.37106792452956,29375,100.0,60.0,450,98.22222222222223
1782181421.1815674,506,501,1,1,10,99.40278423776104,29375,100.0,60.0,450,97.77777777777777
1782181421.2819319,506,501,1,1,10,99.40278423776104,29375,100.0,60.0,450,97.77777777777777
1782181421.381252,507,500,0,0,9,99.40278423776104,29375,100.0,60.0,450,98.0
1782181421.4816022,505,500,2,2,9,99.37106792452956,29375,100.0,60.0,450,98.0
1782181421.5819237,506,501,1,1,10,99.39538809509277,29375,100.0,60.0,450,97.77777777777777
1782181421.6814637,506,500,1,1,9,99.39538809509277,29375,100.0,60.0,450,98.0
1782181421.7819293,505,499,2,2,8,99.36754446796633,29375,100.0,60.0,450,98.22222222222223
1782181421.881909,507,500,0,0,9,99.34256390255614,29375,100.0,60.0,450,98.0
1782181421.9816384,506,499,1,1,8,99.36754446796633,29375,100.0,60.0,450,98.22222222222223
1782181422.0816004,506,500,1,1,9,99.36754446796633,29375,100.0,60.0,450,98.0
1782181422.181915,506,500,1,1,9,99.36754446796633,29375,100.0,60.0,450,98.0
1782181422.2812924,505,500,2,2,9,99.34256390255614,29375,100.0,60.0,450,98.0
1782181422.381608,506,500,1,1,9,99.34256390255614,29375,100.0,60.0,450,98.0
1782181422.4809349,506,500,1,1,9,99.34256390255614,29375,100.0,60.0,450,98.0
1782181422.581362,506,500,1,1,9,99.36754446796633,29375,100.0,60.0,450,98.0
1782181422.6816797,507,500,0,0,9,99.34256390255614,29375,100.0,60.0,450,98.0
1782181422.780945,506,499,1,1,8,99.34256390255614,29375,100.0,60.0,450,98.22222222222223
1782181422.8813338,507,500,0,0,9,99.34256390255614,29375,100.0,60.0,450,98.0
1782181422.9816816,507,500,0,0,9,99.32013073152096,29375,100.0,60.0,450,98.0
1782181423.0809693,506,500,1,1,9,99.34256390255614,29375,100.0,60.0,450,98.0
1782181423.1813989,506,500,1,1,9,99.34256390255614,29375,100.0,60.0,450,98.0
1782181423.2816367,507,500,0,0,9,99.34935929013523,29375,100.0,60.0,450,98.0
1782181423.3809536,507,499,0,0,8,99.33000829192527,29375,100.0,60.0,450,98.22222222222223
1782181423.481409,505,500,2,2,9,99.33000829192527,29375,100.0,60.0,450,98.0
1782181423.5816708,506,500,1,1,9,99.33000829192527,29375,100.0,60.0,450,98.0
1782181423.6810255,506,499,1,1,8,99.34935929013523,29375,100.0,60.0,450,98.22222222222223
1782181423.7814124,505,500,2,2,9,99.32013073152096,29375,100.0,60.0,450,98.0
1782181423.8816729,506,500,1,1,9,99.34935929013523,29375,100.0,60.0,450,98.0
1782181423.9810145,506,500,1,1,9,99.37106792452956,29375,100.0,60.0,450,98.0
1782181424.0814445,505,499,2,2,8,99.34256390255614,29375,100.0,60.0,450,98.22222222222223
1782181424.1817572,505,500,2,2,9,99.31686994893603,29375,100.0,60.0,450,98.0
1782181424.2810707,506,500,1,1,9,99.31686994893603,29375,100.0,60.0,450,98.0
1782181424.3814445,507,499,0,0,8,99.31686994893603,29375,100.0,60.0,450,98.22222222222223
1782181424.481746,506,500,1,1,9,99.34256390255614,29375,100.0,60.0,450,98.0
1782181424.581057,506,499,1,1,8,99.34256390255614,29375,100.0,60.0,450,98.22222222222223
1782181424.6814928,507,499,0,0,8,99.32013073152096,29375,100.0,60.0,450,98.22222222222223
1782181424.781747,505,500,2,2,9,99.32013073152096,29375,100.0,60.0,450,98.0
1782181424.8810647,506,500,1,1,9,99.34256390255614,29375,100.0,60.0,450,98.0
1782181424.981478,507,500,0,0,9,99.32013073152096,29375,100.0,60.0,450,98.0
1782181425.081797,506,500,1,1,9,99.32013073152096,29375,100.0,60.0,450,98.0
1782181425.1811008,509,501,2,2,10,99.29367932998609,29375,100.0,60.0,450,97.77777777777777
1782181425.2814612,507,499,0,0,8,99.3,29375,100.0,60.0,450,98.22222222222223
1782181425.381773,511,501,4,4,10,99.10557280900008,29375,100.0,60.0,450,97.77777777777777
1782181425.4811728,507,500,0,0,9,99.08773785443974,29375,100.0,60.0,450,98.0
1782181425.5814881,506,504,1,1,13,99.08773785443974,29375,100.0,60.0,450,97.11111111111111
1782181425.680798,505,499,2,2,8,99.08773785443974,29375,100.0,60.0,450,98.22222222222223
1782181425.781138,507,500,0,0,9,99.06905066374874,29375,100.0,60.0,450,98.0
1782181425.8814733,505,499,2,2,8,99.07144078152106,29375,100.0,60.0,450,98.22222222222223
1782181425.98083,507,500,0,0,9,99.07144078152106,29375,100.0,60.0,450,98.0
1782181426.081152,506,500,1,1,9,99.07144078152106,29375,100.0,60.0,450,98.0
1782181426.1814787,507,500,0,0,9,99.05190248977814,29375,100.0,60.0,450,98.0
1782181426.28087,506,499,1,1,8,99.07144078152106,29375,100.0,60.0,450,98.22222222222223
1782181426.3811436,511,500,4,4,9,98.95437419057612,29375,100.0,60.0,450,98.0
1782181426.4815564,506,500,1,1,9,98.9645183621994,29375,100.0,60.0,450,98.0
1782181426.5808513,506,500,1,1,9,98.9645183621994,29375,100.0,60.0,450,98.0
1782181426.6811671,505,500,2,2,9,98.95437419057612,29375,100.0,60.0,450,98.0
1782181426.7815444,505,501,2,2,10,98.95437419057612,29375,100.0,60.0,450,97.77777777777777
1782181426.88083,506,501,1,1,10,98.95437419057612,29375,100.0,60.0,450,97.77777777777777
1782181426.9811845,506,496,1,1,5,98.95437419057612,29375,100.0,60.0,450,98.88888888888889
1782181427.0815601,506,500,1,1,9,98.9645183621994,29375,100.0,60.0,450,98.0
1782181427.1809132,506,500,1,1,9,98.97584723361751,29375,100.0,60.0,450,98.0
1782181427.2812138,506,500,1,1,9,98.97584723361751,29375,100.0,60.0,450,98.0
1782181427.3815904,507,501,0,0,10,98.97584723361751,29375,100.0,60.0,450,97.77777777777777
1782181427.4812255,507,500,0,0,9,98.95596934910894,29375,100.0,60.0,450,98.0
1782181427.5812924,506,501,1,1,10,98.95596934910894,29375,100.0,60.0,450,97.77777777777777
1782181427.6815846,507,501,0,0,10,98.95596934910894,29375,100.0,60.0,450,97.77777777777777
1782181427.780948,506,500,1,1,9,98.96935834441732,29375,100.0,60.0,450,98.0
1782181427.8813791,506,499,1,1,8,98.96935834441732,29375,100.0,60.0,450,98.22222222222223
1782181427.9816213,506,500,1,1,9,98.98840060630043,29375,100.0,60.0,450,98.0
1782181428.0809386,506,500,1,1,9,98.98840060630043,29375,100.0,60.0,450,98.0
1782181428.1813364,507,500,0,0,9,98.98401662305812,29375,100.0,60.0,450,98.0
1782181428.281644,507,499,0,0,8,98.98401662305812,29375,100.0,60.0,450,98.22222222222223
1782181428.3809366,506,500,1,1,9,99.14625010167562,29375,100.0,60.0,450,98.0
1782181428.4812784,507,500,0,0,9,99.14625010167562,29375,100.0,60.0,450,98.0
1782181428.5816376,506,500,1,1,9,99.14625010167562,29375,100.0,60.0,450,98.0
1782181428.6809764,507,500,0,0,9,99.1540948306367,29375,100.0,60.0,450,98.0
1782181428.7812726,507,500,0,0,9,99.1540948306367,29375,100.0,60.0,450,98.0
1782181428.880628,506,501,1,1,10,99.18010840825008,29375,100.0,60.0,450,97.77777777777777
1782181428.980979,506,499,1,1,8,99.19446360176036,29375,100.0,60.0,450,98.22222222222223
1782181429.0813453,506,500,1,1,9,99.19446360176036,29375,100.0,60.0,450,98.0
1782181429.1806445,506,500,1,1,9,99.2104853811782,29375,100.0,60.0,450,98.0
1782181429.2810082,506,500,1,1,9,99.2104853811782,29375,100.0,60.0,450,98.0
1782181429.3814092,506,500,1,1,9,99.45839743969094,29375,100.0,60.0,450,98.0
1782181429.4806323,506,500,1,1,9,99.45839743969094,29375,100.0,60.0,450,98.0
1782181429.5810301,506,500,1,1,9,99.45839743969094,29375,100.0,60.0,450,98.0
1782181429.6814141,507,500,0,0,9,99.48792361680876,29375,100.0,60.0,450,98.0
1782181429.7807145,506,500,1,1,9,99.54174243050441,29375,100.0,60.0,450,98.0
1782181429.8810182,507,500,0,0,9,99.52859547920897,29375,100.0,60.0,450,98.0
1782181429.981442,506,500,1,1,9,99.52859547920897,29375,100.0,60.0,450,98.0
1782181430.0806997,506,500,1,1,9,99.52859547920897,29375,100.0,60.0,450,98.0
1782181430.1810536,507,501,0,0,10,99.5181055901733,29375,100.0,60.0,450,97.77777777777777
1782181430.2814136,505,500,2,2,9,99.46251615011343,29375,100.0,60.0,450,98.0
1782181430.3807223,507,500,0,0,9,99.46251615011343,29375,100.0,60.0,450,98.0
1782181430.4810543,507,500,0,0,9,99.46251615011343,29375,100.0,60.0,450,98.0
1782181430.5814884,507,499,0,0,8,99.45329268443811,29375,100.0,60.0,450,98.22222222222223
1782181430.6807168,506,500,1,1,9,99.46251615011343,29375,100.0,60.0,450,98.0
1782181430.7810855,506,500,1,1,9,99.46251615011343,29375,100.0,60.0,450,98.0
1782181430.8814492,507,499,0,0,8,99.45329268443811,29375,100.0,60.0,450,98.22222222222223
1782181430.9807916,507,500,0,0,9,99.44622507580546,29375,100.0,60.0,450,98.0
1782181431.0811634,506,500,1,1,9,99.44622507580546,29375,100.0,60.0,450,98.0
1782181431.1814768,506,500,1,1,9,99.45329268443811,29375,100.0,60.0,450,98.0
1782181431.2807767,506,500,1,1,9,99.46251615011343,29375,100.0,60.0,450,98.0
1782181431.3811462,507,500,0,0,9,99.45329268443811,29375,100.0,60.0,450,98.0
1782181431.4814801,506,500,1,1,9,99.46251615011343,29375,100.0,60.0,450,98.0
1782181431.5808237,508,500,1,1,9,99.46251615011343,29375,100.0,60.0,450,98.0
1782181431.6811502,506,500,1,1,9,99.47400887206469,29375,100.0,60.0,450,98.0
1782181431.7814846,506,499,1,1,8,99.48792361680876,29375,100.0,60.0,450,98.22222222222223
1782181431.8808146,505,500,2,2,9,99.44123151285866,29375,100.0,60.0,450,98.0
1782181431.981209,507,500,0,0,9,99.42651164886382,29375,100.0,60.0,450,98.0
1782181432.0805252,507,499,0,0,8,99.41405347229177,29375,100.0,60.0,450,98.22222222222223
1782181432.1808639,507,500,0,0,9,99.40371520600006,29375,100.0,60.0,450,98.0
1782181432.2811368,507,501,0,0,10,99.39538809509277,29375,100.0,60.0,450,97.77777777777777
1782181432.3805072,507,500,0,0,9,99.38898990733922,29375,100.0,60.0,450,98.0
1782181432.4808784,506,499,1,1,8,99.38898990733922,29375,100.0,60.0,450,98.22222222222223
1782181432.5812004,506,500,1,1,9,99.38898990733922,29375,100.0,60.0,450,98.0
1782181432.6807947,506,500,1,1,9,99.39538809509277,29375,100.0,60.0,450,98.0
1782181432.7813191,507,500,0,0,9,99.38898990733922,29375,100.0,60.0,450,98.0
1782181432.8813117,507,500,0,0,9,99.38898990733922,29375,100.0,60.0,450,98.0
1782181432.9805577,505,501,2,2,10,99.34256390255614,29375,100.0,60.0,450,97.77777777777777
1782181433.0809665,506,500,1,1,9,99.34256390255614,29375,100.0,60.0,450,98.0
1782181433.1812153,506,500,1,1,9,99.35021371034607,29375,100.0,60.0,450,98.0
1782181433.280614,507,501,0,0,10,99.38898990733922,29375,100.0,60.0,450,97.77777777777777
1782181433.3809695,506,500,1,1,9,99.39538809509277,29375,100.0,60.0,450,98.0
1782181433.4814231,506,500,1,1,9,99.40371520600006,29375,100.0,60.0,450,98.0
1782181433.5805967,507,500,0,0,9,99.40371520600006,29375,100.0,60.0,450,98.0
1782181433.6809404,506,500,1,1,9,99.40371520600006,29375,100.0,60.0,450,98.0
1782181433.7812757,507,501,0,0,10,99.39538809509277,29375,100.0,60.0,450,97.77777777777777
1782181433.8805978,506,500,1,1,9,99.40371520600006,29375,100.0,60.0,450,98.0
1782181433.980946,506,502,1,1,11,99.41405347229177,29375,100.0,60.0,450,97.55555555555556
1782181434.0813174,506,500,1,1,9,99.41405347229177,29375,100.0,60.0,450,98.0
1782181434.1805851,506,500,1,1,9,99.41405347229177,29375,100.0,60.0,450,98.0
1782181434.2809489,506,500,1,1,9,99.41405347229177,29375,100.0,60.0,450,98.0
1782181434.3812737,506,500,1,1,9,99.42651164886382,29375,100.0,60.0,450,98.0
1782181434.4806073,508,500,1,1,9,99.42651164886382,29375,100.0,60.0,450,98.0
1782181434.5810044,507,500,0,0,9,99.41405347229177,29375,100.0,60.0,450,98.0
1782181434.6813986,507,500,0,0,9,99.40371520600006,29375,100.0,60.0,450,98.0
1782181434.7806525,506,499,1,1,8,99.40371520600006,29375,100.0,60.0,450,98.22222222222223
1782181434.88097,508,500,1,1,9,99.45329268443811,29375,100.0,60.0,450,98.0
1782181434.9815214,506,502,1,1,11,99.46251615011343,29375,100.0,60.0,450,97.55555555555556
1782181435.080667,505,500,2,2,9,99.42651164886382,29375,100.0,60.0,450,98.0
1782181435.1811998,506,501,1,1,10,99.44123151285866,29375,100.0,60.0,450,97.77777777777777
1782181435.2809224,506,501,1,1,10,99.45839743969094,29375,100.0,60.0,450,97.77777777777777
1782181435.3810742,506,500,1,1,9,99.47825080525006,29375,100.0,60.0,450,98.0
1782181435.4810467,509,500,2,2,9,99.43825668178825,29375,100.0,60.0,450,98.0
1782181435.5804377,506,503,1,1,12,99.43825668178825,29375,100.0,60.0,450,97.33333333333334
1782181435.6807175,506,501,1,1,10,99.43825668178825,29375,100.0,60.0,450,97.77777777777777
1782181435.7809994,506,500,1,1,9,99.46148351928655,29375,100.0,60.0,450,98.0
1782181435.880442,507,501,0,0,10,99.46148351928655,29375,100.0,60.0,450,97.77777777777777
1782181435.9807737,507,510,0,0,19,99.47825080525006,29375,100.0,60.0,450,95.77777777777777
1782181436.0810442,506,496,1,1,5,99.47825080525006,29375,100.0,60.0,450,98.88888888888889
1782181436.1805239,513,500,6,6,9,98.93541870515524,29375,100.0,60.0,450,98.0
1782181436.281207,507,500,0,0,9,98.93541870515524,29375,100.0,60.0,450,98.0
1782181436.381454,506,501,1,1,10,98.93541870515524,29375,100.0,60.0,450,97.77777777777777
1782181436.4804642,506,507,1,1,16,98.93541870515524,29375,100.0,60.0,450,96.44444444444444
1782181436.5807285,506,500,1,1,9,98.95172098709891,29375,100.0,60.0,450,98.0
1782181436.681084,506,500,1,1,9,98.95172098709891,29375,100.0,60.0,450,98.0
1782181436.7804778,507,500,0,0,9,98.95172098709891,29375,100.0,60.0,450,98.0
1782181436.8807564,506,499,1,1,8,98.95172098709891,29375,100.0,60.0,450,98.22222222222223
1782181436.9810977,507,502,0,0,11,98.93541870515524,29375,100.0,60.0,450,97.55555555555556
1782181437.08052,510,500,3,3,9,98.87651336357649,29375,100.0,60.0,450,98.0
1782181437.1807752,506,501,1,1,10,98.87651336357649,29375,100.0,60.0,450,97.77777777777777
1782181437.2811325,507,501,0,0,10,98.86031193351475,29375,100.0,60.0,450,97.77777777777777
1782181437.3804426,506,501,1,1,10,98.86031193351475,29375,100.0,60.0,450,97.77777777777777
1782181437.4808378,498,500,9,9,9,98.17152157974634,29375,100.0,60.0,450,98.0
1782181437.5811837,504,501,3,3,10,98.16333635813922,29375,100.0,60.0,450,97.77777777777777
1782181437.6804197,506,498,1,1,7,98.18004884070417,29375,100.0,60.0,450,98.44444444444444
1782181437.7808337,506,500,1,1,9,98.18004884070417,29375,100.0,60.0,450,98.0
1782181437.8815293,505,500,2,2,9,98.1791332955003,29375,100.0,60.0,450,98.0
1782181437.9804575,506,497,1,1,6,98.1791332955003,29375,100.0,60.0,450,98.66666666666667
1782181438.0808182,506,500,1,1,9,98.18004884070417,29375,100.0,60.0,450,98.0
1782181438.181161,505,500,2,2,9,98.1791332955003,29375,100.0,60.0,450,98.0
1782181438.2805202,508,500,1,1,9,98.1791332955003,29375,100.0,60.0,450,98.0
1782181438.3808343,506,500,1,1,9,98.1791332955003,29375,100.0,60.0,450,98.0
1782181438.4802618,505,501,2,2,10,98.1791332955003,29375,100.0,60.0,450,97.77777777777777
1782181438.5805247,502,500,5,5,9,98.07472945624085,29375,100.0,60.0,450,98.0
1782181438.6808674,506,500,1,1,9,98.07472945624085,29375,100.0,60.0,450,98.0
1782181438.7802134,507,503,0,0,12,98.05606355842356,29375,100.0,60.0,450,97.33333333333334
1782181438.8805065,506,500,1,1,9,98.07472945624085,29375,100.0,60.0,450,98.0
1782181438.9809139,506,499,1,1,8,98.0941610188103,29375,100.0,60.0,450,98.22222222222223
1782181439.0801904,506,499,1,1,8,98.0941610188103,29375,100.0,60.0,450,98.22222222222223
1782181439.1805747,507,500,0,0,9,98.25484798497222,29375,100.0,60.0,450,98.0
1782181439.2809355,506,499,1,1,8,98.27308882040151,29375,100.0,60.0,450,98.22222222222223
1782181439.380209,506,500,1,1,9,98.27308882040151,29375,100.0,60.0,450,98.0
1782181439.480567,506,499,1,1,8,98.27308882040151,29375,100.0,60.0,450,98.22222222222223
1782181439.581005,507,500,0,0,9,98.25484798497222,29375,100.0,60.0,450,98.0
1782181439.680227,506,500,1,1,9,98.25484798497222,29375,100.0,60.0,450,98.0
1782181439.7806082,506,500,1,1,9,98.27308882040151,29375,100.0,60.0,450,98.0
1782181439.8809216,506,498,1,1,7,98.27308882040151,29375,100.0,60.0,450,98.44444444444444
1782181439.9803123,506,500,1,1,9,98.29217487234007,29375,100.0,60.0,450,98.0
1782181440.080628,507,501,0,0,10,98.29510508632741,29375,100.0,60.0,450,97.77777777777777
1782181440.180989,505,501,2,2,10,98.29347656851064,29375,100.0,60.0,450,97.77777777777777
1782181440.280278,508,499,1,1,8,98.31213481317704,29375,100.0,60.0,450,98.22222222222223
1782181440.3806129,506,501,1,1,10,98.31213481317704,29375,100.0,60.0,450,97.77777777777777
1782181440.4810085,506,500,1,1,9,99.05483687474948,29375,100.0,60.0,450,98.0
1782181440.5803263,508,501,1,1,10,99.1155667225719,29375,100.0,60.0,450,97.77777777777777
1782181440.6808424,506,500,1,1,9,99.1155667225719,29375,100.0,60.0,450,98.0
1782181440.7814002,506,499,1,1,8,99.1155667225719,29375,100.0,60.0,450,98.22222222222223
1782181440.880477,507,500,0,0,9,99.10806078931603,29375,100.0,60.0,450,98.0
1782181440.9807203,507,500,0,0,9,99.08773785443974,29375,100.0,60.0,450,98.0
1782181441.080994,506,500,1,1,9,99.08773785443974,29375,100.0,60.0,450,98.0
1782181441.1803694,507,502,0,0,11,99.08773785443974,29375,100.0,60.0,450,97.55555555555556
1782181441.2811353,506,500,1,1,9,99.08773785443974,29375,100.0,60.0,450,98.0
1782181441.381599,507,501,0,0,10,99.07144078152106,29375,100.0,60.0,450,97.77777777777777
1782181441.4804146,506,500,1,1,9,99.09262282741226,29375,100.0,60.0,450,98.0
1782181441.580683,506,501,1,1,10,99.50446437508938,29375,100.0,60.0,450,97.77777777777777
1782181441.6800003,506,500,1,1,9,99.50446437508938,29375,100.0,60.0,450,98.0
1782181441.7804203,507,500,0,0,9,99.50446437508938,29375,100.0,60.0,450,98.0
1782181441.880752,507,500,0,0,9,99.48792361680876,29375,100.0,60.0,450,98.0
1782181441.9800973,506,500,1,1,9,99.48792361680876,29375,100.0,60.0,450,98.0
1782181442.0804524,506,500,1,1,9,99.48792361680876,29375,100.0,60.0,450,98.0
1782181442.180749,506,501,1,1,10,99.50446437508938,29375,100.0,60.0,450,97.77777777777777
1782181442.280059,507,501,0,0,10,99.48792361680876,29375,100.0,60.0,450,97.77777777777777
1782181442.38044,506,500,1,1,9,99.48792361680876,29375,100.0,60.0,450,98.0
1782181442.4808013,505,500,2,2,9,99.44123151285866,29375,100.0,60.0,450,98.0
1782181442.5800936,506,500,1,1,9,99.45839743969094,29375,100.0,60.0,450,98.0
1782181442.6804423,506,499,1,1,8,99.45839743969094,29375,100.0,60.0,450,98.22222222222223
1782181442.7807598,505,500,2,2,9,99.41785836011424,29375,100.0,60.0,450,98.0
1782181442.880058,507,499,0,0,8,99.4,29375,100.0,60.0,450,98.22222222222223
1782181442.9805264,506,500,1,1,9,99.4,29375,100.0,60.0,450,98.0
1782181443.0808136,506,500,1,1,9,99.41785836011424,29375,100.0,60.0,450,98.0
1782181443.1805081,505,500,2,2,9,99.41785836011424,29375,100.0,60.0,450,98.0
1782181443.2808385,506,500,1,1,9,99.41785836011424,29375,100.0,60.0,450,98.0
1782181443.3812418,505,500,2,2,9,99.38175876696695,29375,100.0,60.0,450,98.0
1782181443.480149,507,500,0,0,9,99.36316756084857,29375,100.0,60.0,450,98.0
1782181443.5805252,507,500,0,0,9,99.34680273525782,29375,100.0,60.0,450,98.0
1782181443.6808167,506,500,1,1,9,99.34680273525782,29375,100.0,60.0,450,98.0
1782181443.7801137,506,500,1,1,9,99.34680273525782,29375,100.0,60.0,450,98.0
1782181443.880505,507,500,0,0,9,99.34680273525782,29375,100.0,60.0,450,98.0
1782181443.980859,507,500,0,0,9,99.34680273525782,29375,100.0,60.0,450,98.0
1782181444.080194,507,499,0,0,8,99.3325005201833,29375,100.0,60.0,450,98.22222222222223
1782181444.1805005,505,500,2,2,9,99.31281572906373,29375,100.0,60.0,450,98.0
1782181444.280813,507,499,0,0,8,99.29762308314315,29375,100.0,60.0,450,98.22222222222223
1782181444.380164,506,499,1,1,8,99.31281572906373,29375,100.0,60.0,450,98.22222222222223
1782181444.480572,506,499,1,1,8,99.31281572906373,29375,100.0,60.0,450,98.22222222222223
1782181444.5809205,505,499,2,2,8,99.2819780257154,29375,100.0,60.0,450,98.22222222222223
1782181444.6801627,507,499,0,0,8,99.26590948181516,29375,100.0,60.0,450,98.22222222222223
1782181444.7805176,505,500,2,2,9,99.25389902381335,29375,100.0,60.0,450,98.0
1782181444.8798416,507,501,0,0,10,99.25389902381335,29375,100.0,60.0,450,97.77777777777777
1782181444.9803393,507,501,0,0,10,99.23696512384936,29375,100.0,60.0,450,97.77777777777777
1782181445.0805564,505,500,2,2,9,99.2104853811782,29375,100.0,60.0,450,98.0
1782181445.1799324,507,500,0,0,9,99.19446360176036,29375,100.0,60.0,450,98.0
1782181445.2802322,505,500,2,2,9,99.18622962561776,29375,100.0,60.0,450,98.0
1782181445.3806226,506,500,1,1,9,99.18622962561776,29375,100.0,60.0,450,98.0
1782181445.4799817,506,500,1,1,9,99.2104853811782,29375,100.0,60.0,450,98.0
1782181445.5802653,506,499,1,1,8,99.2104853811782,29375,100.0,60.0,450,98.22222222222223
1782181445.6806452,506,500,1,1,9,99.2104853811782,29375,100.0,60.0,450,98.0
1782181445.7799182,506,501,1,1,10,99.23696512384936,29375,100.0,60.0,450,97.77777777777777
1782181445.8802419,506,500,1,1,9,99.25389902381335,29375,100.0,60.0,450,98.0
1782181445.9806201,506,499,1,1,8,99.25389902381335,29375,100.0,60.0,450,98.22222222222223
1782181446.0799766,506,500,1,1,9,99.25389902381335,29375,100.0,60.0,450,98.0
1782181446.180784,507,500,0,0,9,99.26590948181516,29375,100.0,60.0,450,98.0
1782181446.280613,507,500,0,0,9,99.25166852264522,29375,100.0,60.0,450,98.0
1782181446.3804703,507,500,0,0,9,99.27275252569095,29375,100.0,60.0,450,98.0
1782181446.480299,505,501,2,2,10,99.25166852264522,29375,100.0,60.0,450,97.77777777777777
1782181446.5806475,507,500,0,0,9,99.25166852264522,29375,100.0,60.0,450,98.0
1782181446.6799924,506,500,1,1,9,99.25166852264522,29375,100.0,60.0,450,98.0
1782181446.780358,508,501,1,1,10,99.25166852264522,29375,100.0,60.0,450,97.77777777777777
1782181446.8806236,507,500,0,0,9,99.25166852264522,29375,100.0,60.0,450,98.0
1782181447.0803533,507,499,0,0,8,99.25166852264522,29375,100.0,60.0,450,98.22222222222223
1782181447.1806939,506,500,1,1,9,99.26590948181516,29375,100.0,60.0,450,98.0
1782181447.280008,507,500,0,0,9,99.2843029815472,29375,100.0,60.0,450,98.0
1782181447.3803787,507,499,0,0,8,99.2843029815472,29375,100.0,60.0,450,98.22222222222223
1782181447.4807088,506,501,1,1,10,99.2843029815472,29375,100.0,60.0,450,97.77777777777777
1782181447.5800538,507,500,0,0,9,99.27275252569095,29375,100.0,60.0,450,98.0
1782181447.6804383,506,501,1,1,10,99.30958949409306,29375,100.0,60.0,450,97.77777777777777
1782181447.7807145,506,500,1,1,9,99.32013073152096,29375,100.0,60.0,450,98.0
1782181447.8800313,506,500,1,1,9,99.35968757625672,29375,100.0,60.0,450,98.0
1782181447.9804754,506,499,1,1,8,99.37106792452956,29375,100.0,60.0,450,98.22222222222223
1782181448.0797718,507,500,0,0,9,99.37106792452956,29375,100.0,60.0,450,98.0
1782181448.1801875,506,500,1,1,9,99.41405347229177,29375,100.0,60.0,450,98.0
1782181448.2804217,507,501,0,0,10,99.41405347229177,29375,100.0,60.0,450,97.77777777777777
1782181448.3796937,507,500,0,0,9,99.45329268443811,29375,100.0,60.0,450,98.0
1782181448.4800806,507,500,0,0,9,99.44622507580546,29375,100.0,60.0,450,98.0
1782181448.5804794,506,500,1,1,9,99.44622507580546,29375,100.0,60.0,450,98.0
1782181448.6797428,506,500,1,1,9,99.44622507580546,29375,100.0,60.0,450,98.0
1782181448.780059,506,500,1,1,9,99.44622507580546,29375,100.0,60.0,450,98.0
1782181448.880433,506,495,1,1,4,99.44622507580546,29375,100.0,60.0,450,99.11111111111111
1782181448.9797692,507,499,0,0,8,99.44123151285866,29375,100.0,60.0,450,98.22222222222223
1782181449.0801399,507,500,0,0,9,99.43825668178825,29375,100.0,60.0,450,98.0
1782181449.18045,507,500,0,0,9,99.43726856612886,29375,100.0,60.0,450,98.0
1782181449.2797568,506,500,1,1,9,99.43825668178825,29375,100.0,60.0,450,98.0
1782181449.3801198,507,500,0,0,9,99.43825668178825,29375,100.0,60.0,450,98.0
1782181449.4804544,507,499,0,0,8,99.43825668178825,29375,100.0,60.0,450,98.22222222222223
1782181449.5798197,506,500,1,1,9,99.5,29375,100.0,60.0,450,98.0
1782181449.6803067,506,500,1,1,9,99.50111234843014,29375,100.0,60.0,450,98.0
1782181449.780461,507,501,0,0,10,99.5,29375,100.0,60.0,450,97.77777777777777
1782181449.879953,506,501,1,1,10,99.5,29375,100.0,60.0,450,97.77777777777777
1782181449.9802232,507,499,0,0,8,99.5,29375,100.0,60.0,450,98.22222222222223
1782181450.0805862,507,500,0,0,9,99.5,29375,100.0,60.0,450,98.0
1782181450.1798503,507,500,0,0,9,99.50111234843014,29375,100.0,60.0,450,98.0
1782181450.2801561,500,500,7,7,9,98.73114224595504,29375,100.0,60.0,450,98.0
1782181450.3805156,507,499,0,0,8,98.73114224595504,29375,100.0,60.0,450,98.22222222222223
1782181450.4798589,506,500,1,1,9,98.73114224595504,29375,100.0,60.0,450,98.0
1782181450.580249,507,500,0,0,9,98.73114224595504,29375,100.0,60.0,450,98.0
1782181450.6805732,506,500,1,1,9,98.73114224595504,29375,100.0,60.0,450,98.0
1782181450.7798758,503,499,4,4,8,98.6,29375,100.0,60.0,450,98.22222222222223
1782181450.8801932,507,501,0,0,10,98.59327014359938,29375,100.0,60.0,450,97.77777777777777
1782181450.9805586,506,500,1,1,9,98.59327014359938,29375,100.0,60.0,450,98.0
1782181451.0798674,506,500,1,1,9,98.6,29375,100.0,60.0,450,98.0
1782181451.1802244,507,501,0,0,10,98.59327014359938,29375,100.0,60.0,450,97.77777777777777
1782181451.2795386,507,500,0,0,9,98.59327014359938,29375,100.0,60.0,450,98.0
1782181451.3798783,506,500,1,1,9,98.6,29375,100.0,60.0,450,98.0
1782181451.4802547,506,500,1,1,9,98.60756009505297,29375,100.0,60.0,450,98.0
1782181451.5795476,507,507,0,0,16,98.6,29375,100.0,60.0,450,96.44444444444444
1782181451.6798902,505,500,2,2,9,98.58382361425014,29375,100.0,60.0,450,98.0
1782181451.7802649,514,500,7,7,9,98.20216179197843,29375,100.0,60.0,450,98.0
1782181451.8795488,506,500,1,1,9,98.20216179197843,29375,100.0,60.0,450,98.0
1782181451.9799414,505,501,2,2,10,98.20463559873397,29375,100.0,60.0,450,97.77777777777777
1782181452.0803034,503,500,4,4,9,98.14377922768989,29375,100.0,60.0,450,98.0
1782181452.1795886,506,495,1,1,4,98.1572966718553,29375,100.0,60.0,450,99.11111111111111
1782181452.279974,505,500,2,2,9,98.15338146873806,29375,100.0,60.0,450,98.0
1782181452.3802764,508,500,1,1,9,98.16818244479545,29375,100.0,60.0,450,98.0
1782181452.479659,506,493,1,1,2,98.18371563655663,29375,100.0,60.0,450,99.55555555555556
1782181452.5799818,507,499,0,0,8,98.16818244479545,29375,100.0,60.0,450,98.22222222222223
1782181452.6803656,503,499,4,4,8,98.10820485017831,29375,100.0,60.0,450,98.22222222222223
1782181452.7796037,511,500,4,4,9,98.07328719778421,29375,100.0,60.0,450,98.0
1782181452.8799496,507,500,0,0,9,98.05520638055802,29375,100.0,60.0,450,98.0
1782181452.9803927,506,501,1,1,10,98.07328719778421,29375,100.0,60.0,450,97.77777777777777
1782181453.079665,506,500,1,1,9,98.09212159716611,29375,100.0,60.0,450,98.0
1782181453.180028,506,500,1,1,9,98.11173212823086,29375,100.0,60.0,450,98.0
1782181453.280408,505,500,2,2,9,98.39307056090747,29375,100.0,60.0,450,98.0
1782181453.3796878,507,499,0,0,8,98.39307056090747,29375,100.0,60.0,450,98.22222222222223
1782181453.480073,506,500,1,1,9,98.39307056090747,29375,100.0,60.0,450,98.0
1782181453.580435,507,500,0,0,9,98.39307056090747,29375,100.0,60.0,450,98.0
1782181453.6797712,506,502,1,1,11,98.39307056090747,29375,100.0,60.0,450,97.55555555555556
1782181453.78003,506,499,1,1,8,98.46196373399209,29375,100.0,60.0,450,98.22222222222223
1782181453.8805885,508,499,1,1,8,98.48122856668073,29375,100.0,60.0,450,98.22222222222223
1782181453.9797785,503,500,4,4,9,98.41359946209457,29375,100.0,60.0,450,98.0
1782181454.0800428,507,500,0,0,9,98.39307056090747,29375,100.0,60.0,450,98.0
1782181454.180424,506,501,1,1,10,98.41359946209457,29375,100.0,60.0,450,97.77777777777777
1782181454.2796931,507,501,0,0,10,98.41359946209457,29375,100.0,60.0,450,97.77777777777777
1782181454.380072,507,501,0,0,10,98.39307056090747,29375,100.0,60.0,450,97.77777777777777
1782181454.4794447,506,500,1,1,9,98.39307056090747,29375,100.0,60.0,450,98.0
1782181454.5797734,507,499,0,0,8,98.39307056090747,29375,100.0,60.0,450,98.22222222222223
1782181454.68004,507,500,0,0,9,98.37519231907281,29375,100.0,60.0,450,98.0
1782181454.7793934,506,500,1,1,9,98.75100040032032,29375,100.0,60.0,450,98.0
1782181454.8797529,508,501,1,1,10,98.75100040032032,29375,100.0,60.0,450,97.77777777777777
1782181454.9801705,507,500,0,0,9,98.74213584905912,29375,100.0,60.0,450,98.0
1782181455.0794213,504,500,3,3,9,98.80696465545512,29375,100.0,60.0,450,98.0
1782181455.1797857,507,500,0,0,9,98.79077619018553,29375,100.0,60.0,450,98.0
1782181455.2801192,506,501,1,1,10,98.80324512859892,29375,100.0,60.0,450,97.77777777777777
1782181455.3794107,504,500,3,3,9,98.7523355151858,29375,100.0,60.0,450,98.0
1782181455.4798496,507,500,0,0,9,98.7368469785669,29375,100.0,60.0,450,98.0
1782181455.5801628,506,499,1,1,8,98.7523355151858,29375,100.0,60.0,450,98.22222222222223
1782181455.67946,507,500,0,0,9,98.86031193351475,29375,100.0,60.0,450,98.0
1782181455.7798107,505,500,2,2,9,98.98840060630043,29375,100.0,60.0,450,98.0
1782181455.8801718,507,499,0,0,8,98.98840060630043,29375,100.0,60.0,450,98.22222222222223
1782181455.9795008,507,500,0,0,9,98.97584723361751,29375,100.0,60.0,450,98.0
1782181456.0798256,506,500,1,1,9,98.97584723361751,29375,100.0,60.0,450,98.0
1782181456.180175,505,500,2,2,9,98.95596934910894,29375,100.0,60.0,450,98.0
1782181456.2794719,507,500,0,0,9,98.9645183621994,29375,100.0,60.0,450,98.0
1782181456.379815,506,500,1,1,9,98.97584723361751,29375,100.0,60.0,450,98.0
1782181456.4804826,507,500,0,0,9,98.9645183621994,29375,100.0,60.0,450,98.0
1782181456.5795028,507,499,0,0,8,98.9645183621994,29375,100.0,60.0,450,98.22222222222223
1782181456.6800275,506,500,1,1,9,98.9645183621994,29375,100.0,60.0,450,98.0
1782181456.780332,506,500,1,1,9,98.9645183621994,29375,100.0,60.0,450,98.0
1782181456.8795025,506,499,1,1,8,98.9645183621994,29375,100.0,60.0,450,98.22222222222223
1782181456.979941,506,500,1,1,9,99.14625010167562,29375,100.0,60.0,450,98.0
1782181457.0802588,506,499,1,1,8,99.15606740658852,29375,100.0,60.0,450,98.22222222222223
1782181457.1795297,506,501,1,1,10,99.15606740658852,29375,100.0,60.0,450,97.77777777777777
1782181457.279888,507,500,0,0,9,99.15606740658852,29375,100.0,60.0,450,98.0
1782181457.3802462,507,500,0,0,9,99.15606740658852,29375,100.0,60.0,450,98.0
1782181457.4796276,506,500,1,1,9,99.15606740658852,29375,100.0,60.0,450,98.0
1782181457.5799193,507,499,0,0,8,99.15606740658852,29375,100.0,60.0,450,98.22222222222223
1782181457.6792533,506,501,1,1,10,99.16733360021355,29375,100.0,60.0,450,97.77777777777777
1782181457.7797925,507,500,0,0,9,99.15606740658852,29375,100.0,60.0,450,98.0
1782181457.8803687,507,500,0,0,9,99.14625010167562,29375,100.0,60.0,450,98.0
1782181457.9792945,506,500,1,1,9,99.15606740658852,29375,100.0,60.0,450,98.0
1782181458.0795836,506,500,1,1,9,99.2628885204168,29375,100.0,60.0,450,98.0
1782181458.1799412,507,501,0,0,10,99.2628885204168,29375,100.0,60.0,450,97.77777777777777
1782181458.2792187,506,499,1,1,8,99.2628885204168,29375,100.0,60.0,450,98.22222222222223
1782181458.3795984,506,500,1,1,9,99.39538809509277,29375,100.0,60.0,450,98.0
1782181458.4799666,507,500,0,0,9,99.39538809509277,29375,100.0,60.0,450,98.0
1782181458.5792599,506,500,1,1,9,99.39538809509277,29375,100.0,60.0,450,98.0
1782181458.6796238,507,500,0,0,9,99.39538809509277,29375,100.0,60.0,450,98.0
1782181458.7799792,506,500,1,1,9,99.44622507580546,29375,100.0,60.0,450,98.0
1782181458.8793442,507,500,0,0,9,99.44622507580546,29375,100.0,60.0,450,98.0
1782181458.9796448,506,500,1,1,9,99.45329268443811,29375,100.0,60.0,450,98.0
1782181459.0799875,507,500,0,0,9,99.44622507580546,29375,100.0,60.0,450,98.0
1782181459.1796968,505,501,2,2,10,99.44622507580546,29375,100.0,60.0,450,97.77777777777777
1782181459.2796116,507,500,0,0,9,99.44622507580546,29375,100.0,60.0,450,98.0
1782181459.3801212,506,500,1,1,9,99.44622507580546,29375,100.0,60.0,450,98.0
1782181459.4793909,508,500,1,1,9,99.45329268443811,29375,100.0,60.0,450,98.0
1782181459.5796914,506,501,1,1,10,99.46251615011343,29375,100.0,60.0,450,97.77777777777777
1782181459.6799972,506,499,1,1,8,99.46251615011343,29375,100.0,60.0,450,98.22222222222223
1782181459.7793758,506,501,1,1,10,99.46251615011343,29375,100.0,60.0,450,97.77777777777777
1782181459.879728,507,500,0,0,9,99.45329268443811,29375,100.0,60.0,450,98.0
1782181459.9801188,506,501,1,1,10,99.45329268443811,29375,100.0,60.0,450,97.77777777777777
1782181460.0794544,507,501,0,0,10,99.44622507580546,29375,100.0,60.0,450,97.77777777777777
1782181460.179696,506,500,1,1,9,99.44622507580546,29375,100.0,60.0,450,98.0
1782181460.2800796,507,500,0,0,9,99.44622507580546,29375,100.0,60.0,450,98.0
1782181460.3794224,506,499,1,1,8,99.45329268443811,29375,100.0,60.0,450,98.22222222222223
1782181460.4797633,506,499,1,1,8,99.45329268443811,29375,100.0,60.0,450,98.22222222222223
1782181460.58012,505,499,2,2,8,99.41405347229177,29375,100.0,60.0,450,98.22222222222223
1782181460.6794305,506,500,1,1,9,99.41405347229177,29375,100.0,60.0,450,98.0
1782181460.779759,506,500,1,1,9,99.42651164886382,29375,100.0,60.0,450,98.0
1782181460.87909,506,500,1,1,9,99.44123151285866,29375,100.0,60.0,450,98.0
1782181460.9794059,507,499,0,0,8,99.42651164886382,29375,100.0,60.0,450,98.22222222222223
1782181461.079807,506,500,1,1,9,99.42651164886382,29375,100.0,60.0,450,98.0
1782181461.1790867,505,500,2,2,9,99.4,29375,100.0,60.0,450,98.0
1782181461.2794127,505,501,2,2,10,99.36316756084857,29375,100.0,60.0,450,97.77777777777777
1782181461.379763,507,501,0,0,10,99.34680273525782,29375,100.0,60.0,450,97.77777777777777
1782181461.4792793,506,500,1,1,9,99.36316756084857,29375,100.0,60.0,450,98.0
1782181461.579467,505,500,2,2,9,99.33000829192527,29375,100.0,60.0,450,98.0
1782181461.6797752,506,500,1,1,9,99.34935929013523,29375,100.0,60.0,450,98.0
1782181461.7791388,507,500,0,0,9,99.33000829192527,29375,100.0,60.0,450,98.0
1782181461.879426,506,500,1,1,9,99.34935929013523,29375,100.0,60.0,450,98.0
1782181461.979849,507,500,0,0,9,99.33000829192527,29375,100.0,60.0,450,98.0
1782181462.07913,506,500,1,1,9,99.34935929013523,29375,100.0,60.0,450,98.0
1782181462.1794744,506,500,1,1,9,99.38175876696695,29375,100.0,60.0,450,98.0
1782181462.2798064,506,500,1,1,9,99.40278423776104,29375,100.0,60.0,450,98.0
1782181462.379181,506,501,1,1,10,99.40278423776104,29375,100.0,60.0,450,97.77777777777777
1782181462.4795117,507,499,0,0,8,99.38175876696695,29375,100.0,60.0,450,98.22222222222223
1782181462.5798585,506,499,1,1,8,99.38175876696695,29375,100.0,60.0,450,98.22222222222223
1782181462.6791952,506,499,1,1,8,99.38175876696695,29375,100.0,60.0,450,98.22222222222223
1782181462.7795198,505,500,2,2,9,99.34935929013523,29375,100.0,60.0,450,98.0
1782181462.8798482,507,500,0,0,9,99.34935929013523,29375,100.0,60.0,450,98.0
1782181462.9791975,507,499,0,0,8,99.33000829192527,29375,100.0,60.0,450,98.22222222222223
1782181463.079535,507,500,0,0,9,99.33000829192527,29375,100.0,60.0,450,98.0
1782181463.1798875,507,500,0,0,9,99.31281572906373,29375,100.0,60.0,450,98.0
1782181463.2792282,505,500,2,2,9,99.3,29375,100.0,60.0,450,98.0
1782181463.379544,507,501,0,0,10,99.2819780257154,29375,100.0,60.0,450,97.77777777777777
1782181463.4798758,507,500,0,0,9,99.26590948181516,29375,100.0,60.0,450,98.0
1782181463.5792632,507,501,0,0,10,99.2843029815472,29375,100.0,60.0,450,97.77777777777777
1782181463.6795647,506,499,1,1,8,99.2843029815472,29375,100.0,60.0,450,98.22222222222223
1782181463.7799125,506,500,1,1,9,99.2843029815472,29375,100.0,60.0,450,98.0
1782181463.8792548,507,500,0,0,9,99.27275252569095,29375,100.0,60.0,450,98.0
1782181463.9796107,505,500,2,2,9,99.25166852264522,29375,100.0,60.0,450,98.0
1782181464.0789673,506,500,1,1,9,99.25166852264522,29375,100.0,60.0,450,98.0
1782181464.1792815,506,501,1,1,10,99.2843029815472,29375,100.0,60.0,450,97.77777777777777
1782181464.279587,506,500,1,1,9,99.32013073152096,29375,100.0,60.0,450,98.0
1782181464.378956,506,501,1,1,10,99.3325005201833,29375,100.0,60.0,450,97.77777777777777
1782181464.4793313,506,499,1,1,8,99.3325005201833,29375,100.0,60.0,450,98.22222222222223
1782181464.579627,506,499,1,1,8,99.37106792452956,29375,100.0,60.0,450,98.22222222222223
1782181464.6789172,506,501,1,1,10,99.37106792452956,29375,100.0,60.0,450,97.77777777777777
1782181464.7793524,507,500,0,0,9,99.37106792452956,29375,100.0,60.0,450,98.0
1782181464.8796046,506,500,1,1,9,99.37106792452956,29375,100.0,60.0,450,98.0
1782181464.979014,507,501,0,0,10,99.37106792452956,29375,100.0,60.0,450,97.77777777777777
1782181465.0794158,506,501,1,1,10,99.37106792452956,29375,100.0,60.0,450,97.77777777777777
1782181465.1797018,506,501,1,1,10,99.37106792452956,29375,100.0,60.0,450,97.77777777777777
1782181465.2789612,507,501,0,0,10,99.35968757625672,29375,100.0,60.0,450,97.77777777777777
1782181465.3794394,507,500,0,0,9,99.35021371034607,29375,100.0,60.0,450,98.0
1782181465.4797254,507,501,0,0,10,99.35021371034607,29375,100.0,60.0,450,97.77777777777777
1782181465.5790462,506,500,1,1,9,99.35021371034607,29375,100.0,60.0,450,98.0
1782181465.6793897,507,500,0,0,9,99.34256390255614,29375,100.0,60.0,450,98.0
1782181465.779646,507,500,0,0,9,99.38446048957935,29375,100.0,60.0,450,98.0
1782181465.8789887,506,499,1,1,8,99.38898990733922,29375,100.0,60.0,450,98.22222222222223
1782181465.979448,507,500,0,0,9,99.38898990733922,29375,100.0,60.0,450,98.0
1782181466.0797353,507,500,0,0,9,99.38898990733922,29375,100.0,60.0,450,98.0
1782181466.1790469,506,500,1,1,9,99.39538809509277,29375,100.0,60.0,450,98.0
1782181466.2793748,506,500,1,1,9,99.44622507580546,29375,100.0,60.0,450,98.0
1782181466.3796961,506,500,1,1,9,99.45329268443811,29375,100.0,60.0,450,98.0
1782181466.4790483,507,501,0,0,10,99.45329268443811,29375,100.0,60.0,450,97.77777777777777
1782181466.5794325,505,500,2,2,9,99.41405347229177,29375,100.0,60.0,450,98.0
1782181466.6797543,505,500,2,2,9,99.37106792452956,29375,100.0,60.0,450,98.0
1782181466.779061,506,500,1,1,9,99.37106792452956,29375,100.0,60.0,450,98.0
1782181466.8793797,506,500,1,1,9,99.38446048957935,29375,100.0,60.0,450,98.0
1782181466.979783,508,501,1,1,10,99.42651164886382,29375,100.0,60.0,450,97.77777777777777
1782181467.0790818,506,500,1,1,9,99.42651164886382,29375,100.0,60.0,450,98.0
1782181467.1793723,507,500,0,0,9,99.41405347229177,29375,100.0,60.0,450,98.0
1782181467.2791345,507,499,0,0,8,99.40371520600006,29375,100.0,60.0,450,98.22222222222223
1782181467.3790443,507,500,0,0,9,99.39538809509277,29375,100.0,60.0,450,98.0
1782181467.4794755,507,500,0,0,9,99.38898990733922,29375,100.0,60.0,450,98.0
1782181467.578836,506,499,1,1,8,99.38898990733922,29375,100.0,60.0,450,98.22222222222223
1782181467.6792521,507,499,0,0,8,99.38446048957935,29375,100.0,60.0,450,98.22222222222223
1782181467.7795765,506,500,1,1,9,99.38898990733922,29375,100.0,60.0,450,98.0
1782181467.8788521,506,501,1,1,10,99.38898990733922,29375,100.0,60.0,450,97.77777777777777
1782181467.9792292,507,498,0,0,7,99.38898990733922,29375,100.0,60.0,450,98.44444444444444
1782181468.0795708,507,500,0,0,9,99.38446048957935,29375,100.0,60.0,450,98.0
1782181468.1788468,506,499,1,1,8,99.38446048957935,29375,100.0,60.0,450,98.22222222222223
1782181468.2792542,507,500,0,0,9,99.38446048957935,29375,100.0,60.0,450,98.0
1782181468.3795252,506,500,1,1,9,99.38898990733922,29375,100.0,60.0,450,98.0
1782181468.4788995,507,500,0,0,9,99.38898990733922,29375,100.0,60.0,450,98.0
1782181468.5792494,507,500,0,0,9,99.38446048957935,29375,100.0,60.0,450,98.0
1782181468.6796045,505,500,2,2,9,99.34256390255614,29375,100.0,60.0,450,98.0
1782181468.7789187,506,501,1,1,10,99.35021371034607,29375,100.0,60.0,450,97.77777777777777
1782181468.8792887,505,500,2,2,9,99.30958949409306,29375,100.0,60.0,450,98.0
1782181468.9796457,505,501,2,2,10,99.2843029815472,29375,100.0,60.0,450,97.77777777777777
1782181469.0788531,506,499,1,1,8,99.29762308314315,29375,100.0,60.0,450,98.22222222222223
1782181469.1792073,506,501,1,1,10,99.29762308314315,29375,100.0,60.0,450,97.77777777777777
1782181469.2795405,506,500,1,1,9,99.29762308314315,29375,100.0,60.0,450,98.0
1782181469.3789139,506,500,1,1,9,99.29762308314315,29375,100.0,60.0,450,98.0
1782181469.4792802,505,500,2,2,9,99.2819780257154,29375,100.0,60.0,450,98.0
1782181469.5795906,507,499,0,0,8,99.29762308314315,29375,100.0,60.0,450,98.22222222222223
1782181469.678886,506,500,1,1,9,99.3325005201833,29375,100.0,60.0,450,98.0
1782181469.7792509,506,499,1,1,8,99.3325005201833,29375,100.0,60.0,450,98.22222222222223
1782181469.8795998,507,500,0,0,9,99.32013073152096,29375,100.0,60.0,450,98.0
1782181469.9790063,506,500,1,1,9,99.32013073152096,29375,100.0,60.0,450,98.0
1782181470.0792677,505,499,2,2,8,99.2843029815472,29375,100.0,60.0,450,98.22222222222223
1782181470.1795819,507,500,0,0,9,99.2843029815472,29375,100.0,60.0,450,98.0
1782181470.2789595,506,500,1,1,9,99.29762308314315,29375,100.0,60.0,450,98.0
1782181470.3793535,504,501,3,3,10,99.2104853811782,29375,100.0,60.0,450,97.77777777777777
1782181470.4786956,506,499,1,1,8,99.22827753981399,29375,100.0,60.0,450,98.22222222222223
1782181470.5790205,505,500,2,2,9,99.20487597054156,29375,100.0,60.0,450,98.0
1782181470.679349,507,500,0,0,9,99.20487597054156,29375,100.0,60.0,450,98.0
1782181470.7786021,506,500,1,1,9,99.20487597054156,29375,100.0,60.0,450,98.0
1782181470.8789456,507,501,0,0,10,99.18622962561776,29375,100.0,60.0,450,97.77777777777777
1782181470.979392,508,500,1,1,9,99.20487597054156,29375,100.0,60.0,450,98.0
1782181471.0786717,506,500,1,1,9,99.22540333075851,29375,100.0,60.0,450,98.0
1782181471.178966,507,500,0,0,9,99.20487597054156,29375,100.0,60.0,450,98.0
1782181471.2793725,506,500,1,1,9,99.22540333075851,29375,100.0,60.0,450,98.0
1782181471.3786569,507,501,0,0,10,99.20487597054156,29375,100.0,60.0,450,97.77777777777777
1782181471.4790745,507,500,0,0,9,99.20487597054156,29375,100.0,60.0,450,98.0
1782181471.5794075,506,500,1,1,9,99.22540333075851,29375,100.0,60.0,450,98.0
1782181471.6786864,507,500,0,0,9,99.22827753981399,29375,100.0,60.0,450,98.0
1782181471.7789898,506,500,1,1,9,99.22827753981399,29375,100.0,60.0,450,98.0
1782181471.8794038,507,499,0,0,8,99.23696512384936,29375,100.0,60.0,450,98.22222222222223
1782181471.9786859,507,500,0,0,9,99.25166852264522,29375,100.0,60.0,450,98.0
1782181472.0790904,507,500,0,0,9,99.23915251929911,29375,100.0,60.0,450,98.0
1782181472.1794164,507,500,0,0,9,99.22827753981399,29375,100.0,60.0,450,98.0
1782181472.278728,507,501,0,0,10,99.21897503240933,29375,100.0,60.0,450,97.77777777777777
1782181472.37906,506,500,1,1,9,99.21897503240933,29375,100.0,60.0,450,98.0
1782181472.4794736,507,500,0,0,9,99.24796572182143,29375,100.0,60.0,450,98.0
1782181472.5787652,507,500,0,0,9,99.24796572182143,29375,100.0,60.0,450,98.0
1782181472.679078,504,501,3,3,10,99.13783218957482,29375,100.0,60.0,450,97.77777777777777
1782181472.8787515,507,500,0,0,9,99.13077301263965,29375,100.0,60.0,450,98.0
1782181472.979129,507,500,0,0,9,99.13077301263965,29375,100.0,60.0,450,98.0
1782181473.0794156,507,500,0,0,9,99.12503968343955,29375,100.0,60.0,450,98.0
1782181473.1787708,506,500,1,1,9,99.15936531913877,29375,100.0,60.0,450,98.0
1782181473.2791321,505,500,2,2,9,99.13077301263965,29375,100.0,60.0,450,98.0
1782181473.379457,507,501,0,0,10,99.12503968343955,29375,100.0,60.0,450,97.77777777777777
1782181473.4787848,507,499,0,0,8,99.23696512384936,29375,100.0,60.0,450,98.22222222222223
1782181473.5791433,507,500,0,0,9,99.23623738417403,29375,100.0,60.0,450,98.0
1782181473.6784735,505,501,2,2,10,99.23623738417403,29375,100.0,60.0,450,97.77777777777777
1782181473.7787921,507,501,0,0,10,99.23623738417403,29375,100.0,60.0,450,97.77777777777777
1782181473.879124,507,500,0,0,9,99.23696512384936,29375,100.0,60.0,450,98.0
1782181473.9785101,506,500,1,1,9,99.23623738417403,29375,100.0,60.0,450,98.0
1782181474.078849,506,500,1,1,9,99.23623738417403,29375,100.0,60.0,450,98.0
1782181474.1791923,507,501,0,0,10,99.23696512384936,29375,100.0,60.0,450,97.77777777777777
1782181474.278485,506,500,1,1,9,99.23623738417403,29375,100.0,60.0,450,98.0
1782181474.3788545,506,500,1,1,9,99.23623738417403,29375,100.0,60.0,450,98.0
1782181474.4791906,506,500,1,1,9,99.23696512384936,29375,100.0,60.0,450,98.0
1782181474.5785213,507,501,0,0,10,99.23696512384936,29375,100.0,60.0,450,97.77777777777777
1782181474.678854,506,500,1,1,9,99.23696512384936,29375,100.0,60.0,450,98.0
1782181474.7794406,506,500,1,1,9,99.23915251929911,29375,100.0,60.0,450,98.0
1782181474.878754,507,501,0,0,10,99.23696512384936,29375,100.0,60.0,450,97.77777777777777
1782181474.97935,507,500,0,0,9,99.23696512384936,29375,100.0,60.0,450,98.0
1782181475.0792174,506,500,1,1,9,99.23915251929911,29375,100.0,60.0,450,98.0
1782181475.1785128,507,500,0,0,9,99.23915251929911,29375,100.0,60.0,450,98.0
1782181475.2789254,506,500,1,1,9,99.24281222055997,29375,100.0,60.0,450,98.0
1782181475.3792942,506,501,1,1,10,99.24796572182143,29375,100.0,60.0,450,97.77777777777777
1782181475.478626,507,500,0,0,9,99.24281222055997,29375,100.0,60.0,450,98.0
1782181475.5789146,506,500,1,1,9,99.24796572182143,29375,100.0,60.0,450,98.0
1782181475.679233,507,500,0,0,9,99.24796572182143,29375,100.0,60.0,450,98.0
1782181475.7785244,506,500,1,1,9,99.38446048957935,29375,100.0,60.0,450,98.0
1782181475.8789937,505,499,2,2,8,99.34256390255614,29375,100.0,60.0,450,98.22222222222223
1782181475.9793742,505,500,2,2,9,99.30958949409306,29375,100.0,60.0,450,98.0
1782181476.0786874,507,500,0,0,9,99.30958949409306,29375,100.0,60.0,450,98.0
1782181476.178929,507,500,0,0,9,99.30079410121989,29375,100.0,60.0,450,98.0
1782181476.2794094,508,500,1,1,9,99.34256390255614,29375,100.0,60.0,450,98.0
1782181476.3787074,506,499,1,1,8,99.35021371034607,29375,100.0,60.0,450,98.22222222222223
1782181476.4790072,506,500,1,1,9,99.35968757625672,29375,100.0,60.0,450,98.0
1782181476.579367,507,500,0,0,9,99.35968757625672,29375,100.0,60.0,450,98.0
1782181476.6786268,506,500,1,1,9,99.40371520600006,29375,100.0,60.0,450,98.0
1782181476.7789762,505,499,2,2,8,99.37106792452956,29375,100.0,60.0,450,98.22222222222223
1782181476.8784077,507,500,0,0,9,99.37106792452956,29375,100.0,60.0,450,98.0
1782181476.978677,507,500,0,0,9,99.35968757625672,29375,100.0,60.0,450,98.0
1782181477.079041,505,501,2,2,10,99.32013073152096,29375,100.0,60.0,450,97.77777777777777
1782181477.178416,505,500,2,2,9,99.29762308314315,29375,100.0,60.0,450,98.0
1782181477.278645,507,501,0,0,10,99.2843029815472,29375,100.0,60.0,450,97.77777777777777
1782181477.3790307,506,500,1,1,9,99.2843029815472,29375,100.0,60.0,450,98.0
1782181477.4784307,506,500,1,1,9,99.2843029815472,29375,100.0,60.0,450,98.0
1782181477.578728,508,500,1,1,9,99.29762308314315,29375,100.0,60.0,450,98.0
1782181477.679104,506,500,1,1,9,99.29762308314315,29375,100.0,60.0,450,98.0
1782181477.778406,507,501,0,0,10,99.2843029815472,29375,100.0,60.0,450,97.77777777777777
1782181477.8786755,506,499,1,1,8,99.29762308314315,29375,100.0,60.0,450,98.22222222222223
1782181477.9790652,506,500,1,1,9,99.31281572906373,29375,100.0,60.0,450,98.0
1782181478.0784442,507,500,0,0,9,99.29762308314315,29375,100.0,60.0,450,98.0
1782181478.1789525,506,501,1,1,10,99.31281572906373,29375,100.0,60.0,450,97.77777777777777
1782181478.2792366,507,500,0,0,9,99.29762308314315,29375,100.0,60.0,450,98.0
1782181478.3786325,507,500,0,0,9,99.2843029815472,29375,100.0,60.0,450,98.0
1782181478.4787714,507,499,0,0,8,99.2843029815472,29375,100.0,60.0,450,98.22222222222223
1782181478.5791147,508,501,1,1,10,99.2843029815472,29375,100.0,60.0,450,97.77777777777777
1782181478.6783957,505,499,2,2,8,99.26590948181516,29375,100.0,60.0,450,98.22222222222223
1782181478.7787838,506,500,1,1,9,99.26590948181516,29375,100.0,60.0,450,98.0
1782181478.8791049,506,502,1,1,11,99.29762308314315,29375,100.0,60.0,450,97.55555555555556
1782181478.9786406,507,500,0,0,9,99.32013073152096,29375,100.0,60.0,450,98.0
1782181479.0788362,507,499,0,0,8,99.32013073152096,29375,100.0,60.0,450,98.22222222222223
1782181479.1791258,507,500,0,0,9,99.32013073152096,29375,100.0,60.0,450,98.0
1782181479.2783844,506,499,1,1,8,99.32013073152096,29375,100.0,60.0,450,98.22222222222223
1782181479.3788354,506,500,1,1,9,99.32013073152096,29375,100.0,60.0,450,98.0
1782181479.4791732,507,500,0,0,9,99.30958949409306,29375,100.0,60.0,450,98.0
1782181479.578486,506,499,1,1,8,99.32013073152096,29375,100.0,60.0,450,98.22222222222223
1782181479.6792116,506,500,1,1,9,99.32013073152096,29375,100.0,60.0,450,98.0
1782181479.779537,507,499,0,0,8,99.35021371034607,29375,100.0,60.0,450,98.22222222222223
1782181479.87855,508,500,1,1,9,99.35968757625672,29375,100.0,60.0,450,98.0
1782181479.978835,507,501,0,0,10,99.35968757625672,29375,100.0,60.0,450,97.77777777777777
1782181480.0782235,505,500,2,2,9,99.35968757625672,29375,100.0,60.0,450,98.0
1782181480.1784785,506,500,1,1,9,99.40371520600006,29375,100.0,60.0,450,98.0
1782181480.278845,506,500,1,1,9,99.41405347229177,29375,100.0,60.0,450,98.0
1782181480.3781607,507,499,0,0,8,99.40371520600006,29375,100.0,60.0,450,98.22222222222223
1782181480.4786513,507,500,0,0,9,99.39538809509277,29375,100.0,60.0,450,98.0
1782181480.578909,506,500,1,1,9,99.39538809509277,29375,100.0,60.0,450,98.0
1782181480.6781757,506,500,1,1,9,99.39538809509277,29375,100.0,60.0,450,98.0
1782181480.7785106,506,501,1,1,10,99.40371520600006,29375,100.0,60.0,450,97.77777777777777
1782181480.8788743,507,500,0,0,9,99.39538809509277,29375,100.0,60.0,450,98.0
1782181480.9782398,507,499,0,0,8,99.38898990733922,29375,100.0,60.0,450,98.22222222222223
1782181481.0785923,507,500,0,0,9,99.38898990733922,29375,100.0,60.0,450,98.0
1782181481.1788874,506,501,1,1,10,99.38898990733922,29375,100.0,60.0,450,97.77777777777777
1782181481.2782164,505,500,2,2,9,99.35021371034607,29375,100.0,60.0,450,98.0
1782181481.3785808,506,501,1,1,10,99.35968757625672,29375,100.0,60.0,450,97.77777777777777
1782181481.4789407,506,500,1,1,9,99.37106792452956,29375,100.0,60.0,450,98.0
1782181481.5783124,507,500,0,0,9,99.35968757625672,29375,100.0,60.0,450,98.0
1782181481.6785738,507,500,0,0,9,99.39538809509277,29375,100.0,60.0,450,98.0
1782181481.7788925,506,500,1,1,9,99.39538809509277,29375,100.0,60.0,450,98.0
1782181481.878241,505,500,2,2,9,99.35021371034607,29375,100.0,60.0,450,98.0
1782181481.9786613,506,500,1,1,9,99.35968757625672,29375,100.0,60.0,450,98.0
1782181482.0789254,507,500,0,0,9,99.35968757625672,29375,100.0,60.0,450,98.0
1782181482.1783407,506,500,1,1,9,99.37106792452956,29375,100.0,60.0,450,98.0
1782181482.2786174,506,501,1,1,10,99.37106792452956,29375,100.0,60.0,450,97.77777777777777
1782181482.3789737,507,500,0,0,9,99.35968757625672,29375,100.0,60.0,450,98.0
1782181482.4782927,506,500,1,1,9,99.37106792452956,29375,100.0,60.0,450,98.0
1782181482.5786462,506,500,1,1,9,99.37106792452956,29375,100.0,60.0,450,98.0
1782181482.678949,505,500,2,2,9,99.3325005201833,29375,100.0,60.0,450,98.0
1782181482.7783332,506,500,1,1,9,99.34680273525782,29375,100.0,60.0,450,98.0
1782181482.8786259,507,500,0,0,9,99.3325005201833,29375,100.0,60.0,450,98.0
1782181482.9790363,507,499,0,0,8,99.3325005201833,29375,100.0,60.0,450,98.22222222222223
1782181483.0784347,508,501,1,1,10,99.37106792452956,29375,100.0,60.0,450,97.77777777777777
1782181483.1787093,506,499,1,1,8,99.37106792452956,29375,100.0,60.0,450,98.22222222222223
1782181483.278024,506,500,1,1,9,99.37106792452956,29375,100.0,60.0,450,98.0
1782181483.3783865,507,499,0,0,8,99.37106792452956,29375,100.0,60.0,450,98.22222222222223
1782181483.478691,506,500,1,1,9,99.38446048957935,29375,100.0,60.0,450,98.0
1782181483.5780995,506,500,1,1,9,99.38446048957935,29375,100.0,60.0,450,98.0
1782181483.678418,506,501,1,1,10,99.38446048957935,29375,100.0,60.0,450,97.77777777777777
1782181483.7786841,506,500,1,1,9,99.38446048957935,29375,100.0,60.0,450,98.0
1782181483.8780415,507,500,0,0,9,99.38446048957935,29375,100.0,60.0,450,98.0
1782181483.9784393,506,500,1,1,9,99.4,29375,100.0,60.0,450,98.0
1782181484.0788076,506,500,1,1,9,99.41785836011424,29375,100.0,60.0,450,98.0
1782181484.1781614,507,500,0,0,9,99.4,29375,100.0,60.0,450,98.0
1782181484.2787802,508,499,1,1,8,99.44123151285866,29375,100.0,60.0,450,98.22222222222223
1782181484.3786986,506,500,1,1,9,99.44123151285866,29375,100.0,60.0,450,98.0
1782181484.4780786,506,500,1,1,9,99.44123151285866,29375,100.0,60.0,450,98.0
1782181484.5784497,507,501,0,0,10,99.44123151285866,29375,100.0,60.0,450,97.77777777777777
1782181484.6787257,507,500,0,0,9,99.44123151285866,29375,100.0,60.0,450,98.0
1782181484.778046,507,501,0,0,10,99.42651164886382,29375,100.0,60.0,450,97.77777777777777
1782181484.8783906,507,500,0,0,9,99.46251615011343,29375,100.0,60.0,450,98.0
1782181484.9788036,508,499,1,1,8,99.46251615011343,29375,100.0,60.0,450,98.22222222222223
1782181485.0781405,505,502,2,2,11,99.42651164886382,29375,100.0,60.0,450,97.55555555555556
1782181485.1784067,507,500,0,0,9,99.41405347229177,29375,100.0,60.0,450,98.0
1782181485.279193,508,500,1,1,9,99.41405347229177,29375,100.0,60.0,450,98.0
1782181485.3784904,507,512,0,0,21,99.41405347229177,29375,100.0,60.0,450,95.33333333333334
1782181485.478481,504,501,3,3,10,99.2843029815472,29375,100.0,60.0,450,97.77777777777777
1782181485.5788748,500,499,7,7,8,98.67125790480036,29375,100.0,60.0,450,98.22222222222223
1782181485.6781225,506,500,1,1,9,98.68512780511226,29375,100.0,60.0,450,98.0
1782181485.778476,506,500,1,1,9,98.68512780511226,29375,100.0,60.0,450,98.0
1782181485.8788269,504,501,3,3,10,98.64640396638353,29375,100.0,60.0,450,97.77777777777777
1782181485.9781938,507,503,0,0,12,98.64640396638353,29375,100.0,60.0,450,97.33333333333334
1782181486.0785213,506,500,1,1,9,98.64640396638353,29375,100.0,60.0,450,98.0
1782181486.1792557,505,500,2,2,9,98.63536736730275,29375,100.0,60.0,450,98.0
1782181486.2781372,507,500,0,0,9,98.62199822609371,29375,100.0,60.0,450,98.0
1782181486.3785229,507,501,0,0,10,98.62199822609371,29375,100.0,60.0,450,97.77777777777777
1782181486.477928,506,507,1,1,16,98.62199822609371,29375,100.0,60.0,450,96.44444444444444
1782181486.5781944,505,500,2,2,9,98.6111555562667,29375,100.0,60.0,450,98.0
1782181486.6785936,506,500,1,1,9,98.6111555562667,29375,100.0,60.0,450,98.0
1782181486.7778132,506,500,1,1,9,98.6111555562667,29375,100.0,60.0,450,98.0
1782181486.8781617,505,501,2,2,10,98.61596403386488,29375,100.0,60.0,450,97.77777777777777
1782181486.978657,506,500,1,1,9,98.61596403386488,29375,100.0,60.0,450,98.0
1782181487.0779715,506,500,1,1,9,98.61596403386488,29375,100.0,60.0,450,98.0
1782181487.1781728,507,500,0,0,9,98.61596403386488,29375,100.0,60.0,450,98.0
1782181487.2789662,506,505,1,1,14,98.61596403386488,29375,100.0,60.0,450,96.88888888888889
1782181487.3779895,507,500,0,0,9,98.60119098277617,29375,100.0,60.0,450,98.0
1782181487.478266,507,495,0,0,4,98.5873586599722,29375,100.0,60.0,450,99.11111111111111
1782181487.5786192,506,498,1,1,7,98.60119098277617,29375,100.0,60.0,450,98.44444444444444
1782181487.6779263,507,501,0,0,10,98.60119098277617,29375,100.0,60.0,450,97.77777777777777
1782181487.7782035,506,501,1,1,10,98.61596403386488,29375,100.0,60.0,450,97.77777777777777
1782181487.878612,505,500,2,2,9,98.6240155039633,29375,100.0,60.0,450,98.0
1782181487.9779942,506,501,1,1,10,98.6240155039633,29375,100.0,60.0,450,97.77777777777777
1782181488.0783424,506,500,1,1,9,98.63170828321508,29375,100.0,60.0,450,98.0
1782181488.1786182,507,500,0,0,9,98.63170828321508,29375,100.0,60.0,450,98.0
1782181488.2778971,508,496,1,1,5,98.63170828321508,29375,100.0,60.0,450,98.88888888888889
1782181488.378313,506,500,1,1,9,98.64845767115244,29375,100.0,60.0,450,98.0
1782181488.4786716,506,500,1,1,9,98.69020781970744,29375,100.0,60.0,450,98.0
1782181488.5780241,507,500,0,0,9,99.25389902381335,29375,100.0,60.0,450,98.0
1782181488.6783648,506,500,1,1,9,99.25389902381335,29375,100.0,60.0,450,98.0
1782181488.7786584,506,500,1,1,9,99.25389902381335,29375,100.0,60.0,450,98.0
1782181488.9784172,506,499,1,1,8,99.36316756084857,29375,100.0,60.0,450,98.22222222222223
1782181489.0787094,507,500,0,0,9,99.36316756084857,29375,100.0,60.0,450,98.0
1782181489.1779914,507,500,0,0,9,99.34680273525782,29375,100.0,60.0,450,98.0
1782181489.2783847,507,500,0,0,9,99.37106792452956,29375,100.0,60.0,450,98.0
1782181489.3786588,506,501,1,1,10,99.38446048957935,29375,100.0,60.0,450,97.77777777777777
1782181489.4780521,507,500,0,0,9,99.38446048957935,29375,100.0,60.0,450,98.0
1782181489.6777074,506,499,1,1,8,99.38446048957935,29375,100.0,60.0,450,98.22222222222223
1782181489.778027,507,500,0,0,9,99.41405347229177,29375,100.0,60.0,450,98.0
1782181489.8784225,507,500,0,0,9,99.40371520600006,29375,100.0,60.0,450,98.0
1782181489.9778821,507,500,0,0,9,99.39538809509277,29375,100.0,60.0,450,98.0
1782181490.0781033,506,500,1,1,9,99.44622507580546,29375,100.0,60.0,450,98.0
1782181490.1784377,506,500,1,1,9,99.44622507580546,29375,100.0,60.0,450,98.0
1782181490.277681,507,500,0,0,9,99.44123151285866,29375,100.0,60.0,450,98.0
1782181490.378107,506,500,1,1,9,99.44622507580546,29375,100.0,60.0,450,98.0
1782181490.4784644,507,500,0,0,9,99.44123151285866,29375,100.0,60.0,450,98.0
1782181490.5777266,507,500,0,0,9,99.44123151285866,29375,100.0,60.0,450,98.0
1782181490.678126,507,500,0,0,9,99.44123151285866,29375,100.0,60.0,450,98.0
1782181490.7784498,507,499,0,0,8,99.43825668178825,29375,100.0,60.0,450,98.22222222222223
1782181490.8778262,506,500,1,1,9,99.44123151285866,29375,100.0,60.0,450,98.0
1782181490.9781027,507,499,0,0,8,99.43825668178825,29375,100.0,60.0,450,98.22222222222223
1782181491.0784771,507,500,0,0,9,99.50111234843014,29375,100.0,60.0,450,98.0
1782181491.1777973,506,500,1,1,9,99.50111234843014,29375,100.0,60.0,450,98.0
1782181491.278133,507,500,0,0,9,99.50446437508938,29375,100.0,60.0,450,98.0
1782181491.378468,506,500,1,1,9,99.50111234843014,29375,100.0,60.0,450,98.0
1782181491.4779036,507,500,0,0,9,99.50446437508938,29375,100.0,60.0,450,98.0
1782181491.5781431,507,500,0,0,9,99.51010205144337,29375,100.0,60.0,450,98.0
1782181491.678545,507,500,0,0,9,99.5181055901733,29375,100.0,60.0,450,98.0
1782181491.7778206,507,500,0,0,9,99.5181055901733,29375,100.0,60.0,450,98.0
1782181491.8782516,506,500,1,1,9,99.5181055901733,29375,100.0,60.0,450,98.0
1782181491.97854,505,500,2,2,9,99.44622507580546,29375,100.0,60.0,450,98.0
1782181492.0778427,507,500,0,0,9,99.45329268443811,29375,100.0,60.0,450,98.0
1782181492.1781907,507,501,0,0,10,99.45329268443811,29375,100.0,60.0,450,97.77777777777777
1782181492.2798352,506,500,1,1,9,99.44622507580546,29375,100.0,60.0,450,98.0
1782181492.3779016,506,499,1,1,8,99.44123151285866,29375,100.0,60.0,450,98.22222222222223
1782181492.4782205,508,499,1,1,8,99.44123151285866,29375,100.0,60.0,450,98.22222222222223
1782181492.5785792,507,499,0,0,8,99.44123151285866,29375,100.0,60.0,450,98.22222222222223
1782181492.6779244,507,500,0,0,9,99.44622507580546,29375,100.0,60.0,450,98.0
1782181492.7782636,506,500,1,1,9,99.44123151285866,29375,100.0,60.0,450,98.0
1782181492.8775592,507,500,0,0,9,99.44123151285866,29375,100.0,60.0,450,98.0
1782181492.9778795,506,501,1,1,10,99.43825668178825,29375,100.0,60.0,450,97.77777777777777
1782181493.0782342,507,499,0,0,8,99.44123151285866,29375,100.0,60.0,450,98.22222222222223
1782181493.1775684,507,500,0,0,9,99.44622507580546,29375,100.0,60.0,450,98.0
1782181493.2778797,57,500,450,450,9,19.29494026601141,8616,260.0,156.0,450,98.0
1782181493.378259,507,499,0,0,8,19.288793288113396,29375,100.0,60.0,450,98.22222222222223
1782181493.4775474,506,501,1,1,10,19.29494026601141,29375,100.0,60.0,450,97.77777777777777
1782181493.5778995,506,500,1,1,9,19.30110148073753,29375,100.0,60.0,450,98.0
1782181493.6782143,507,501,0,0,10,19.30110148073753,29375,100.0,60.0,450,97.77777777777777
1782181493.777562,506,500,1,1,9,19.307276935552878,29375,100.0,60.0,450,98.0
1782181493.8779292,506,499,1,1,8,19.307276935552878,29375,100.0,60.0,450,98.22222222222223
1782181493.978337,506,500,1,1,9,19.313466633727117,29375,100.0,60.0,450,98.0
1782181494.0775926,507,500,0,0,9,19.313466633727117,29375,100.0,60.0,450,98.0
1782181494.1779766,507,500,0,0,9,19.307276935552878,29375,100.0,60.0,450,98.0
1782181494.2783906,506,499,1,1,8,19.313466633727117,29375,100.0,60.0,450,98.22222222222223
1782181494.3775902,506,500,1,1,9,19.313466633727117,29375,100.0,60.0,450,98.0
1782181494.4779787,506,499,1,1,8,19.319670578538435,29375,100.0,60.0,450,98.22222222222223
1782181494.5783243,507,500,0,0,9,19.319670578538435,29375,100.0,60.0,450,98.0
1782181494.777988,506,500,1,1,9,19.325888773273604,29375,100.0,60.0,450,98.0
1782181494.8783486,506,500,1,1,9,19.332121221227922,29375,100.0,60.0,450,98.0
1782181494.977629,507,501,0,0,10,19.325888773273604,29375,100.0,60.0,450,97.77777777777777
1782181495.077947,507,501,0,0,10,19.31387975618111,29375,100.0,60.0,450,97.77777777777777
1782181495.1784005,507,500,0,0,9,19.31387975618111,29375,100.0,60.0,450,98.0
1782181495.277925,505,500,2,2,9,19.325888773273604,29375,100.0,60.0,450,98.0
1782181495.377994,505,499,2,2,8,19.33170800535484,29375,100.0,60.0,450,98.22222222222223
1782181495.4786212,506,499,1,1,8,19.33170800535484,29375,100.0,60.0,450,98.22222222222223
1782181495.5778198,507,500,0,0,9,19.32547558932319,29375,100.0,60.0,450,98.0
1782181495.6782198,507,500,0,0,9,19.32547558932319,29375,100.0,60.0,450,98.0
1782181495.7785368,507,500,0,0,9,19.32547558932319,29375,100.0,60.0,450,98.0
1782181495.8778825,506,500,1,1,9,19.32547558932319,29375,100.0,60.0,450,98.0
1782181495.978009,507,499,0,0,8,19.32547558932319,29375,100.0,60.0,450,98.22222222222223
1782181496.077544,506,501,1,1,10,19.32547558932319,29375,100.0,60.0,450,97.77777777777777
1782181496.177686,506,501,1,1,10,19.33170800535484,29375,100.0,60.0,450,97.77777777777777
1782181496.2784145,506,500,1,1,9,19.33795467783156,29375,100.0,60.0,450,98.0
1782181496.3774312,507,500,0,0,9,99.39538809509277,29375,100.0,60.0,450,98.0
1782181496.4777725,507,500,0,0,9,99.39538809509277,29375,100.0,60.0,450,98.0
1782181496.5781755,507,500,0,0,9,99.38898990733922,29375,100.0,60.0,450,98.0
1782181496.6773639,507,500,0,0,9,99.38446048957935,29375,100.0,60.0,450,98.0
1782181496.778201,506,500,1,1,9,99.38898990733922,29375,100.0,60.0,450,98.0
1782181496.878193,506,500,1,1,9,99.38898990733922,29375,100.0,60.0,450,98.0
1782181496.977441,507,499,0,0,8,99.38446048957935,29375,100.0,60.0,450,98.22222222222223
1782181497.0778217,507,499,0,0,8,99.38175876696695,29375,100.0,60.0,450,98.22222222222223
1782181497.178101,506,500,1,1,9,99.38446048957935,29375,100.0,60.0,450,98.0
1782181497.2774987,507,500,0,0,9,99.38446048957935,29375,100.0,60.0,450,98.0
1782181497.3778322,507,501,0,0,10,99.38175876696695,29375,100.0,60.0,450,97.77777777777777
1782181497.4780886,507,500,0,0,9,99.38086081263312,29375,100.0,60.0,450,98.0
1782181497.5775518,506,500,1,1,9,99.38086081263312,29375,100.0,60.0,450,98.0
1782181497.6778548,505,501,2,2,10,99.3325005201833,29375,100.0,60.0,450,97.77777777777777
1782181497.7782762,516,500,9,9,9,98.34504112169247,29375,100.0,60.0,450,98.0
1782181497.8775415,506,499,1,1,8,98.34504112169247,29375,100.0,60.0,450,98.22222222222223
1782181497.9778514,505,500,2,2,9,98.33967874594504,29375,100.0,60.0,450,98.0
1782181498.0782697,506,500,1,1,9,98.34806510755149,29375,100.0,60.0,450,98.0
1782181498.177511,507,500,0,0,9,98.34806510755149,29375,100.0,60.0,450,98.0
1782181498.2779136,506,497,1,1,6,98.35987805331433,29375,100.0,60.0,450,98.66666666666667
1782181498.3782473,507,500,0,0,9,98.36530668863477,29375,100.0,60.0,450,98.0
1782181498.4775054,507,501,0,0,10,98.35886218332118,29375,100.0,60.0,450,97.77777777777777
1782181498.5779128,506,499,1,1,8,98.36530668863477,29375,100.0,60.0,450,98.22222222222223
1782181498.678232,507,499,0,0,8,98.36530668863477,29375,100.0,60.0,450,98.22222222222223
1782181498.7775507,507,500,0,0,9,98.36530668863477,29375,100.0,60.0,450,98.0
1782181498.8779113,506,499,1,1,8,98.36530668863477,29375,100.0,60.0,450,98.22222222222223
1782181498.9782655,507,504,0,0,13,98.36530668863477,29375,100.0,60.0,450,97.11111111111111
1782181499.0775921,507,500,0,0,9,98.35886218332118,29375,100.0,60.0,450,98.0
1782181499.1779122,6,502,501,501,11,10.195125101386864,7739,260.0,156.0,450,97.55555555555556
1782181499.277289,506,500,1,1,9,10.195125101386864,29375,100.0,60.0,450,98.0
1782181499.3775675,507,500,0,0,9,10.195125101386864,29375,100.0,60.0,450,98.0
1782181499.477903,506,501,1,1,10,10.201429113079229,29375,100.0,60.0,450,97.77777777777777
1782181499.5772877,506,500,1,1,9,10.207745941596443,29375,100.0,60.0,450,98.0
1782181499.677636,507,500,0,0,9,10.207745941596443,29375,100.0,60.0,450,98.0
1782181499.7783365,507,500,0,0,9,10.201429113079229,29375,100.0,60.0,450,98.0
1782181499.8772657,506,500,1,1,9,10.201429113079229,29375,100.0,60.0,450,98.0
1782181499.9779263,507,500,0,0,9,10.201429113079229,29375,100.0,60.0,450,98.0
1782181500.078375,507,499,0,0,8,10.201429113079229,29375,100.0,60.0,450,98.22222222222223
1782181500.177321,506,501,1,1,10,10.201429113079229,29375,100.0,60.0,450,97.77777777777777
1782181500.277845,507,501,0,0,10,10.201429113079229,29375,100.0,60.0,450,97.77777777777777
1782181500.378188,506,500,1,1,9,10.207745941596443,29375,100.0,60.0,450,98.0
1782181500.4773586,507,500,0,0,9,10.207745941596443,29375,100.0,60.0,450,98.0
1782181500.5777376,506,500,1,1,9,10.207745941596443,29375,100.0,60.0,450,98.0
1782181500.6779742,506,500,1,1,9,10.2018003150026,29375,100.0,60.0,450,98.0
1782181500.7774572,506,500,1,1,9,10.165083501890976,29375,100.0,60.0,450,98.0
1782181500.8777194,506,499,1,1,8,10.165083501890976,29375,100.0,60.0,450,98.22222222222223
1782181500.977984,506,501,1,1,10,10.159252006675729,29375,100.0,60.0,450,97.77777777777777
1782181501.0774462,506,99,1,1,392,10.159252006675729,29375,100.0,60.0,450,12.88888888888889
1782181501.1778903,506,500,1,1,9,10.165454553632017,29375,100.0,60.0,450,98.0
1782181501.2782233,507,500,0,0,9,10.159252006675729,29375,100.0,60.0,450,98.0
1782181501.3775275,507,500,0,0,9,10.159252006675729,29375,100.0,60.0,450,98.0
1782181501.4778297,506,500,1,1,9,10.165454553632017,29375,100.0,60.0,450,98.0
1782181501.5782628,506,500,1,1,9,10.165454553632017,29375,100.0,60.0,450,98.0
1782181501.6775084,505,501,2,2,10,10.177526939709196,29375,100.0,60.0,450,97.77777777777777
1782181501.7783492,505,500,2,2,9,10.18965043554897,29375,100.0,60.0,450,98.0
1782181501.8784177,506,501,1,1,10,10.18965043554897,29375,100.0,60.0,450,97.77777777777777
1782181501.9775186,505,500,2,2,9,10.201825061852048,29375,100.0,60.0,450,98.0
1782181502.077686,506,500,1,1,9,10.208117169633738,29375,100.0,60.0,450,98.0
1782181502.1782682,507,500,0,0,9,99.38446048957935,29375,100.0,60.0,450,98.0
1782181502.2776203,506,501,1,1,10,99.38446048957935,29375,100.0,60.0,450,97.77777777777777
1782181502.3777773,507,500,0,0,9,99.38446048957935,29375,100.0,60.0,450,98.0
1782181502.4771104,506,501,1,1,10,99.38446048957935,29375,100.0,60.0,450,97.77777777777777
1782181502.5774245,507,500,0,0,9,99.37106792452956,29375,100.0,60.0,450,98.0
1782181502.6777375,507,499,0,0,8,99.37106792452956,29375,100.0,60.0,450,98.22222222222223
1782181502.7771013,506,499,1,1,8,99.38446048957935,29375,100.0,60.0,450,98.22222222222223
1782181502.877468,507,500,0,0,9,99.37106792452956,29375,100.0,60.0,450,98.0
1782181502.9778574,505,500,2,2,9,99.34680273525782,29375,100.0,60.0,450,98.0
1782181503.0773613,506,499,1,1,8,99.36316756084857,29375,100.0,60.0,450,98.22222222222223
1782181503.1774657,506,500,1,1,9,99.36316756084857,29375,100.0,60.0,450,98.0
1782181503.2778008,507,501,0,0,10,99.36316756084857,29375,100.0,60.0,450,97.77777777777777
1782181503.3771327,506,500,1,1,9,99.36316756084857,29375,100.0,60.0,450,98.0
1782181503.4776547,507,500,0,0,9,99.36316756084857,29375,100.0,60.0,450,98.0
1782181503.5779,506,500,1,1,9,99.36316756084857,29375,100.0,60.0,450,98.0
1782181503.6771927,507,500,0,0,9,99.34680273525782,29375,100.0,60.0,450,98.0
1782181503.7777803,506,500,1,1,9,99.34680273525782,29375,100.0,60.0,450,98.0
1782181503.8778,507,500,0,0,9,99.3325005201833,29375,100.0,60.0,450,98.0
1782181503.9773045,506,500,1,1,9,99.3325005201833,29375,100.0,60.0,450,98.0
1782181504.0778506,507,501,0,0,10,99.32013073152096,29375,100.0,60.0,450,97.77777777777777
1782181504.1779842,505,501,2,2,10,99.2843029815472,29375,100.0,60.0,450,97.77777777777777
1782181504.2772474,507,500,0,0,9,99.2843029815472,29375,100.0,60.0,450,98.0
1782181504.3776224,506,501,1,1,10,99.29762308314315,29375,100.0,60.0,450,97.77777777777777
1782181504.4778593,506,500,1,1,9,99.29762308314315,29375,100.0,60.0,450,98.0
1782181504.5772474,507,500,0,0,9,99.2843029815472,29375,100.0,60.0,450,98.0
1782181504.6775794,506,500,1,1,9,99.32013073152096,29375,100.0,60.0,450,98.0
1782181504.7778752,506,501,1,1,10,99.35968757625672,29375,100.0,60.0,450,97.77777777777777
1782181504.8771913,506,500,1,1,9,99.35968757625672,29375,100.0,60.0,450,98.0
1782181505.0779684,506,500,1,1,9,99.40371520600006,29375,100.0,60.0,450,98.0
1782181505.177277,507,500,0,0,9,99.39538809509277,29375,100.0,60.0,450,98.0
1782181505.277601,506,501,1,1,10,99.40371520600006,29375,100.0,60.0,450,97.77777777777777
