time,voltage,current,power
0.009,1.337,0.0,0.0
0.113,1.336,0.0,0.0
0.217,1.335,0.0,0.0
0.321,1.334,0.0,0.0
0.425,1.335,0.0,0.0
0.529,1.334,0.0,0.0
0.633,1.337,0.0,0.0
0.738,1.334,0.0,0.0
0.841,1.339,0.0,0.0
0.946,1.335,0.0,0.0
1.049,1.335,0.0,0.0
1.154,1.336,0.0,0.0
1.258,1.333,0.0,0.0
1.361,1.335,0.0,0.0
1.466,1.337,0.0,0.0
1.57,1.34,0.0,0.0
1.674,1.335,0.0,0.0
1.778,1.336,0.0,0.0
1.883,1.335,0.0,0.0
1.986,1.332,0.0,0.0
2.091,1.335,0.0,0.0
2.195,1.335,0.0,0.0
2.298,1.336,0.0,0.0
2.403,1.336,0.0,0.0
2.507,1.335,0.0,0.0
2.611,1.332,0.0,0.0
2.715,1.333,0.0,0.0
2.82,1.332,0.0,0.0
2.923,1.334,0.0,0.0
3.027,1.334,0.0,0.0
3.132,1.335,0.0,0.0
3.235,1.337,0.0,0.0
3.34,1.337,0.0,0.0
3.443,1.338,0.0,0.0
3.548,1.334,0.0,0.0
3.652,1.336,0.0,0.0
3.756,1.336,0.0,0.0
3.86,1.332,0.0,0.0
3.964,1.338,0.0,0.0
4.068,1.336,0.0,0.0
4.172,1.338,0.0,0.0
0.0,1.337,0.0,0.0
0.104,1.33,0.526,0.0
0.208,1.299,0.928,0.0
0.312,1.29,1.338,0.0
0.417,1.29,1.88,0.0
0.521,1.254,1.982,0.0
0.625,1.218,2.592,0.0
0.729,1.244,2.874,0.0
0.833,1.212,3.414,0.0
0.938,1.176,3.632,0.0
1.042,1.174,4.094,0.0
1.147,1.143,4.498,0.0
1.25,1.137,4.612,0.0
1.355,1.162,5.304,0.0
1.459,1.166,4.45,0.0
1.563,1.134,5.458,0.0
1.668,1.135,4.508,0.0
1.772,1.162,5.496,0.0
1.877,1.135,4.532,0.0
1.98,1.131,5.47,0.0
2.085,1.161,4.538,0.0
2.189,1.13,5.458,0.0
2.294,1.157,4.524,0.0
2.398,1.127,4.774,0.0
2.502,1.096,5.588,0.0
2.607,1.13,4.608,0.0
2.71,1.186,5.498,0.0
2.815,1.128,4.532,0.0
2.919,1.156,5.484,0.0
3.024,1.156,4.514,0.0
3.128,1.097,5.486,0.0
3.233,1.128,4.516,0.0
3.337,1.156,5.5,0.0
3.44,1.13,5.22,0.0
3.545,1.157,4.416,0.0
3.649,1.122,5.396,0.0
3.754,1.127,4.532,0.0
3.858,1.124,5.496,0.0
3.963,1.125,4.5,0.0
4.066,1.148,5.496,0.0
4.171,1.152,4.516,0.0
4.275,1.125,5.486,0.0
4.379,1.151,4.524,0.0
4.484,1.123,4.812,0.0
4.588,1.095,5.566,0.0
4.693,1.125,4.576,0.0
4.796,1.176,5.486,0.0
4.901,1.125,4.514,0.0
5.005,1.151,5.488,0.0
5.11,1.15,4.53,0.0
5.214,1.122,5.476,0.0
5.318,1.121,4.542,0.0
5.422,1.094,5.43,0.0
5.526,1.15,5.204,0.0
5.631,1.153,4.408,0.0
5.735,1.122,5.4,0.0
5.84,1.122,4.488,0.0
5.944,1.096,5.446,0.0
6.049,1.121,4.508,0.0
6.152,1.175,5.492,0.0
6.256,1.12,4.536,0.0
6.361,1.145,5.452,0.0
6.465,1.149,4.532,0.0
6.57,1.09,4.804,0.0
6.674,1.12,5.564,0.0
6.778,1.117,4.576,0.0
6.882,1.118,5.472,0.0
6.987,1.13,4.508,0.0
7.091,1.118,5.486,0.0
7.195,1.09,4.544,0.0
7.3,1.117,5.448,0.0
7.404,1.118,4.538,0.0
7.508,1.119,5.456,0.0
7.612,1.146,5.224,0.0
7.717,1.148,4.534,0.0
7.821,1.119,5.32,0.0
7.926,1.119,4.494,0.0
8.03,1.115,5.442,0.0
8.134,1.09,4.466,0.0
8.238,1.146,5.53,0.0
8.342,1.145,4.534,0.0
8.447,1.116,5.5,0.0
8.551,1.143,4.494,0.0
8.656,1.114,5.48,0.0
8.76,1.088,4.536,0.0
8.865,1.112,5.432,0.0
8.968,1.142,4.522,0.0
9.072,1.115,5.498,0.0
9.177,1.14,4.54,0.0
9.281,1.085,5.454,0.0
9.386,1.092,4.508,0.0
9.49,1.114,5.478,0.0
9.594,1.087,5.222,0.0
9.698,1.121,4.39,0.0
9.803,1.143,5.444,0.0
9.907,1.113,4.544,0.0
10.011,1.113,5.432,0.0
10.116,1.089,4.536,0.0
10.22,1.084,5.446,0.0
10.325,1.084,4.538,0.0
10.428,1.084,5.456,0.0
10.533,1.14,4.502,0.0
10.637,1.137,5.494,0.0
10.742,1.141,5.224,0.0
10.846,1.113,4.404,0.0
10.95,1.112,5.39,0.0
11.055,1.111,4.538,0.0
11.159,1.083,5.446,0.0
11.264,1.111,4.506,0.0
11.368,1.084,5.476,0.0
11.473,1.113,4.508,0.0
11.576,1.136,5.498,0.0
11.681,1.14,4.52,0.0
11.785,1.123,4.774,0.0
11.889,1.109,5.598,0.0
11.994,1.11,4.606,0.0
12.098,1.082,5.498,0.0
12.203,1.097,4.532,0.0
12.307,1.083,5.49,0.0
12.412,1.086,4.508,0.0
12.515,1.086,5.48,0.0
12.62,1.14,4.508,0.0
12.724,1.11,5.488,0.0
12.828,1.138,4.524,0.0
12.933,1.11,5.486,0.0
13.037,1.137,4.524,0.0
13.142,1.11,5.502,0.0
13.246,1.107,4.538,0.0
13.351,1.108,5.448,0.0
13.455,1.11,4.52,0.0
13.559,1.117,5.482,0.0
13.663,1.111,4.52,0.0
13.767,1.108,5.47,0.0
13.872,1.137,4.518,0.0
13.976,1.108,4.782,0.0
14.081,1.078,5.588,0.0
14.185,1.109,4.616,0.0
14.29,1.134,5.492,0.0
14.394,1.113,4.522,0.0
14.499,1.107,5.488,0.0
14.602,1.138,4.52,0.0
14.706,1.135,5.498,0.0
14.811,1.11,4.532,0.0
14.915,1.106,5.468,0.0
15.02,1.111,4.522,0.0
15.124,1.08,4.798,0.0
15.229,1.078,5.58,0.0
15.333,1.08,4.616,0.0
15.438,1.08,5.492,0.0
15.541,1.107,4.536,0.0
15.645,1.106,5.448,0.0
15.75,1.135,4.538,0.0
15.854,1.134,5.446,0.0
15.959,1.135,4.514,0.0
16.063,1.132,5.492,0.0
16.168,1.079,4.52,0.0
16.272,1.087,5.486,0.0
16.377,1.08,4.534,0.0
16.481,1.077,5.44,0.0
16.584,1.106,4.536,0.0
16.689,1.104,5.458,0.0
16.793,1.134,4.52,0.0
16.898,1.132,5.5,0.0
17.002,1.133,4.538,0.0
17.107,1.13,5.44,0.0
17.211,1.108,4.528,0.0
17.316,1.105,4.806,0.0
17.42,1.104,5.574,0.0
17.524,1.104,4.572,0.0
17.628,1.116,5.474,0.0
17.732,1.107,4.536,0.0
17.837,1.105,5.446,0.0
17.941,1.134,4.498,0.0
18.046,1.103,5.472,0.0
18.15,1.133,4.51,0.0
18.255,1.127,5.486,0.0
18.359,1.105,5.194,0.0
18.463,1.108,4.44,0.0
18.568,1.105,5.436,0.0
18.671,1.132,4.494,0.0
18.776,1.131,5.492,0.0
18.88,1.107,4.672,0.0
18.985,1.104,5.19,0.0
19.089,1.107,5.086,0.0
19.194,1.079,4.62,0.0
19.298,1.079,5.442,0.0
19.403,1.102,4.516,0.0
19.507,1.079,4.81,0.0
19.61,1.072,5.576,0.0
19.715,1.133,4.564,0.0
19.819,1.129,5.5,0.0
19.924,1.129,4.534,0.0
20.028,1.113,5.446,0.0
20.133,1.133,4.536,0.0
20.237,1.076,5.442,0.0
20.342,1.103,4.536,0.0
20.446,1.073,5.442,0.0
20.55,1.102,5.194,0.0
20.654,1.106,4.458,0.0
20.758,1.129,5.444,0.0
20.863,1.13,4.52,0.0
20.967,1.127,5.49,0.0
21.072,1.132,4.536,0.0
21.176,1.114,5.45,0.0
21.281,1.105,4.592,0.0
21.385,1.1,5.398,0.0
21.489,1.102,5.048,0.0
21.594,1.102,4.598,0.0
21.697,1.102,4.786,0.0
21.802,1.103,5.616,0.0
21.906,1.157,4.568,0.0
22.011,1.153,5.482,0.0
22.115,1.13,4.508,0.0
22.22,1.127,5.498,0.0
22.324,1.099,4.504,0.0
22.428,1.099,5.462,0.0
22.533,1.098,4.552,0.0
22.637,1.099,5.494,0.0
22.741,1.126,5.2,0.0
22.845,1.132,4.446,0.0
22.95,1.111,5.45,0.0
23.054,1.127,4.514,0.0
23.159,1.126,5.5,0.0
23.263,1.085,4.496,0.0
23.367,1.083,5.492,0.0
23.472,1.076,5.138,0.0
23.576,1.101,4.448,0.0
23.681,1.099,5.432,0.0
23.784,1.126,5.196,0.0
23.889,1.128,4.458,0.0
23.993,1.125,5.442,0.0
24.098,1.115,4.498,0.0
24.202,1.125,5.468,0.0
24.306,1.073,4.524,0.0
24.411,1.071,5.484,0.0
24.515,1.071,4.51,0.0
24.62,1.071,5.49,0.0
24.723,1.102,4.518,0.0
24.828,1.095,5.496,0.0
24.932,1.096,5.206,0.0
25.037,1.097,4.416,0.0
25.141,1.109,5.394,0.0
25.245,1.071,5.054,0.0
25.35,1.098,4.498,0.0
25.454,1.072,5.502,0.0
25.559,1.085,4.538,0.0
25.662,1.071,5.464,0.0
25.767,1.126,4.532,0.0
25.871,1.096,5.47,0.0
25.976,1.124,5.224,0.0
26.08,1.126,4.406,0.0
26.184,1.125,5.422,0.0
26.289,1.102,4.496,0.0
26.393,1.096,5.446,0.0
26.498,1.101,4.504,0.0
26.602,1.096,5.47,0.0
26.706,1.126,4.538,0.0
26.81,1.125,5.454,0.0
26.915,1.109,4.5,0.0
27.019,1.121,5.44,0.0
27.123,1.125,4.572,0.0
27.228,1.076,5.484,0.0
27.332,1.097,4.536,0.0
27.437,1.095,5.436,0.0
27.541,1.084,4.506,0.0
27.645,1.068,5.462,0.0
27.749,1.099,4.572,0.0
27.854,1.092,5.462,0.0
27.958,1.124,4.574,0.0
28.062,1.125,4.818,0.0
28.167,1.123,5.566,0.0
28.271,1.099,4.546,0.0
28.376,1.093,5.5,0.0
28.48,1.097,4.506,0.0
28.585,1.093,5.502,0.0
28.688,1.125,4.494,0.0
28.793,1.126,5.476,0.0
28.897,1.097,5.096,0.0
29.001,1.095,4.48,0.0
29.106,1.123,4.75,0.0
29.21,1.09,5.564,0.0
29.315,1.095,4.54,0.0
29.419,1.091,5.498,0.0
29.524,1.095,4.522,0.0
29.627,1.122,5.494,0.0
29.732,1.093,4.53,0.0
29.836,1.093,5.482,0.0
29.94,1.125,4.532,0.0
30.045,1.093,5.482,0.0
30.149,1.124,4.536,0.0
30.254,1.094,5.106,0.0
30.358,1.094,4.708,0.0
30.463,1.119,5.572,0.0
30.567,1.095,4.568,0.0
30.671,1.117,5.49,0.0
30.775,1.124,4.526,0.0
30.879,1.096,5.492,0.0
30.984,1.093,4.532,0.0
31.088,1.09,5.47,0.0
31.193,1.096,4.518,0.0
31.297,1.092,4.796,0.0
31.402,1.077,5.602,0.0
31.506,1.094,4.562,0.0
31.61,1.093,5.498,0.0
31.714,1.092,4.536,0.0
31.819,1.094,5.438,0.0
31.923,1.12,5.04,0.0
32.027,1.097,4.518,0.0
32.132,1.069,5.488,0.0
32.236,1.065,4.534,0.0
32.341,1.065,4.734,0.0
32.445,1.065,5.56,0.0
32.549,1.092,4.572,0.0
32.653,1.093,5.486,0.0
32.758,1.121,4.518,0.0
32.862,1.117,5.484,0.0
32.966,1.121,4.536,0.0
33.071,1.121,5.444,0.0
33.175,1.091,4.522,0.0
33.28,1.075,5.498,0.0
33.384,1.096,4.522,0.0
33.489,1.091,5.488,0.0
33.592,1.118,4.522,0.0
33.697,1.104,5.492,0.0
33.801,1.095,4.504,0.0
33.905,1.117,5.498,0.0
34.01,1.12,4.522,0.0
34.114,1.09,5.47,0.0
34.219,1.094,4.508,0.0
34.323,1.123,5.48,0.0
34.428,1.095,5.188,0.0
34.531,1.119,4.436,0.0
34.636,1.12,5.458,0.0
34.74,1.096,4.988,0.0
34.844,1.094,4.52,0.0
34.949,1.117,5.494,0.0
35.053,1.073,4.53,0.0
35.158,1.092,5.47,0.0
35.262,1.095,4.52,0.0
35.367,1.092,5.494,0.0
35.47,1.121,5.208,0.0
35.575,1.121,4.412,0.0
35.679,1.094,5.408,0.0
35.783,1.09,4.466,0.0
35.888,1.118,5.474,0.0
35.992,1.073,4.504,0.0
36.097,1.09,5.488,0.0
36.201,1.092,5.09,0.0
36.306,1.091,4.488,0.0
36.409,1.121,5.444,0.0
36.514,1.122,5.216,0.0
36.618,1.121,4.408,0.0
36.722,1.117,5.418,0.0
36.827,1.117,4.474,0.0
36.931,1.074,5.45,0.0
37.036,1.089,4.536,0.0
37.14,1.091,5.458,0.0
37.245,1.09,4.532,0.0
37.348,1.1,5.476,0.0
37.453,1.101,4.512,0.0
37.557,1.09,5.486,0.0
37.661,1.09,4.532,0.0
37.766,1.117,5.482,0.0
37.87,1.064,4.52,0.0
37.975,1.089,5.5,0.0
38.079,1.089,4.502,0.0
38.184,1.088,5.48,0.0
38.287,1.12,4.524,0.0
38.392,1.118,5.492,0.0
38.496,1.122,4.504,0.0
38.6,1.12,4.832,0.0
38.705,1.118,4.984,0.0
38.809,1.086,5.574,0.0
38.914,1.091,4.572,0.0
39.018,1.088,5.482,0.0
39.123,1.089,4.52,0.0
39.226,1.118,5.504,0.0
39.331,1.119,4.516,0.0
39.435,1.09,5.498,0.0
39.539,1.098,4.532,0.0
39.644,1.115,4.796,0.0
39.748,1.071,5.612,0.0
39.853,1.088,4.632,0.0
39.957,1.088,5.018,0.0
40.062,1.088,5.454,0.0
40.165,1.12,4.52,0.0
40.27,1.116,5.502,0.0
40.374,1.09,4.526,0.0
40.478,1.118,5.498,0.0
40.583,1.101,4.506,0.0
40.687,1.088,4.79,0.0
40.792,1.088,5.602,0.0
40.896,1.09,4.574,0.0
41.001,1.09,5.496,0.0
41.104,1.114,4.712,0.0
41.209,1.116,4.712,0.0
41.313,1.115,5.536,0.0
41.417,1.119,4.52,0.0
41.522,1.116,5.486,0.0
41.626,1.089,4.532,0.0
41.731,1.088,4.79,0.0
41.835,1.088,5.618,0.0
41.94,1.072,4.558,0.0
42.043,1.063,5.488,0.0
42.148,1.089,4.522,0.0
42.252,1.088,5.478,0.0
42.356,1.118,4.74,0.0
42.461,1.115,4.618,0.0
42.565,1.113,5.54,0.0
42.67,1.09,4.518,0.0
42.774,1.089,4.794,0.0
42.879,1.085,5.582,0.0
42.983,1.089,4.592,0.0
43.087,1.114,5.532,0.0
43.191,1.117,4.562,0.0
43.295,1.088,5.5,0.0
43.4,1.098,4.502,0.0
43.504,1.118,5.482,0.0
43.609,1.086,5.194,0.0
43.713,1.089,4.446,0.0
43.818,1.087,4.74,0.0
43.922,1.087,5.57,0.0
44.026,1.113,4.564,0.0
44.13,1.114,5.494,0.0
44.235,1.117,4.52,0.0
44.339,1.099,5.464,0.0
44.443,1.114,4.558,0.0
44.548,1.087,5.462,0.0
44.652,1.075,4.612,0.0
44.757,1.074,4.916,0.0
44.861,1.06,4.774,0.0
44.965,1.061,5.6,0.0
45.069,1.088,4.614,0.0
45.174,1.087,5.484,0.0
45.278,1.088,4.536,0.0
45.382,1.088,5.458,0.0
45.487,1.114,4.536,0.0
45.591,1.087,5.45,0.0
45.696,1.088,4.506,0.0
45.8,1.063,5.498,0.0
45.904,1.089,4.512,0.0
46.008,1.086,5.5,0.0
46.113,1.088,4.508,0.0
46.217,1.088,5.498,0.0
46.321,1.101,4.536,0.0
46.426,1.058,5.444,0.0
46.53,1.063,4.514,0.0
46.635,1.071,5.486,0.0
46.739,1.059,4.532,0.0
46.843,1.057,5.498,0.0
46.947,1.117,4.52,0.0
47.052,1.142,5.492,0.0
47.156,1.118,4.534,0.0
47.26,1.115,5.432,0.0
47.365,1.113,4.53,0.0
47.469,1.084,5.494,0.0
47.574,1.088,4.53,0.0
47.678,1.086,5.502,0.0
47.783,1.087,4.506,0.0
47.886,1.096,5.502,0.0
47.991,1.114,4.522,0.0
48.095,1.087,5.49,0.0
48.199,1.115,4.518,0.0
48.304,1.095,5.476,0.0
48.408,1.088,4.536,0.0
48.513,1.084,5.462,0.0
48.617,1.087,4.518,0.0
48.722,1.086,5.5,0.0
48.825,1.099,4.536,0.0
48.93,1.1,5.438,0.0
49.034,1.115,4.5,0.0
49.138,1.112,5.462,0.0
49.243,1.112,4.57,0.0
49.347,1.088,5.478,0.0
49.452,1.088,4.536,0.0
49.556,1.084,5.438,0.0
49.661,1.09,4.522,0.0
49.764,1.088,5.498,0.0
49.869,1.089,4.52,0.0
49.973,1.084,5.5,0.0
50.077,1.085,4.534,0.0
50.182,1.093,5.466,0.0
50.286,1.068,4.522,0.0
50.391,1.086,5.472,0.0
50.495,1.085,4.536,0.0
50.6,1.083,5.446,0.0
50.703,1.114,4.52,0.0
50.808,1.112,5.48,0.0
50.912,1.113,4.494,0.0
51.016,1.114,5.464,0.0
51.121,1.113,4.562,0.0
51.225,1.068,5.462,0.0
51.33,1.058,4.558,0.0
51.434,1.069,5.476,0.0
51.539,1.069,4.522,0.0
51.642,1.058,5.496,0.0
51.747,1.114,4.522,0.0
51.851,1.086,5.484,0.0
51.955,1.112,4.742,0.0
52.06,1.113,5.328,0.0
52.164,1.114,4.464,0.0
52.269,1.085,5.468,0.0
52.373,1.086,4.532,0.0
52.478,1.087,5.47,0.0
52.582,1.087,4.536,0.0
52.686,1.11,5.428,0.0
52.79,1.117,4.536,0.0
52.894,1.086,5.386,0.0
52.999,1.085,5.266,0.0
53.103,1.088,5.136,0.0
53.208,1.112,4.364,0.0
53.312,1.059,5.414,0.0
53.417,1.084,4.468,0.0
53.521,1.084,5.442,0.0
53.626,1.088,4.52,0.0
53.729,1.114,5.476,0.0
53.833,1.114,4.712,0.0
53.938,1.113,4.672,0.0
54.042,1.094,5.52,0.0
54.147,1.111,5.226,0.0
54.251,1.087,4.44,0.0
54.356,1.082,5.462,0.0
54.46,1.087,4.53,0.0
54.565,1.084,5.502,0.0
54.668,1.111,4.522,0.0
54.772,1.108,5.418,0.0
54.877,1.111,5.262,0.0
54.981,1.098,4.446,0.0
55.086,1.11,4.77,0.0
55.19,1.084,5.546,0.0
55.295,1.087,4.552,0.0
55.399,1.083,5.498,0.0
55.504,1.086,4.522,0.0
55.607,1.111,5.468,0.0
55.711,1.11,5.054,0.0
55.816,1.112,4.522,0.0
55.92,1.11,5.482,0.0
56.025,1.111,4.506,0.0
56.129,1.083,4.794,0.0
56.234,1.058,5.616,0.0
56.338,1.082,4.554,0.0
56.443,1.085,5.476,0.0
56.546,1.113,4.632,0.0
56.651,1.087,4.684,0.0
56.755,1.083,5.578,0.0
56.859,1.085,4.538,0.0
56.964,1.084,5.502,0.0
57.068,1.058,4.526,0.0
57.173,1.087,4.798,0.0
57.277,1.064,5.582,0.0
57.382,1.083,4.6,0.0
57.485,1.111,5.29,0.0
57.59,1.094,5.37,0.0
57.694,1.091,4.476,0.0
57.798,1.096,5.452,0.0
57.903,1.092,4.52,0.0
58.007,1.082,5.502,0.0
58.112,1.086,5.194,0.0
58.216,1.086,4.44,0.0
58.321,1.083,5.37,0.0
58.424,1.094,5.27,0.0
58.529,1.094,4.388,0.0
58.633,1.096,5.436,0.0
58.737,1.093,4.536,0.0
58.842,1.092,5.454,0.0
58.946,1.083,4.504,0.0
59.051,1.085,5.488,0.0
59.155,1.085,5.044,0.0
59.26,1.086,5.212,0.0
59.363,1.094,4.4,0.0
59.468,1.111,5.406,0.0
59.572,1.092,4.492,0.0
59.676,1.108,5.436,0.0
59.781,1.11,4.52,0.0
59.885,1.083,5.498,0.0
59.99,1.086,4.518,0.0
60.094,1.086,5.494,0.0
60.199,1.087,4.534,0.0
60.302,1.113,5.46,0.0
60.407,1.11,4.522,0.0
60.511,1.108,5.492,0.0
60.615,1.113,4.506,0.0
60.72,1.108,5.5,0.0
60.824,1.081,4.536,0.0
60.929,1.085,5.464,0.0
61.033,1.086,4.78,0.0
61.138,1.079,5.33,0.0
61.241,1.108,4.49,0.0
61.346,1.111,5.456,0.0
61.45,1.111,4.53,0.0
61.554,1.106,5.492,0.0
61.659,1.112,4.534,0.0
61.763,1.085,5.448,0.0
61.868,1.083,4.91,0.0
61.972,1.084,4.558,0.0
62.077,1.084,5.492,0.0
62.18,1.11,5.224,0.0
62.285,1.112,4.418,0.0
62.389,1.094,5.42,0.0
62.493,1.112,4.492,0.0
62.598,1.091,5.44,0.0
62.702,1.084,5.112,0.0
62.807,1.066,4.474,0.0
62.911,1.084,5.442,0.0
63.016,1.083,4.518,0.0
63.119,1.055,5.494,0.0
63.224,1.085,5.208,0.0
63.328,1.111,4.418,0.0
63.432,1.111,5.418,0.0
63.537,1.108,5.178,0.0
63.641,1.111,4.406,0.0
63.746,1.084,5.422,0.0
63.85,1.083,4.474,0.0
63.955,1.082,5.442,0.0
64.059,1.085,4.516,0.0
64.163,1.109,5.5,0.0
64.267,1.111,4.782,0.0
64.371,1.095,5.326,0.0
64.476,1.084,4.478,0.0
64.58,1.081,5.452,0.0
64.685,1.086,4.534,0.0
64.789,1.053,5.454,0.0
64.894,1.084,4.532,0.0
64.998,1.058,5.486,0.0
65.102,1.084,4.522,0.0
65.206,1.084,5.47,0.0
65.31,1.108,4.516,0.0
65.415,1.082,5.48,0.0
65.519,1.084,4.516,0.0
65.624,1.052,5.498,0.0
65.728,1.083,4.53,0.0
65.833,1.056,5.502,0.0
65.937,1.081,4.458,0.0
66.041,1.054,5.072,0.0
66.145,1.083,5.504,0.0
66.249,1.109,5.208,0.0
66.354,1.111,4.412,0.0
66.458,1.106,5.408,0.0
66.563,1.111,4.472,0.0
66.667,1.08,5.446,0.0
66.772,1.085,4.95,0.0
66.876,1.084,4.524,0.0
66.981,1.082,5.492,0.0
67.084,1.11,4.522,0.0
67.188,1.107,5.5,0.0
67.293,1.106,5.23,0.0
67.397,1.11,4.41,0.0
67.502,1.109,5.39,0.0
67.606,1.083,5.212,0.0
67.711,1.082,4.404,0.0
67.815,1.08,5.388,0.0
67.92,1.081,4.504,0.0
68.023,1.111,5.498,0.0
68.127,1.11,4.536,0.0
68.232,1.109,4.758,0.0
68.336,1.089,4.862,0.0
68.441,1.091,5.66,0.0
68.545,1.063,4.612,0.0
68.65,1.083,5.476,0.0
68.754,1.084,4.502,0.0
68.859,1.081,5.488,0.0
68.962,1.082,4.514,0.0
69.067,1.081,5.474,0.0
69.171,1.113,4.91,0.0
69.275,1.11,5.228,0.0
69.38,1.108,4.434,0.0
69.484,1.109,5.422,0.0
69.589,1.079,4.52,0.0
69.693,1.108,5.5,0.0
69.798,1.084,4.524,0.0
69.901,1.053,5.406,0.0
70.006,1.135,5.27,0.0
70.11,1.111,4.406,0.0
70.214,1.108,5.41,0.0
70.319,1.11,5.174,0.0
70.423,1.112,4.406,0.0
70.528,1.081,5.41,0.0
70.632,1.08,4.974,0.0
70.737,1.081,4.464,0.0
70.841,1.083,5.504,0.0
70.945,1.111,4.53,0.0
71.049,1.091,5.506,0.0
71.153,1.109,4.528,0.0
71.258,1.108,4.784,0.0
71.362,1.107,5.404,0.0
71.467,1.08,5.346,0.0
71.571,1.081,4.474,0.0
71.676,1.078,5.454,0.0
71.78,1.08,4.51,0.0
71.884,1.103,5.492,0.0
71.988,1.111,4.502,0.0
72.092,1.107,5.482,0.0
72.197,1.11,4.652,0.0
72.301,1.106,5.416,0.0
72.406,1.082,4.482,0.0
72.51,1.082,5.466,0.0
72.615,1.079,4.504,0.0
72.719,1.078,5.468,0.0
72.823,1.088,4.504,0.0
72.927,1.104,5.5,0.0
73.031,1.111,5.232,0.0
73.136,1.089,4.386,0.0
73.24,1.09,4.754,0.0
73.345,1.078,5.564,0.0
73.449,1.084,4.558,0.0
73.554,1.079,5.462,0.0
73.658,1.081,4.95,0.0
73.762,1.081,4.558,0.0
73.866,1.082,5.504,0.0
73.97,1.084,4.526,0.0
74.075,1.08,5.468,0.0
74.179,1.079,4.526,0.0
74.284,1.052,4.8,0.0
74.388,1.051,5.072,0.0
74.493,1.051,5.526,0.0
74.597,1.082,4.558,0.0
74.701,1.048,5.494,0.0
74.805,1.109,4.532,0.0
74.909,1.077,5.504,0.0
75.014,1.109,4.536,0.0
75.118,1.081,5.466,0.0
75.223,1.08,4.514,0.0
75.327,1.051,5.49,0.0
75.432,1.083,4.52,0.0
75.536,1.051,5.502,0.0
75.64,1.079,4.52,0.0
75.744,1.081,5.482,0.0
75.848,1.109,4.744,0.0
75.953,1.109,4.652,0.0
76.057,1.103,5.532,0.0
76.162,1.106,4.56,0.0
76.266,1.078,4.812,0.0
76.371,1.076,5.572,0.0
76.475,1.08,4.486,0.0
76.58,1.078,4.848,0.0
76.683,1.088,5.596,0.0
76.787,1.082,4.612,0.0
76.892,1.08,5.496,0.0
76.996,1.079,4.524,0.0
77.101,1.079,5.48,0.0
77.205,1.063,4.972,0.0
77.31,1.081,5.194,0.0
77.414,1.068,4.44,0.0
77.519,1.06,5.454,0.0
77.622,1.057,4.534,0.0
77.726,1.078,5.442,0.0
77.831,1.11,4.52,0.0
77.935,1.106,5.496,0.0
78.04,1.108,5.028,0.0
78.144,1.106,4.522,0.0
78.249,1.051,4.794,0.0
78.353,1.051,5.594,0.0
78.458,1.079,4.6,0.0
78.561,1.051,5.54,0.0
78.665,1.106,4.692,0.0
78.77,1.104,4.676,0.0
78.874,1.106,5.508,0.0
78.979,1.107,4.544,0.0
79.083,1.076,5.504,0.0
79.188,1.082,4.512,0.0
79.292,1.105,4.8,0.0
79.397,1.05,4.872,0.0
79.501,1.051,5.62,0.0
79.604,1.104,4.568,0.0
79.709,1.079,5.486,0.0
79.813,1.11,4.526,0.0
79.918,1.08,5.466,0.0
80.022,1.078,4.572,0.0
80.127,1.051,5.368,0.0
80.231,1.078,4.598,0.0
80.336,1.052,5.536,0.0
80.44,1.08,4.518,0.0
80.543,1.132,5.462,0.0
80.648,1.104,4.566,0.0
80.752,1.106,5.486,0.0
80.857,1.104,5.232,0.0
80.961,1.107,4.408,0.0
81.066,1.076,5.418,0.0
81.17,1.079,4.484,0.0
81.275,1.08,4.76,0.0
81.379,1.104,5.568,0.0
81.483,1.107,5.258,0.0
81.587,1.11,4.424,0.0
81.691,1.088,5.462,0.0
81.796,1.091,4.518,0.0
81.9,1.08,5.494,0.0
82.005,1.062,4.512,0.0
82.109,1.079,5.504,0.0
82.214,1.078,4.524,0.0
82.318,1.081,5.498,0.0
82.422,1.065,4.534,0.0
82.526,1.082,5.46,0.0
82.63,1.081,4.51,0.0
82.735,1.079,5.492,0.0
82.839,1.078,4.77,0.0
82.944,1.107,4.63,0.0
83.048,1.051,5.51,0.0
83.153,1.106,4.576,0.0
83.257,1.054,4.774,0.0
83.361,1.05,5.596,0.0
83.465,1.109,4.748,0.0
83.569,1.108,4.722,0.0
83.674,1.103,5.548,0.0
83.778,1.107,4.574,0.0
83.883,1.105,5.498,0.0
83.987,1.082,4.506,0.0
84.092,1.082,5.478,0.0
84.196,1.083,4.532,0.0
84.301,1.08,5.506,0.0
84.404,1.107,4.514,0.0
84.508,1.107,5.484,0.0
84.613,1.109,4.516,0.0
84.717,1.106,5.484,0.0
84.822,1.105,4.554,0.0
84.926,1.078,4.736,0.0
85.031,1.105,5.576,0.0
85.135,1.08,5.232,0.0
85.24,1.083,4.42,0.0
85.343,1.108,5.442,0.0
85.447,1.106,4.458,0.0
85.552,1.107,4.84,0.0
85.656,1.105,5.598,0.0
85.761,1.106,4.596,0.0
85.865,1.079,5.538,0.0
85.97,1.08,4.502,0.0
86.074,1.076,5.496,0.0
86.179,1.083,4.518,0.0
86.282,1.109,5.486,0.0
86.386,1.109,4.518,0.0
86.491,1.105,5.48,0.0
86.595,1.109,4.534,0.0
86.7,1.105,5.448,0.0
86.804,1.08,4.46,0.0
86.909,1.05,4.832,0.0
87.013,1.051,5.596,0.0
87.117,1.076,5.304,0.0
87.221,1.108,4.458,0.0
87.325,1.108,5.458,0.0
87.43,1.109,4.594,0.0
87.534,1.105,4.746,0.0
87.639,1.104,5.58,0.0
87.743,1.081,4.562,0.0
87.848,1.08,5.468,0.0
87.952,1.082,4.536,0.0
88.057,1.081,5.448,0.0
88.16,1.105,4.528,0.0
88.264,1.133,5.498,0.0
88.369,1.105,4.536,0.0
88.473,1.105,5.458,0.0
88.578,1.105,4.52,0.0
88.682,1.076,5.464,0.0
88.787,1.079,4.632,0.0
88.891,1.077,4.758,0.0
88.996,1.079,5.574,0.0
89.099,1.081,5.262,0.0
89.203,1.082,4.444,0.0
89.308,1.076,5.438,0.0
89.412,1.083,4.988,0.0
89.517,1.082,4.536,0.0
89.621,1.052,5.43,0.0
89.726,1.051,4.522,0.0
89.83,1.05,5.506,0.0
89.935,1.05,4.536,0.0
90.038,1.052,5.466,0.0
90.142,1.107,4.518,0.0
90.247,1.08,5.474,0.0
90.351,1.105,4.536,0.0
90.456,1.081,5.422,0.0
90.56,1.106,4.498,0.0
90.665,1.052,5.478,0.0
90.769,1.078,5.226,0.0
90.874,1.082,4.418,0.0
90.978,1.083,5.428,0.0
91.081,1.107,5.188,0.0
91.186,1.108,4.402,0.0
91.29,1.076,5.402,0.0
91.395,1.089,5.168,0.0
91.499,1.088,4.4,0.0
91.604,1.082,5.39,0.0
91.708,1.078,4.518,0.0
91.813,1.077,5.496,0.0
91.917,1.082,4.532,0.0
92.02,1.106,5.492,0.0
92.125,1.104,4.518,0.0
92.229,1.088,5.494,0.0
92.334,1.082,4.534,0.0
92.438,1.088,5.448,0.0
92.543,1.053,4.522,0.0
92.647,1.052,4.83,0.0
92.752,1.05,5.556,0.0
92.856,1.052,4.558,0.0
92.959,1.051,5.502,0.0
93.064,1.109,5.21,0.0
93.168,1.105,4.534,0.0
93.273,1.107,4.654,0.0
93.377,1.106,5.54,0.0
93.482,1.103,4.518,0.0
93.586,1.078,5.498,0.0
93.691,1.077,4.522,0.0
93.795,1.077,5.484,0.0
93.9,1.079,4.774,0.0
94.003,1.105,5.346,0.0
94.107,1.105,4.43,0.0
94.212,1.107,5.456,0.0
94.316,1.106,4.512,0.0
94.421,1.102,5.486,0.0
94.525,1.081,5.188,0.0
94.63,1.079,4.44,0.0
94.734,1.077,5.462,0.0
94.839,1.08,4.53,0.0
94.942,1.105,5.498,0.0
95.046,1.106,4.758,0.0
95.151,1.106,5.338,0.0
95.255,1.107,4.434,0.0
95.36,1.102,5.446,0.0
95.464,1.081,4.51,0.0
95.569,1.077,5.482,0.0
95.673,1.079,4.518,0.0
95.778,1.079,4.794,0.0
95.881,1.105,5.618,0.0
95.985,1.088,5.26,0.0
96.09,1.09,4.42,0.0
96.194,1.105,5.456,0.0
96.299,1.102,4.692,0.0
96.403,1.077,4.67,0.0
96.508,1.08,5.526,0.0
96.612,1.076,4.574,0.0
96.717,1.075,5.484,0.0
96.82,1.106,4.504,0.0
96.924,1.104,5.498,0.0
97.029,1.109,4.53,0.0
97.133,1.102,5.502,0.0
97.238,1.106,4.518,0.0
97.342,1.081,5.484,0.0
97.447,1.08,4.514,0.0
97.551,1.077,5.42,0.0
97.656,1.079,5.268,0.0
97.759,1.08,4.416,0.0
97.863,1.077,5.424,0.0
97.968,1.105,5.148,0.0
98.072,1.106,4.376,0.0
98.177,1.076,4.762,0.0
98.281,1.104,5.582,0.0
98.386,1.077,4.55,0.0
98.49,1.078,5.482,0.0
98.595,1.078,4.534,0.0
98.699,1.08,5.456,0.0
98.802,1.105,4.87,0.0
98.907,1.106,5.244,0.0
99.011,1.109,4.432,0.0
99.116,1.104,5.452,0.0
99.22,1.108,4.514,0.0
99.325,1.079,5.48,0.0
99.429,1.08,5.212,0.0
99.534,1.082,4.398,0.0
99.638,1.078,5.452,0.0
99.741,1.089,4.52,0.0
99.846,1.077,5.494,0.0
99.95,1.08,4.514,0.0
100.055,1.075,5.49,0.0
100.159,1.102,4.536,0.0
100.264,1.106,5.43,0.0
100.368,1.076,4.522,0.0
100.473,1.08,5.462,0.0
100.577,1.106,4.692,0.0
100.681,1.075,4.72,0.0
100.786,1.057,5.55,0.0
100.89,1.078,5.262,0.0
100.995,1.079,4.458,0.0
101.098,1.053,5.43,0.0
101.203,1.108,5.212,0.0
101.307,1.105,4.404,0.0
101.412,1.108,5.414,0.0
101.516,1.109,4.476,0.0
101.62,1.104,5.462,0.0
101.725,1.08,4.504,0.0
101.829,1.131,4.87,0.0
101.934,1.088,4.836,0.0
102.038,1.051,5.62,0.0
102.143,1.08,4.566,0.0
102.247,1.05,5.5,0.0
102.352,1.075,4.832,0.0
102.456,1.057,4.598,0.0
102.561,1.076,5.544,0.0
102.665,1.062,4.526,0.0
102.769,1.073,5.504,0.0
102.873,1.091,4.524,0.0
102.977,1.076,5.47,0.0
103.082,1.105,4.534,0.0
103.186,1.078,5.426,0.0
103.291,1.105,4.522,0.0
103.395,1.079,5.478,0.0
103.5,1.108,4.46,0.0
103.604,1.088,4.83,0.0
103.708,1.049,5.588,0.0
103.813,1.077,4.614,0.0
103.917,1.051,5.47,0.0
104.022,1.081,5.228,0.0
104.126,1.105,5.112,0.0
104.231,1.077,4.374,0.0
104.335,1.051,5.396,0.0
104.44,1.078,4.518,0.0
104.543,1.051,5.486,0.0
104.647,1.103,4.526,0.0
104.752,1.077,5.35,0.0
104.856,1.106,5.292,0.0
104.961,1.106,4.45,0.0
105.065,1.104,4.766,0.0
105.17,1.079,5.582,0.0
105.274,1.105,4.792,0.0
105.379,1.078,4.666,0.0
105.483,1.074,5.542,0.0
105.587,1.061,4.56,0.0
105.692,1.05,5.478,0.0
105.796,1.079,4.526,0.0
105.901,1.05,5.498,0.0
106.005,1.077,5.202,0.0
106.11,1.081,5.104,0.0
106.214,1.08,4.36,0.0
106.318,1.103,5.412,0.0
106.422,1.106,4.456,0.0
106.526,1.103,4.81,0.0
106.631,1.078,5.546,0.0
106.735,1.083,4.574,0.0
106.84,1.075,5.498,0.0
106.944,1.108,4.528,0.0
107.049,1.081,5.464,0.0
107.153,1.106,4.56,0.0
107.258,1.075,5.502,0.0
107.362,1.079,4.516,0.0
107.467,1.076,5.496,0.0
107.571,1.078,4.532,0.0
107.675,1.075,4.786,0.0
107.78,1.049,5.62,0.0
107.884,1.078,4.574,0.0
107.988,1.049,5.504,0.0
108.092,1.106,4.504,0.0
108.197,1.079,5.382,0.0
108.301,1.103,4.596,0.0
108.406,1.087,5.52,0.0
108.51,1.131,4.56,0.0
108.614,1.105,5.492,0.0
108.719,1.078,4.518,0.0
108.823,1.1,5.006,0.0
108.928,1.076,5.504,0.0
109.032,1.081,4.516,0.0
109.137,1.076,5.49,0.0
109.241,1.051,5.21,0.0
109.346,1.077,5.068,0.0
109.45,1.084,4.34,0.0
109.554,1.076,5.42,0.0
109.658,1.052,4.492,0.0
109.762,1.107,5.466,0.0
109.867,1.078,4.526,0.0
109.971,1.105,5.34,0.0
110.076,1.08,5.296,0.0
110.18,1.108,4.424,0.0
110.285,1.101,4.758,0.0
110.389,1.079,5.558,0.0
110.493,1.103,5.106,0.0
110.598,1.106,4.504,0.0
110.702,1.078,5.466,0.0
110.807,1.107,4.56,0.0
110.911,1.077,5.502,0.0
111.016,1.058,4.504,0.0
111.12,1.051,5.138,0.0
111.225,1.079,5.412,0.0
111.329,1.082,5.19,0.0
111.432,1.061,4.392,0.0
111.537,1.103,5.422,0.0
111.641,1.075,5.086,0.0
111.746,1.108,4.48,0.0
111.85,1.077,5.436,0.0
111.955,1.104,4.518,0.0
112.059,1.079,5.498,0.0
112.164,1.104,4.522,0.0
112.268,1.08,5.018,0.0
112.372,1.104,4.792,0.0
112.477,1.073,5.594,0.0
112.581,1.053,4.602,0.0
112.686,1.077,5.462,0.0
112.79,1.052,5.268,0.0
112.895,1.079,4.39,0.0
112.999,1.06,5.438,0.0
113.104,1.078,4.5,0.0
113.207,1.104,5.492,0.0
113.311,1.104,4.536,0.0
113.416,1.103,5.458,0.0
113.52,1.104,4.514,0.0
113.625,1.102,5.47,0.0
113.729,1.076,4.536,0.0
113.834,1.103,5.448,0.0
113.938,1.087,5.188,0.0
114.043,1.105,4.424,0.0
114.147,1.079,5.454,0.0
114.252,1.079,4.534,0.0
114.356,1.075,5.448,0.0
114.46,1.054,4.518,0.0
114.565,1.079,5.462,0.0
114.669,1.053,4.55,0.0
114.774,1.077,5.486,0.0
114.877,1.077,4.522,0.0
114.982,1.077,5.506,0.0
115.086,1.106,5.21,0.0
115.191,1.106,4.416,0.0
115.295,1.088,5.388,0.0
115.399,1.106,4.518,0.0
115.504,1.107,4.742,0.0
115.608,1.077,4.902,0.0
115.713,1.134,5.656,0.0
115.817,1.049,4.6,0.0
115.922,1.079,5.516,0.0
116.026,1.079,4.544,0.0
116.131,1.05,5.19,0.0
116.235,1.08,5.408,0.0
116.339,1.107,4.492,0.0
116.444,1.078,5.454,0.0
116.547,1.076,5.22,0.0
116.652,1.111,5.044,0.0
116.756,1.106,4.39,0.0
116.861,1.106,5.422,0.0
116.965,1.105,4.534,0.0
117.07,1.106,5.452,0.0
117.174,1.079,4.518,0.0
117.278,1.103,4.788,0.0
117.383,1.075,5.622,0.0
117.487,1.104,4.558,0.0
117.592,1.074,4.808,0.0
117.696,1.051,5.544,0.0
117.801,1.076,5.27,0.0
117.905,1.078,4.386,0.0
118.01,1.079,5.464,0.0
118.114,1.051,4.534,0.0
118.219,1.078,5.46,0.0
118.322,1.051,4.632,0.0
118.426,1.103,4.716,0.0
118.531,1.076,5.576,0.0
118.635,1.105,5.266,0.0
118.74,1.107,4.424,0.0
118.844,1.108,5.074,0.0
118.949,1.079,5.416,0.0
119.053,1.104,4.484,0.0
119.158,1.076,5.426,0.0
119.262,1.103,4.514,0.0
119.366,1.049,5.502,0.0
119.471,1.077,5.208,0.0
119.575,1.058,4.414,0.0
119.68,1.078,4.708,0.0
119.784,1.075,5.582,0.0
119.889,1.051,4.5,0.0
119.993,1.078,4.83,0.0
120.097,1.051,5.594,0.0
120.201,1.104,4.6,0.0
120.305,1.084,5.508,0.0
120.41,1.101,4.574,0.0
120.514,1.105,5.486,0.0
120.619,1.109,5.216,0.0
120.723,1.107,5.086,0.0
120.828,1.106,4.374,0.0
120.932,1.105,5.408,0.0
121.037,1.107,5.136,0.0
121.141,1.08,4.384,0.0
121.245,1.049,5.446,0.0
121.35,1.076,4.444,0.0
121.454,1.053,5.504,0.0
121.559,1.075,4.91,0.0
121.663,1.077,5.302,0.0
121.768,1.079,4.452,0.0
121.871,1.079,5.446,0.0
121.976,1.1,4.52,0.0
122.08,1.103,4.994,0.0
122.184,1.077,5.484,0.0
122.289,1.104,4.52,0.0
122.393,1.079,5.5,0.0
122.498,1.105,4.518,0.0
122.602,1.1,5.484,0.0
122.707,1.047,4.5,0.0
122.811,1.106,5.498,0.0
122.916,1.078,4.52,0.0
123.02,1.046,5.504,0.0
123.124,1.079,4.526,0.0
123.229,1.049,4.794,0.0
123.333,1.075,5.608,0.0
123.437,1.111,4.552,0.0
123.541,1.105,5.48,0.0
123.646,1.102,4.522,0.0
123.75,1.103,5.468,0.0
123.855,1.108,4.514,0.0
123.959,1.101,5.498,0.0
124.063,1.079,4.498,0.0
124.168,1.135,5.494,0.0
124.272,1.078,4.744,0.0
124.377,1.103,4.612,0.0
124.481,1.051,5.496,0.0
124.586,1.076,4.558,0.0
124.69,1.048,5.5,0.0
124.795,1.08,4.766,0.0
124.899,1.083,5.332,0.0
125.004,1.078,4.484,0.0
125.108,1.076,5.452,0.0
125.212,1.077,4.5,0.0
125.316,1.084,5.476,0.0
125.42,1.103,5.176,0.0
125.525,1.081,4.432,0.0
125.629,1.076,5.444,0.0
125.734,1.077,4.528,0.0
125.838,1.135,4.806,0.0
125.943,1.083,4.952,0.0
126.047,1.074,5.548,0.0
126.151,1.101,4.554,0.0
126.256,1.045,5.498,0.0
126.36,1.076,4.512,0.0
126.465,1.05,5.476,0.0
126.569,1.077,5.226,0.0
126.674,1.077,4.376,0.0
126.778,1.076,5.446,0.0
126.883,1.05,5.212,0.0
126.987,1.076,4.694,0.0
127.09,1.08,4.56,0.0
127.195,1.073,5.486,0.0
127.299,1.107,4.514,0.0
127.404,1.078,5.498,0.0
127.508,1.105,4.512,0.0
127.613,1.076,5.416,0.0
127.717,1.102,5.23,0.0
127.822,1.105,4.45,0.0
127.926,1.104,4.76,0.0
128.03,1.046,5.582,0.0
128.135,1.077,5.26,0.0
128.239,1.075,4.422,0.0
128.344,1.051,5.446,0.0
128.448,1.078,4.52,0.0
128.553,1.046,5.494,0.0
128.657,1.075,4.448,0.0
128.762,1.05,4.828,0.0
128.865,1.076,5.576,0.0
128.969,1.102,5.304,0.0
129.074,1.106,4.426,0.0
129.178,1.079,5.456,0.0
129.283,1.103,5.216,0.0
129.387,1.103,4.412,0.0
129.492,1.103,5.392,0.0
129.596,1.078,4.532,0.0
129.701,1.102,5.458,0.0
129.805,1.112,5.028,0.0
129.91,1.075,4.546,0.0
130.014,1.05,4.774,0.0
130.118,1.048,5.612,0.0
130.223,1.077,4.558,0.0
130.327,1.047,4.792,0.0
130.432,1.074,5.612,0.0
130.535,1.076,4.558,0.0
130.64,1.103,5.47,0.0
130.744,1.102,4.494,0.0
130.849,1.1,5.48,0.0
130.953,1.079,5.216,0.0
131.057,1.104,5.082,0.0
131.162,1.104,4.342,0.0
131.266,1.104,5.38,0.0
131.371,1.077,4.988,0.0
131.475,1.106,4.508,0.0
131.58,1.073,5.498,0.0
131.684,1.078,4.528,0.0
131.789,1.074,5.486,0.0
131.893,1.046,4.506,0.0
131.997,1.076,4.788,0.0
132.102,1.051,4.924,0.0
132.206,1.049,5.636,0.0
132.31,1.073,4.598,0.0
132.414,1.075,5.53,0.0
132.519,1.082,5.256,0.0
132.623,1.103,4.442,0.0
132.728,1.076,5.454,0.0
132.832,1.103,4.518,0.0
132.936,1.081,5.5,0.0
133.041,1.076,5.07,0.0
133.145,1.103,5.172,0.0
133.25,1.109,4.406,0.0
133.354,1.075,5.394,0.0
133.459,1.08,4.516,0.0
133.563,1.05,4.802,0.0
133.668,1.078,5.568,0.0
133.772,1.051,4.54,0.0
133.876,1.108,5.492,0.0
133.98,1.081,4.516,0.0
134.084,1.077,5.48,0.0
134.189,1.102,4.528,0.0
134.293,1.075,5.464,0.0
134.398,1.103,4.568,0.0
134.502,1.076,5.498,0.0
134.607,1.102,5.21,0.0
134.711,1.103,4.4,0.0
134.815,1.048,5.406,0.0
134.92,1.074,4.464,0.0
135.024,1.046,5.478,0.0
135.129,1.078,4.52,0.0
135.233,1.053,5.5,0.0
135.338,1.075,4.516,0.0
135.442,1.075,5.47,0.0
135.547,1.074,4.522,0.0
135.65,1.072,5.236,0.0
135.755,1.101,5.366,0.0
135.859,1.081,4.48,0.0
135.963,1.102,5.454,0.0
136.068,1.076,4.532,0.0
136.172,1.106,5.498,0.0
136.277,1.079,4.514,0.0
136.381,1.076,5.482,0.0
136.486,1.104,4.498,0.0
136.59,1.051,5.482,0.0
136.695,1.074,4.74,0.0
136.799,1.076,4.618,0.0
136.903,1.046,5.514,0.0
137.008,1.075,4.544,0.0
137.112,1.05,5.494,0.0
137.217,1.076,4.5,0.0
137.32,1.05,5.458,0.0
137.425,1.103,4.544,0.0
137.529,1.074,5.492,0.0
137.634,1.103,4.514,0.0
137.738,1.076,5.416,0.0
137.842,1.083,5.262,0.0
137.947,1.102,4.422,0.0
138.051,1.082,5.434,0.0
138.156,1.105,4.524,0.0
138.26,1.1,5.44,0.0
138.365,1.049,4.568,0.0
138.469,1.074,5.48,0.0
138.574,1.055,4.528,0.0
138.678,1.107,5.472,0.0
138.782,1.079,4.712,0.0
138.887,1.076,4.652,0.0
138.991,1.076,5.572,0.0
139.095,1.076,4.564,0.0
139.199,1.104,5.498,0.0
139.304,1.075,4.5,0.0
139.408,1.103,5.48,0.0
139.513,1.075,4.518,0.0
139.617,1.101,5.5,0.0
139.721,1.077,4.514,0.0
139.826,1.101,5.478,0.0
139.93,1.074,5.222,0.0
140.035,1.108,4.41,0.0
140.139,1.077,5.422,0.0
140.244,1.077,5.16,0.0
140.348,1.077,5.068,0.0
140.453,1.077,4.336,0.0
140.557,1.077,5.406,0.0
140.662,1.078,4.488,0.0
140.766,1.08,5.446,0.0
140.869,1.076,4.828,0.0
140.974,1.103,4.59,0.0
141.078,1.074,5.518,0.0
141.183,1.104,4.566,0.0
141.287,1.077,4.786,0.0
141.392,1.101,4.906,0.0
141.496,1.072,5.646,0.0
141.601,1.1,4.588,0.0
141.705,1.102,5.54,0.0
141.809,1.075,4.526,0.0
141.914,1.073,4.906,0.0
142.018,1.054,5.526,0.0
142.123,1.074,4.57,0.0
142.227,1.074,5.47,0.0
142.332,1.077,5.206,0.0
142.436,1.077,5.092,0.0
142.54,1.076,4.372,0.0
142.644,1.1,5.404,0.0
142.748,1.079,4.48,0.0
142.853,1.103,5.446,0.0
142.957,1.077,5.216,0.0
143.062,1.103,4.39,0.0
143.166,1.076,5.432,0.0
143.271,1.103,4.522,0.0
143.375,1.075,4.724,0.0
143.48,1.047,4.958,0.0
143.584,1.073,5.654,0.0
143.688,1.052,4.596,0.0
143.793,1.077,5.524,0.0
143.897,1.049,4.556,0.0
144.002,1.076,4.794,0.0
144.106,1.073,5.604,0.0
144.21,1.074,4.572,0.0
144.314,1.101,5.494,0.0
144.419,1.102,4.666,0.0
144.523,1.104,5.394,0.0
144.627,1.104,4.5,0.0
144.732,1.106,5.49,0.0
144.836,1.077,4.514,0.0
144.941,1.102,5.464,0.0
145.045,1.075,5.25,0.0
145.15,1.106,4.436,0.0
145.254,1.054,5.444,0.0
145.359,1.076,5.206,0.0
145.463,1.076,5.1,0.0
145.567,1.078,4.362,0.0
145.672,1.078,5.408,0.0
145.776,1.109,4.478,0.0
145.881,1.075,5.462,0.0
145.984,1.078,5.122,0.0
146.089,1.104,4.478,0.0
146.193,1.075,5.462,0.0
146.298,1.105,4.51,0.0
146.402,1.075,4.728,0.0
146.507,1.103,4.946,0.0
146.611,1.076,5.64,0.0
146.715,1.103,4.582,0.0
146.82,1.104,5.52,0.0
146.924,1.073,4.57,0.0
147.029,1.077,4.792,0.0
147.133,1.047,5.608,0.0
147.238,1.075,4.562,0.0
147.342,1.074,5.496,0.0
147.447,1.077,4.528,0.0
147.551,1.073,5.498,0.0
147.655,1.076,4.516,0.0
147.759,1.075,5.482,0.0
147.863,1.104,4.512,0.0
147.968,1.075,5.302,0.0
148.072,1.107,5.308,0.0
148.177,1.075,4.468,0.0
148.281,1.1,5.444,0.0
148.386,1.104,4.52,0.0
148.49,1.073,5.474,0.0
148.594,1.102,4.532,0.0
148.699,1.05,5.492,0.0
148.803,1.075,4.516,0.0
148.908,1.051,5.494,0.0
149.012,1.075,5.212,0.0
149.117,1.077,4.402,0.0
149.221,1.11,5.418,0.0
149.326,1.076,4.482,0.0
149.43,1.075,5.438,0.0
149.533,1.078,4.522,0.0
149.638,1.137,5.498,0.0
149.742,1.077,4.512,0.0
149.847,1.104,5.464,0.0
149.951,1.076,4.692,0.0
150.056,1.105,4.706,0.0
150.16,1.082,5.55,0.0
150.265,1.075,4.558,0.0
150.369,1.102,5.462,0.0
150.473,1.046,4.542,0.0
150.578,1.075,5.488,0.0
150.682,1.054,4.514,0.0
150.787,1.108,5.502,0.0
150.891,1.077,4.532,0.0
150.996,1.048,4.804,0.0
151.1,1.075,5.566,0.0
151.204,1.05,4.556,0.0
151.308,1.101,5.474,0.0
151.412,1.08,4.516,0.0
151.517,1.105,5.498,0.0
151.621,1.079,4.504,0.0
151.726,1.099,5.502,0.0
151.83,1.08,4.53,0.0
151.935,1.073,5.502,0.0
152.039,1.103,5.198,0.0
152.144,1.078,4.432,0.0
152.248,1.073,5.448,0.0
152.353,1.053,4.512,0.0
152.457,1.077,5.458,0.0
152.561,1.047,4.568,0.0
152.666,1.074,5.464,0.0
152.77,1.05,4.56,0.0
152.875,1.109,5.494,0.0
152.978,1.079,5.226,0.0
153.083,1.105,4.408,0.0
153.187,1.101,5.418,0.0
153.292,1.11,4.476,0.0
153.396,1.077,5.458,0.0
153.5,1.104,5.22,0.0
153.605,1.105,5.088,0.0
153.709,1.105,4.374,0.0
153.814,1.102,5.396,0.0
153.918,1.049,5.07,0.0
154.023,1.076,4.464,0.0
154.127,1.077,5.472,0.0
154.232,1.076,4.496,0.0
154.336,1.076,5.494,0.0
154.44,1.075,4.714,0.0
154.545,1.077,5.364,0.0
154.649,1.079,4.464,0.0
154.753,1.05,5.496,0.0
154.857,1.102,4.554,0.0
154.962,1.076,4.736,0.0
155.066,1.077,5.562,0.0
155.171,1.077,4.57,0.0
155.275,1.137,5.49,0.0
155.379,1.075,4.476,0.0
155.484,1.076,4.782,0.0
155.588,1.103,4.91,0.0
155.693,1.047,5.66,0.0
155.797,1.077,4.6,0.0
155.902,1.049,4.846,0.0
156.006,1.077,5.616,0.0
156.111,1.078,4.554,0.0
156.215,1.108,5.458,0.0
156.319,1.077,4.556,0.0
156.424,1.112,4.792,0.0
156.527,1.044,5.606,0.0
156.632,1.102,5.26,0.0
156.736,1.078,4.448,0.0
156.841,1.102,5.156,0.0
156.945,1.076,5.348,0.0
157.05,1.102,4.488,0.0
157.154,1.075,5.426,0.0
157.259,1.104,4.528,0.0
157.363,1.072,5.258,0.0
157.467,1.101,5.384,0.0
157.572,1.114,4.456,0.0
157.676,1.078,4.802,0.0
157.781,1.046,5.544,0.0
157.885,1.074,5.25,0.0
157.99,1.049,4.418,0.0
158.094,1.076,5.432,0.0
158.199,1.077,4.532,0.0
158.303,1.108,5.48,0.0
158.406,1.08,5.19,0.0
158.511,1.103,4.44,0.0
158.615,1.105,5.446,0.0
158.72,1.077,5.208,0.0
158.824,1.105,5.072,0.0
158.929,1.079,4.354,0.0
159.033,1.138,5.412,0.0
159.138,1.08,4.474,0.0
159.242,1.074,5.446,0.0
159.346,1.077,5.218,0.0
159.451,1.076,4.402,0.0
159.555,1.078,5.408,0.0
159.66,1.079,5.168,0.0
159.764,1.078,5.09,0.0
159.869,1.079,4.37,0.0
159.973,1.076,5.414,0.0
160.077,1.077,4.492,0.0
160.181,1.102,5.418,0.0
160.285,1.074,5.192,0.0
160.39,1.103,4.438,0.0
160.494,1.077,5.454,0.0
160.599,1.106,4.51,0.0
160.703,1.073,5.382,0.0
160.808,1.103,4.58,0.0
160.912,1.08,5.522,0.0
161.017,1.106,4.534,0.0
161.121,1.075,5.472,0.0
161.225,1.076,5.116,0.0
161.33,1.075,4.484,0.0
161.434,1.047,5.456,0.0
161.539,1.08,4.526,0.0
161.643,1.05,5.494,0.0
161.748,1.077,4.518,0.0
161.851,1.05,5.502,0.0
161.956,1.104,4.518,0.0
162.06,1.075,5.494,0.0
162.164,1.104,5.094,0.0
162.269,1.079,4.474,0.0
162.373,1.103,5.418,0.0
162.478,1.076,4.532,0.0
162.582,1.135,5.476,0.0
162.687,1.076,5.082,0.0
162.791,1.104,5.176,0.0
162.896,1.11,4.39,0.0
163.0,1.075,5.444,0.0
163.105,1.074,5.008,0.0
163.209,1.051,4.506,0.0
163.313,1.075,5.49,0.0
163.418,1.077,4.496,0.0
163.522,1.111,5.498,0.0
163.626,1.055,4.95,0.0
163.73,1.102,5.188,0.0
163.835,1.083,4.43,0.0
163.939,1.077,5.458,0.0
164.044,1.085,4.91,0.0
164.148,1.103,4.558,0.0
164.252,1.101,5.476,0.0
164.357,1.079,4.528,0.0
164.461,1.102,5.494,0.0
164.566,1.048,4.83,0.0
164.67,1.075,4.598,0.0
164.775,1.074,4.842,0.0
164.879,1.044,5.616,0.0
164.984,1.077,4.786,0.0
165.088,1.05,4.664,0.0
165.192,1.108,5.564,0.0
165.296,1.049,4.558,0.0
165.4,1.102,5.46,0.0
165.505,1.079,5.028,0.0
165.609,1.106,4.554,0.0
165.714,1.101,5.482,0.0
165.818,1.103,5.226,0.0
165.923,1.109,4.778,0.0
166.027,1.101,4.526,0.0
166.131,1.105,5.486,0.0
166.236,1.051,4.502,0.0
166.34,1.077,5.494,0.0
166.445,1.048,5.092,0.0
166.549,1.076,4.456,0.0
166.654,1.079,5.498,0.0
166.758,1.076,5.226,0.0
166.863,1.076,4.89,0.0
166.966,1.077,4.438,0.0
167.07,1.082,5.42,0.0
167.175,1.104,4.526,0.0
167.279,1.102,5.464,0.0
167.384,1.136,5.222,0.0
167.488,1.083,4.426,0.0
167.593,1.075,5.442,0.0
167.697,1.102,4.532,0.0
167.802,1.073,5.146,0.0
167.906,1.102,4.714,0.0
168.011,1.05,5.574,0.0
168.115,1.075,4.556,0.0
168.219,1.051,5.504,0.0
168.324,1.072,5.2,0.0
168.428,1.079,4.432,0.0
168.533,1.049,5.462,0.0
168.637,1.076,4.502,0.0
168.741,1.049,5.498,0.0
168.845,1.081,4.508,0.0
168.95,1.073,5.498,0.0
169.054,1.106,4.52,0.0
169.158,1.077,5.492,0.0
169.263,1.104,5.212,0.0
169.367,1.105,4.394,0.0
169.472,1.104,5.434,0.0
169.576,1.074,4.496,0.0
169.681,1.101,5.488,0.0
169.785,1.048,4.512,0.0
169.89,1.076,5.472,0.0
169.994,1.073,4.516,0.0
170.098,1.047,5.482,0.0
170.203,1.076,5.2,0.0
170.307,1.077,4.422,0.0
170.412,1.077,5.45,0.0
170.515,1.053,4.532,0.0
170.62,1.103,5.49,0.0
170.724,1.078,5.214,0.0
170.829,1.103,5.072,0.0
170.933,1.103,4.338,0.0
171.037,1.102,5.418,0.0
171.142,1.104,5.152,0.0
171.246,1.106,4.412,0.0
171.351,1.074,5.414,0.0
171.455,1.104,4.482,0.0
171.56,1.049,5.354,0.0
171.664,1.076,5.236,0.0
171.769,1.076,4.434,0.0
171.873,1.073,4.738,0.0
171.977,1.073,5.496,0.0
172.082,1.074,5.294,0.0
172.186,1.077,4.434,0.0
172.291,1.079,5.448,0.0
172.394,1.078,4.518,0.0
172.499,1.135,4.798,0.0
172.603,1.076,5.602,0.0
172.708,1.102,4.536,0.0
172.812,1.077,4.81,0.0
172.916,1.138,5.076,0.0
173.021,1.075,5.534,0.0
173.125,1.099,4.496,0.0
173.23,1.101,5.494,0.0
173.334,1.075,4.52,0.0
173.439,1.074,4.772,0.0
173.543,1.05,5.618,0.0
173.648,1.075,4.55,0.0
173.752,1.047,5.482,0.0
173.857,1.075,4.498,0.0
173.961,1.048,5.488,0.0
174.065,1.077,4.514,0.0
174.169,1.05,5.482,0.0
174.273,1.103,4.594,0.0
174.378,1.076,4.742,0.0
174.482,1.105,5.582,0.0
174.587,1.136,4.56,0.0
174.691,1.1,5.482,0.0
174.796,1.08,5.078,0.0
174.9,1.105,5.176,0.0
175.004,1.081,4.402,0.0
175.109,1.049,5.422,0.0
175.213,1.077,5.05,0.0
175.318,1.048,4.462,0.0
175.422,1.077,5.498,0.0
175.527,1.076,4.514,0.0
175.631,1.107,5.5,0.0
175.736,1.076,5.212,0.0
175.839,1.078,5.066,0.0
175.943,1.104,4.394,0.0
176.048,1.078,5.456,0.0
176.152,1.107,5.23,0.0
176.257,1.105,4.386,0.0
176.361,1.103,5.458,0.0
176.466,1.078,4.532,0.0
176.57,1.102,5.488,0.0
176.675,1.084,5.22,0.0
176.779,1.103,4.396,0.0
176.883,1.079,4.744,0.0
176.988,1.047,5.574,0.0
177.092,1.079,5.258,0.0
177.197,1.05,4.422,0.0
177.301,1.077,5.46,0.0
177.406,1.076,4.522,0.0
177.51,1.108,4.958,0.0
177.614,1.078,5.474,0.0
177.718,1.106,4.522,0.0
177.822,1.104,5.502,0.0
177.927,1.103,4.52,0.0
178.031,1.104,5.486,0.0
178.136,1.077,4.516,0.0
178.24,1.105,5.494,0.0
178.345,1.079,4.488,0.0
178.449,1.101,4.792,0.0
178.554,1.047,5.604,0.0
178.658,1.076,4.558,0.0
178.763,1.056,5.488,0.0
178.867,1.076,4.524,0.0
178.971,1.076,5.462,0.0
179.076,1.076,4.56,0.0
179.18,1.077,5.466,0.0
179.284,1.077,4.95,0.0
179.388,1.104,4.55,0.0
179.493,1.077,5.494,0.0
179.597,1.102,4.518,0.0
179.702,1.076,5.494,0.0
179.806,1.106,5.226,0.0
179.91,1.105,5.112,0.0
180.015,1.103,4.344,0.0
180.119,1.079,5.416,0.0
180.224,1.104,5.19,0.0
180.328,1.109,4.394,0.0
180.433,1.073,5.446,0.0
180.537,1.052,4.534,0.0
180.642,1.073,5.46,0.0
180.746,1.075,5.226,0.0
180.85,1.079,5.084,0.0
180.955,1.077,4.358,0.0
181.058,1.113,5.262,0.0
181.163,1.079,5.298,0.0
181.267,1.106,4.416,0.0
181.372,1.081,5.454,0.0
181.476,1.105,4.496,0.0
181.581,1.075,4.778,0.0
181.685,1.103,5.596,0.0
181.789,1.077,4.608,0.0
181.894,1.103,4.79,0.0
181.998,1.077,4.904,0.0
182.103,1.045,5.65,0.0
182.207,1.076,4.598,0.0
182.312,1.049,5.512,0.0
182.416,1.077,4.692,0.0
182.521,1.049,4.716,0.0
182.625,1.077,5.57,0.0
182.729,1.047,4.55,0.0
182.834,1.075,5.46,0.0
182.937,1.048,4.556,0.0
183.042,1.104,5.5,0.0
183.146,1.077,4.526,0.0
183.251,1.102,5.49,0.0
183.355,1.079,5.192,0.0
183.46,1.105,4.432,0.0
183.564,1.075,5.452,0.0
183.668,1.104,4.534,0.0
183.773,1.103,5.438,0.0
183.877,1.101,4.518,0.0
183.982,1.072,5.5,0.0
184.086,1.052,4.514,0.0
184.191,1.078,5.372,0.0
184.295,1.05,5.306,0.0
184.4,1.078,4.438,0.0
184.504,1.075,5.442,0.0
184.607,1.079,4.51,0.0
184.712,1.1,4.784,0.0
184.816,1.073,5.59,0.0
184.921,1.102,5.298,0.0
185.025,1.103,4.372,0.0
185.13,1.103,4.804,0.0
185.234,1.075,5.558,0.0
185.339,1.102,4.552,0.0
185.443,1.078,5.496,0.0
185.548,1.105,4.714,0.0
185.652,1.053,4.676,0.0
185.756,1.047,5.534,0.0
185.861,1.078,5.212,0.0
185.965,1.075,5.038,0.0
186.07,1.078,4.394,0.0
186.174,1.047,5.464,0.0
186.279,1.078,4.518,0.0
186.382,1.051,5.478,0.0
186.487,1.105,5.196,0.0
186.591,1.103,4.446,0.0
186.695,1.104,5.45,0.0
186.8,1.073,4.498,0.0
186.904,1.106,5.496,0.0
187.009,1.076,4.516,0.0
187.113,1.074,5.498,0.0
187.218,1.103,4.516,0.0
187.322,1.045,4.798,0.0
187.427,1.075,5.614,0.0
187.531,1.107,4.568,0.0
187.635,1.072,5.488,0.0
187.74,1.051,4.452,0.0
187.844,1.077,4.812,0.0
187.949,1.049,4.904,0.0
188.053,1.109,5.648,0.0
188.157,1.048,4.744,0.0
188.261,1.104,4.718,0.0
188.366,1.077,5.568,0.0
188.47,1.103,4.56,0.0
188.574,1.075,5.5,0.0
188.679,1.102,5.216,0.0
188.783,1.076,4.412,0.0
188.888,1.107,4.73,0.0
188.992,1.101,5.578,0.0
189.097,1.106,5.26,0.0
189.201,1.077,4.436,0.0
189.306,1.051,5.44,0.0
189.41,1.077,4.514,0.0
189.515,1.054,5.418,0.0
189.619,1.075,5.266,0.0
189.723,1.051,4.454,0.0
189.828,1.076,5.456,0.0
189.931,1.052,4.504,0.0
190.036,1.141,5.46,0.0
190.14,1.081,4.56,0.0
190.245,1.078,5.464,0.0
190.349,1.106,4.544,0.0
190.454,1.075,4.792,0.0
190.558,1.103,5.614,0.0
190.662,1.139,4.554,0.0
190.767,1.101,5.478,0.0
190.871,1.073,4.498,0.0
190.976,1.076,5.478,0.0
191.08,1.08,4.516,0.0
191.185,1.078,5.502,0.0
191.289,1.074,5.192,0.0
191.394,1.076,4.454,0.0
191.498,1.075,5.442,0.0
191.602,1.078,4.534,0.0
191.706,1.082,5.436,0.0
191.81,1.103,5.216,0.0
191.915,1.106,5.11,0.0
192.019,1.11,4.372,0.0
192.124,1.075,5.008,0.0
192.228,1.137,5.39,0.0
192.333,1.083,4.496,0.0
192.437,1.078,5.492,0.0
192.541,1.105,4.47,0.0
192.646,1.051,4.792,0.0
192.75,1.074,5.602,0.0
192.855,1.052,4.574,0.0
192.959,1.108,4.796,0.0
193.064,1.076,4.906,0.0
193.168,1.047,5.644,0.0
193.273,1.075,4.588,0.0
193.376,1.045,5.536,0.0
193.48,1.104,5.222,0.0
193.585,1.103,4.416,0.0
193.689,1.102,5.42,0.0
193.794,1.107,4.466,0.0
193.898,1.103,5.5,0.0
194.003,1.076,4.52,0.0
194.107,1.075,5.476,0.0
194.212,1.103,4.52,0.0
194.316,1.048,4.962,0.0
194.42,1.079,5.486,0.0
194.525,1.052,4.518,0.0
194.629,1.075,5.494,0.0
194.734,1.077,4.502,0.0
194.838,1.046,4.78,0.0
194.943,1.076,4.924,0.0
195.046,1.049,5.64,0.0
195.151,1.102,4.776,0.0
195.255,1.138,4.692,0.0
195.359,1.081,5.552,0.0
195.464,1.102,4.536,0.0
195.568,1.081,5.49,0.0
195.673,1.104,5.204,0.0
195.777,1.103,4.384,0.0
195.882,1.073,4.754,0.0
195.986,1.1,5.576,0.0
196.091,1.108,5.25,0.0
196.195,1.078,4.444,0.0
196.3,1.051,5.46,0.0
196.404,1.08,4.514,0.0
196.508,1.076,4.926,0.0
196.613,1.048,5.526,0.0
196.717,1.078,4.548,0.0
196.821,1.048,5.478,0.0
196.925,1.105,4.534,0.0
197.03,1.077,5.464,0.0
197.134,1.104,4.518,0.0
197.239,1.075,5.494,0.0
197.343,1.103,4.91,0.0
197.447,1.081,4.558,0.0
197.552,1.077,5.476,0.0
197.656,1.103,4.514,0.0
197.761,1.048,5.486,0.0
197.865,1.076,4.524,0.0
197.97,1.048,5.502,0.0
198.074,1.077,4.51,0.0
198.179,1.054,5.5,0.0
198.283,1.078,5.212,0.0
198.387,1.076,4.398,0.0
198.492,1.076,5.444,0.0
198.595,1.051,4.514,0.0
198.7,1.104,4.806,0.0
198.804,1.075,5.554,0.0
198.909,1.104,5.25,0.0
199.013,1.107,4.416,0.0
199.118,1.078,4.748,0.0
199.222,1.102,5.574,0.0
199.326,1.136,4.544,0.0
199.431,1.106,5.484,0.0
199.535,1.103,5.218,0.0
199.64,1.078,4.384,0.0
199.744,1.046,5.444,0.0
199.849,1.074,5.228,0.0
199.953,1.074,5.09,0.0
200.058,1.08,4.354,0.0
200.162,1.052,5.424,0.0
200.267,1.078,4.456,0.0
200.37,1.052,5.184,0.0
200.474,1.106,5.41,0.0
200.579,1.078,4.478,0.0
200.683,1.108,5.442,0.0
200.788,1.078,4.478,0.0
200.892,1.104,5.494,0.0
200.997,1.077,4.532,0.0
201.101,1.098,5.486,0.0
201.206,1.082,4.832,0.0
201.31,1.101,4.594,0.0
201.414,1.076,5.524,0.0
201.519,1.072,4.564,0.0
201.623,1.079,5.49,0.0
201.728,1.049,5.202,0.0
201.832,1.074,5.09,0.0
201.937,1.052,4.368,0.0
202.041,1.077,5.422,0.0
202.145,1.053,5.16,0.0
202.249,1.107,4.39,0.0
202.353,1.075,5.46,0.0
202.458,1.106,4.5,0.0
202.562,1.076,4.782,0.0
202.667,1.071,5.61,0.0
202.771,1.105,4.542,0.0
202.876,1.078,4.808,0.0
202.98,1.1,4.87,0.0
203.085,1.055,5.614,0.0
203.189,1.079,4.56,0.0
203.293,1.076,5.462,0.0
203.398,1.077,5.248,0.0
203.502,1.076,4.446,0.0
203.607,1.05,5.434,0.0
203.711,1.077,4.504,0.0
203.815,1.05,5.488,0.0
203.919,1.102,4.514,0.0
204.024,1.076,5.488,0.0
204.128,1.103,4.512,0.0
204.232,1.073,4.776,0.0
204.337,1.101,5.616,0.0
204.441,1.135,4.564,0.0
204.546,1.106,5.46,0.0
204.65,1.078,4.554,0.0
204.755,1.134,4.804,0.0
204.859,1.052,4.886,0.0
204.964,1.046,5.618,0.0
205.068,1.076,5.23,0.0
205.172,1.074,4.428,0.0
205.277,1.076,5.424,0.0
205.381,1.073,4.51,0.0
205.486,1.074,5.498,0.0
205.589,1.077,5.22,0.0
205.694,1.103,4.394,0.0
205.798,1.075,5.444,0.0
205.903,1.105,4.65,0.0
206.007,1.075,5.406,0.0
206.111,1.102,4.48,0.0
206.216,1.075,5.446,0.0
206.32,1.104,4.502,0.0
206.425,1.073,4.788,0.0
206.529,1.075,5.604,0.0
206.634,1.076,4.542,0.0
206.738,1.046,5.488,0.0
206.843,1.077,4.5,0.0
206.947,1.047,5.496,0.0
207.052,1.076,4.51,0.0
207.156,1.049,5.496,0.0
207.26,1.076,5.214,0.0
207.364,1.077,4.394,0.0
207.468,1.103,5.446,0.0
207.573,1.077,4.522,0.0
207.677,1.105,4.894,0.0
207.782,1.075,5.518,0.0
207.886,1.103,5.252,0.0
207.991,1.107,4.434,0.0
208.095,1.101,4.75,0.0
208.199,1.077,5.564,0.0
208.304,1.105,4.552,0.0
208.408,1.075,5.488,0.0
208.513,1.049,5.174,0.0
208.617,1.074,4.442,0.0
208.722,1.051,5.462,0.0
208.826,1.076,5.224,0.0
208.931,1.054,5.07,0.0
209.035,1.077,4.35,0.0
209.138,1.105,5.424,0.0
209.243,1.097,4.494,0.0
209.347,1.105,4.984,0.0
209.452,1.076,5.458,0.0
209.556,1.083,4.506,0.0
209.661,1.075,5.502,0.0
209.765,1.107,4.46,0.0
209.87,1.076,5.534,0.0
209.974,1.103,4.52,0.0
210.078,1.046,5.488,0.0
210.183,1.073,5.14,0.0
210.287,1.053,4.416,0.0
210.392,1.075,5.434,0.0
210.496,1.079,4.522,0.0
210.601,1.05,5.5,0.0
210.705,1.077,5.218,0.0
210.809,1.077,5.11,0.0
210.913,1.104,4.366,0.0
211.017,1.076,4.906,0.0
211.122,1.104,5.456,0.0
211.226,1.106,4.516,0.0
211.331,1.101,5.496,0.0
211.435,1.106,4.446,0.0
211.54,1.1,4.816,0.0
211.644,1.075,5.616,0.0
211.749,1.101,4.566,0.0
211.853,1.049,5.204,0.0
211.958,1.074,4.688,0.0
212.062,1.048,5.524,0.0
212.166,1.074,4.574,0.0
212.271,1.052,5.488,0.0
212.375,1.077,5.22,0.0
212.48,1.052,4.4,0.0
212.584,1.076,5.41,0.0
212.688,1.084,4.48,0.0
212.792,1.074,5.42,0.0
212.897,1.106,4.5,0.0
213.001,1.078,5.502,0.0
213.105,1.102,4.476,0.0
213.21,1.075,4.804,0.0
213.314,1.076,5.564,0.0
213.419,1.104,4.55,0.0
213.523,1.05,5.476,0.0
213.628,1.077,5.202,0.0
213.732,1.078,4.406,0.0
213.837,1.073,4.72,0.0
213.941,1.051,5.562,0.0
214.045,1.072,5.246,0.0
214.15,1.079,4.45,0.0
214.253,1.047,5.446,0.0
214.358,1.103,4.522,0.0
214.462,1.075,4.782,0.0
214.567,1.103,5.614,0.0
214.671,1.103,4.572,0.0
214.776,1.076,4.782,0.0
214.88,1.077,4.912,0.0
214.984,1.08,5.652,0.0
215.089,1.076,4.596,0.0
215.193,1.102,5.524,0.0
215.298,1.05,5.264,0.0
215.402,1.076,4.432,0.0
215.507,1.047,5.438,0.0
215.611,1.08,4.514,0.0
215.716,1.053,5.174,0.0
215.82,1.075,4.706,0.0
215.924,1.075,5.57,0.0
216.029,1.077,4.558,0.0
216.132,1.102,4.8,0.0
216.237,1.077,5.582,0.0
216.341,1.103,4.548,0.0
216.446,1.078,5.5,0.0
216.55,1.106,5.136,0.0
216.655,1.105,4.448,0.0
216.759,1.103,4.762,0.0
216.863,1.076,5.58,0.0
216.968,1.102,5.252,0.0
217.072,1.054,4.438,0.0
217.177,1.047,5.454,0.0
217.281,1.08,4.534,0.0
217.386,1.049,4.734,0.0
217.49,1.075,5.572,0.0
217.595,1.048,4.56,0.0
217.699,1.077,5.494,0.0
217.803,1.054,4.514,0.0
217.907,1.134,5.484,0.0
218.011,1.081,4.508,0.0
218.116,1.078,5.49,0.0
218.22,1.079,5.21,0.0
218.325,1.104,4.394,0.0
218.429,1.103,5.454,0.0
218.534,1.103,4.502,0.0
218.638,1.099,5.23,0.0
218.743,1.049,4.674,0.0
218.847,1.072,5.528,0.0
218.951,1.049,4.562,0.0
219.056,1.074,4.792,0.0
219.16,1.051,5.612,0.0
219.265,1.075,4.556,0.0
219.369,1.051,5.486,0.0
219.474,1.078,5.182,0.0
219.577,1.05,4.432,0.0
219.682,1.101,5.46,0.0
219.786,1.08,5.214,0.0
219.89,1.108,5.068,0.0
219.995,1.079,4.344,0.0
220.099,1.105,5.396,0.0
220.204,1.083,4.512,0.0
220.308,1.072,4.794,0.0
220.413,1.102,5.608,0.0
220.517,1.075,4.542,0.0
220.622,1.073,5.46,0.0
220.726,1.109,4.552,0.0
220.83,1.073,5.458,0.0
220.935,1.048,4.552,0.0
221.039,1.075,5.5,0.0
221.144,1.077,5.22,0.0
221.248,1.077,4.396,0.0
221.352,1.048,5.454,0.0
221.456,1.102,4.522,0.0
221.561,1.077,5.252,0.0
221.665,1.102,5.382,0.0
221.769,1.104,5.162,0.0
221.874,1.085,4.336,0.0
221.978,1.076,4.752,0.0
222.083,1.078,5.568,0.0
222.187,1.136,4.554,0.0
222.292,1.102,5.494,0.0
222.396,1.076,5.216,0.0
222.501,1.077,4.398,0.0
222.605,1.049,5.45,0.0
222.71,1.076,5.212,0.0
222.814,1.055,5.072,0.0
222.918,1.081,4.37,0.0
223.023,1.054,5.402,0.0
223.127,1.078,4.47,0.0
223.231,1.052,4.748,0.0
223.335,1.133,5.574,0.0
223.44,1.077,4.554,0.0
223.544,1.101,5.474,0.0
223.649,1.073,5.154,0.0
223.753,1.105,5.15,0.0
223.857,1.104,4.348,0.0
223.962,1.136,5.42,0.0
224.066,1.082,5.186,0.0
224.171,1.103,4.394,0.0
224.275,1.072,5.444,0.0
224.38,1.077,4.506,0.0
224.484,1.073,4.79,0.0
224.589,1.051,5.604,0.0
224.693,1.075,5.264,0.0
224.797,1.075,4.456,0.0
224.902,1.074,4.762,0.0
225.005,1.047,5.576,0.0
225.11,1.103,4.536,0.0
225.214,1.077,5.502,0.0
225.319,1.104,5.228,0.0
225.423,1.139,4.394,0.0
225.528,1.101,5.436,0.0
225.632,1.076,4.496,0.0
225.736,1.102,5.496,0.0
225.841,1.077,4.518,0.0
225.945,1.136,5.488,0.0
226.05,1.047,4.458,0.0
226.154,1.045,4.838,0.0
226.259,1.074,5.612,0.0
226.363,1.072,4.548,0.0
226.468,1.071,5.494,0.0
226.572,1.075,5.222,0.0
226.676,1.078,5.09,0.0
226.78,1.077,4.356,0.0
226.884,1.102,5.406,0.0
226.989,1.073,5.15,0.0
227.093,1.105,4.41,0.0
227.198,1.074,5.42,0.0
227.302,1.104,4.468,0.0
227.407,1.079,4.742,0.0
227.511,1.077,5.566,0.0
227.615,1.081,4.556,0.0
227.72,1.071,5.186,0.0
227.824,1.074,4.718,0.0
227.929,1.046,5.566,0.0
228.033,1.076,4.57,0.0
228.138,1.048,5.486,0.0
228.242,1.076,5.23,0.0
228.347,1.109,4.416,0.0
228.451,1.076,5.416,0.0
228.555,1.113,4.42,0.0
228.659,1.103,5.472,0.0
228.763,1.103,4.534,0.0
228.868,1.104,5.436,0.0
228.972,1.101,5.064,0.0
229.077,1.106,4.508,0.0
229.181,1.076,5.492,0.0
229.286,1.103,4.528,0.0
229.39,1.079,5.482,0.0
229.495,1.101,5.196,0.0
229.599,1.075,4.448,0.0
229.703,1.044,4.752,0.0
229.808,1.073,4.878,0.0
229.912,1.049,5.604,0.0
230.017,1.077,4.548,0.0
230.121,1.048,5.47,0.0
230.226,1.075,5.222,0.0
230.329,1.074,4.394,0.0
230.434,1.1,5.446,0.0
230.538,1.075,4.514,0.0
230.642,1.099,5.484,0.0
230.747,1.077,4.508,0.0
230.851,1.103,5.5,0.0
230.956,1.08,4.502,0.0
231.06,1.072,4.8,0.0
231.165,1.099,5.556,0.0
231.269,1.047,4.572,0.0
231.374,1.072,5.494,0.0
231.478,1.053,5.23,0.0
231.582,1.072,4.38,0.0
231.687,1.072,4.756,0.0
231.791,1.048,5.568,0.0
231.896,1.075,5.248,0.0
232.0,1.074,4.45,0.0
232.104,1.1,5.462,0.0
232.208,1.077,4.522,0.0
232.313,1.105,4.79,0.0
232.417,1.072,5.612,0.0
232.521,1.104,4.572,0.0
232.626,1.077,4.852,0.0
232.73,1.099,4.868,0.0
232.835,1.074,5.598,0.0
232.939,1.101,4.602,0.0
233.044,1.049,5.486,0.0
233.148,1.074,5.218,0.0
233.253,1.075,4.406,0.0
233.357,1.108,5.42,0.0
233.462,1.076,4.49,0.0
233.566,1.047,4.738,0.0
233.67,1.076,4.862,0.0
233.774,1.046,5.652,0.0
233.878,1.106,5.248,0.0
233.983,1.105,4.47,0.0
234.087,1.1,5.444,0.0
234.192,1.075,4.502,0.0
234.296,1.105,5.476,0.0
234.401,1.078,5.21,0.0
234.505,1.106,4.39,0.0
234.609,1.103,4.768,0.0
234.714,1.045,4.866,0.0
234.818,1.074,5.63,0.0
234.923,1.051,4.592,0.0
235.027,1.05,5.532,0.0
235.132,1.074,5.268,0.0
235.236,1.079,4.404,0.0
235.341,1.073,5.42,0.0
235.444,1.077,4.482,0.0
235.548,1.102,5.448,0.0
235.653,1.105,4.504,0.0
235.757,1.102,5.498,0.0
235.862,1.076,4.516,0.0
235.966,1.104,4.784,0.0
236.071,1.077,5.608,0.0
236.175,1.102,4.544,0.0
236.28,1.104,5.494,0.0
236.384,1.074,5.214,0.0
236.488,1.076,4.396,0.0
236.593,1.047,4.75,0.0
236.697,1.074,5.56,0.0
236.802,1.05,5.256,0.0
236.906,1.076,4.432,0.0
237.011,1.051,5.434,0.0
237.115,1.078,4.534,0.0
237.219,1.049,4.75,0.0
237.323,1.104,5.554,0.0
237.427,1.076,4.548,0.0
237.532,1.102,5.44,0.0
237.636,1.136,4.538,0.0
237.741,1.079,5.5,0.0
237.845,1.103,4.512,0.0
237.95,1.101,5.126,0.0
238.054,1.076,5.454,0.0
238.159,1.102,4.514,0.0
238.263,1.048,5.488,0.0
238.367,1.073,4.614,0.0
238.472,1.074,4.716,0.0
238.576,1.047,4.862,0.0
238.681,1.071,5.638,0.0
238.785,1.073,5.292,0.0
238.89,1.075,4.438,0.0
238.993,1.049,5.454,0.0
239.098,1.103,4.518,0.0
239.202,1.076,4.838,0.0
239.307,1.101,5.574,0.0
239.411,1.138,4.538,0.0
239.515,1.081,4.802,0.0
239.62,1.075,4.872,0.0
239.724,1.102,5.616,0.0
239.829,1.08,4.558,0.0
239.933,1.103,5.498,0.0
240.038,1.047,5.21,0.0
240.142,1.075,4.378,0.0
240.247,1.07,5.444,0.0
240.351,1.074,4.518,0.0
240.455,1.074,4.804,0.0
240.56,1.048,4.848,0.0
240.664,1.11,5.642,0.0
240.768,1.049,4.692,0.0
240.872,1.102,4.754,0.0
240.977,1.074,5.58,0.0
241.081,1.104,4.562,0.0
241.186,1.072,5.49,0.0
241.29,1.105,5.212,0.0
241.394,1.077,4.4,0.0
241.499,1.074,4.728,0.0
241.603,1.099,4.964,0.0
241.708,1.046,5.57,0.0
241.812,1.075,4.556,0.0
241.917,1.051,5.496,0.0
242.021,1.076,5.11,0.0
242.126,1.075,4.48,0.0
242.23,1.047,5.452,0.0
242.334,1.077,4.508,0.0
242.438,1.043,5.496,0.0
242.542,1.101,4.522,0.0
242.647,1.073,5.472,0.0
242.751,1.079,4.516,0.0
242.856,1.139,4.79,0.0
242.96,1.075,5.616,0.0
243.065,1.104,4.558,0.0
243.169,1.078,5.488,0.0
243.273,1.1,5.202,0.0
243.378,1.103,4.394,0.0
243.482,1.047,4.748,0.0
243.587,1.074,5.572,0.0
243.691,1.11,5.26,0.0
243.796,1.075,4.438,0.0
243.9,1.049,5.446,0.0
244.005,1.077,4.53,0.0
244.109,1.074,4.794,0.0
244.212,1.048,5.59,0.0
244.317,1.105,4.588,0.0
244.421,1.076,5.126,0.0
244.526,1.099,4.806,0.0
244.63,1.076,5.57,0.0
244.735,1.102,4.558,0.0
244.839,1.072,5.388,0.0
244.944,1.101,5.296,0.0
245.048,1.102,4.438,0.0
245.153,1.1,5.444,0.0
245.257,1.048,4.494,0.0
245.361,1.073,4.79,0.0
245.466,1.051,4.908,0.0
245.57,1.046,5.65,0.0
245.675,1.074,5.308,0.0
245.779,1.075,4.44,0.0
245.884,1.075,5.45,0.0
245.987,1.051,4.508,0.0
246.092,1.138,5.036,0.0
246.196,1.075,5.5,0.0
246.3,1.099,4.514,0.0
246.405,1.102,4.774,0.0
246.509,1.075,4.89,0.0
246.614,1.073,5.656,0.0
246.718,1.077,4.596,0.0
246.823,1.051,5.54,0.0
246.927,1.074,5.184,0.0
247.032,1.075,4.434,0.0
247.136,1.072,5.436,0.0
247.24,1.074,4.52,0.0
247.345,1.075,4.788,0.0
247.449,1.049,4.922,0.0
247.554,1.074,5.636,0.0
247.657,1.047,4.832,0.0
247.762,1.105,4.686,0.0
247.866,1.074,5.54,0.0
247.971,1.102,4.512,0.0
248.075,1.074,5.496,0.0
248.179,1.105,5.22,0.0
248.284,1.141,4.402,0.0
248.388,1.103,4.692,0.0
248.493,1.072,4.858,0.0
248.597,1.11,5.65,0.0
248.702,1.05,4.612,0.0
248.806,1.112,5.484,0.0
248.911,1.074,5.184,0.0
249.015,1.076,4.45,0.0
249.119,1.075,5.466,0.0
249.224,1.075,4.518,0.0
249.328,1.074,5.116,0.0
249.432,1.049,4.754,0.0
249.536,1.077,5.576,0.0
249.641,1.103,4.516,0.0
249.745,1.077,4.828,0.0
249.85,1.073,5.608,0.0
249.954,1.078,4.552,0.0
250.059,1.074,5.502,0.0
250.163,1.106,5.21,0.0
250.267,1.101,4.402,0.0
250.372,1.099,4.724,0.0
250.476,1.047,5.044,0.0
250.581,1.075,5.562,0.0
250.685,1.049,4.572,0.0
250.79,1.11,5.488,0.0
250.894,1.074,4.988,0.0
250.999,1.071,4.528,0.0
251.103,1.075,5.494,0.0
251.206,1.048,4.516,0.0
251.311,1.101,5.49,0.0
251.415,1.104,4.508,0.0
251.52,1.102,5.472,0.0
251.624,1.078,4.518,0.0
251.729,1.1,4.788,0.0
251.833,1.072,5.608,0.0
251.938,1.1,4.55,0.0
252.042,1.105,5.496,0.0
252.146,1.051,5.228,0.0
252.251,1.075,4.404,0.0
252.355,1.049,4.706,0.0
252.46,1.076,5.418,0.0
252.564,1.047,5.328,0.0
252.669,1.074,4.478,0.0
252.773,1.049,5.452,0.0
252.878,1.074,4.89,0.0
252.981,1.046,4.564,0.0
253.085,1.101,5.496,0.0
253.19,1.074,4.534,0.0
253.294,1.1,5.454,0.0
253.399,1.074,4.526,0.0
253.503,1.14,5.494,0.0
253.608,1.074,4.51,0.0
253.712,1.075,4.774,0.0
253.817,1.102,5.614,0.0
253.921,1.1,4.568,0.0
254.025,1.074,5.486,0.0
254.13,1.075,5.222,0.0
254.234,1.076,4.382,0.0
254.339,1.049,4.744,0.0
254.443,1.074,5.578,0.0
254.548,1.049,5.25,0.0
254.652,1.076,4.424,0.0
254.756,1.048,5.442,0.0
254.86,1.101,4.496,0.0
254.964,1.075,4.8,0.0
255.069,1.14,5.564,0.0
255.173,1.075,4.568,0.0
255.278,1.102,5.48,0.0
255.382,1.075,4.52,0.0
255.487,1.075,5.482,0.0
255.591,1.101,4.504,0.0
255.696,1.046,4.77,0.0
255.8,1.071,5.604,0.0
255.905,1.077,4.55,0.0
256.009,1.047,5.488,0.0
256.113,1.075,5.038,0.0
256.218,1.076,5.21,0.0
256.322,1.079,4.4,0.0
256.426,1.047,5.422,0.0
256.53,1.102,5.144,0.0
256.635,1.106,4.398,0.0
256.739,1.076,5.434,0.0
256.844,1.102,4.534,0.0
256.948,1.075,4.742,0.0
257.052,1.101,5.57,0.0
257.157,1.075,4.538,0.0
257.261,1.097,5.44,0.0
257.366,1.071,4.536,0.0
257.47,1.1,5.476,0.0
257.575,1.047,4.514,0.0
257.679,1.075,5.198,0.0
257.784,1.047,5.422,0.0
257.888,1.073,4.47,0.0
257.992,1.045,5.432,0.0
258.097,1.075,4.988,0.0
258.201,1.048,5.226,0.0
258.306,1.073,4.392,0.0
258.409,1.048,5.426,0.0
258.514,1.104,5.218,0.0
258.618,1.101,4.394,0.0
258.723,1.075,5.444,0.0
258.827,1.102,4.524,0.0
258.931,1.074,4.78,0.0
259.036,1.101,5.61,0.0
259.14,1.074,4.56,0.0
259.245,1.102,5.224,0.0
259.349,1.071,4.652,0.0
259.454,1.098,5.564,0.0
259.558,1.113,4.538,0.0
259.663,1.073,5.068,0.0
259.767,1.05,5.46,0.0
259.871,1.073,4.518,0.0
259.976,1.048,5.494,0.0
260.08,1.076,4.852,0.0
260.185,1.05,5.288,0.0
260.289,1.078,4.426,0.0
260.393,1.048,5.458,0.0
260.497,1.101,5.224,0.0
260.602,1.103,4.376,0.0
260.706,1.074,5.456,0.0
260.811,1.103,4.53,0.0
260.915,1.074,4.796,0.0
261.019,1.074,5.612,0.0
261.124,1.074,4.552,0.0
261.228,1.139,5.186,0.0
261.333,1.075,4.73,0.0
261.437,1.074,5.56,0.0
261.542,1.048,4.56,0.0
261.646,1.113,5.178,0.0
261.751,1.044,5.422,0.0
261.855,1.075,4.49,0.0
261.959,1.045,5.452,0.0
262.064,1.075,4.712,0.0
262.168,1.049,5.362,0.0
262.273,1.073,4.464,0.0
262.376,1.046,5.484,0.0
262.481,1.076,5.212,0.0
262.585,1.102,4.406,0.0
262.69,1.074,5.42,0.0
262.794,1.101,4.48,0.0
262.898,1.076,4.732,0.0
263.003,1.073,5.616,0.0
263.107,1.103,4.534,0.0
263.212,1.076,5.244,0.0
263.316,1.102,4.68,0.0
263.421,1.046,5.508,0.0
263.525,1.076,4.552,0.0
263.63,1.046,5.374,0.0
263.734,1.072,5.304,0.0
263.838,1.075,4.426,0.0
263.943,1.074,5.45,0.0
264.047,1.074,4.87,0.0
264.152,1.076,5.262,0.0
264.256,1.075,4.436,0.0
264.36,1.073,5.458,0.0
264.464,1.1,5.2,0.0
264.569,1.074,4.418,0.0
264.673,1.099,5.446,0.0
264.777,1.075,4.534,0.0
264.882,1.1,4.742,0.0
264.986,1.074,5.56,0.0
265.091,1.102,4.566,0.0
265.195,1.074,5.204,0.0
265.3,1.103,4.668,0.0
265.404,1.047,5.538,0.0
265.509,1.073,4.502,0.0
265.613,1.076,5.144,0.0
265.718,1.074,5.422,0.0
265.822,1.048,4.46,0.0
265.926,1.071,5.502,0.0
266.031,1.049,4.75,0.0
266.135,1.077,5.312,0.0
266.239,1.115,4.472,0.0
266.343,1.099,5.452,0.0
266.448,1.102,5.22,0.0
266.552,1.105,4.382,0.0
266.657,1.073,5.46,0.0
266.761,1.102,4.518,0.0
266.865,1.07,4.784,0.0
266.97,1.075,5.602,0.0
267.074,1.14,4.546,0.0
267.179,1.098,5.304,0.0
267.283,1.043,4.638,0.0
267.388,1.071,5.528,0.0
267.492,1.114,4.568,0.0
267.597,1.074,5.282,0.0
267.701,1.046,5.344,0.0
267.805,1.072,4.446,0.0
267.91,1.049,5.46,0.0
268.014,1.075,4.95,0.0
268.118,1.048,5.196,0.0
268.222,1.103,4.416,0.0
268.327,1.074,5.458,0.0
268.431,1.101,5.21,0.0
268.536,1.102,4.398,0.0
268.64,1.073,5.42,0.0
268.744,1.098,4.51,0.0
268.849,1.102,4.802,0.0
268.953,1.075,5.578,0.0
269.058,1.1,4.552,0.0
269.162,1.044,5.402,0.0
269.267,1.07,4.558,0.0
269.371,1.046,5.482,0.0
269.476,1.073,4.5,0.0
269.58,1.047,5.124,0.0
269.684,1.072,5.454,0.0
269.789,1.046,4.528,0.0
269.893,1.072,5.496,0.0
269.997,1.076,5.106,0.0
270.101,1.103,5.172,0.0
270.206,1.104,4.412,0.0
270.31,1.101,5.422,0.0
270.415,1.104,5.148,0.0
270.519,1.139,4.396,0.0
270.623,1.102,5.46,0.0
270.728,1.075,4.442,0.0
270.832,1.1,4.83,0.0
270.937,1.071,5.61,0.0
271.041,1.098,4.566,0.0
271.146,1.044,5.492,0.0
271.25,1.075,4.52,0.0
271.355,1.045,5.5,0.0
271.459,1.073,4.52,0.0
271.564,1.076,4.792,0.0
271.668,1.045,5.602,0.0
271.772,1.075,4.552,0.0
271.877,1.112,5.496,0.0
271.98,1.045,5.198,0.0
272.085,1.103,5.112,0.0
272.189,1.099,4.394,0.0
272.294,1.101,5.414,0.0
272.398,1.1,5.206,0.0
272.503,1.078,4.402,0.0
272.607,1.1,5.424,0.0
272.711,1.102,4.634,0.0
272.816,1.071,4.668,0.0
272.92,1.098,5.514,0.0
273.025,1.074,4.54,0.0
273.129,1.074,5.5,0.0
273.234,1.044,4.5,0.0
273.338,1.073,5.498,0.0
273.443,1.048,4.518,0.0
273.547,1.074,4.782,0.0
273.651,1.044,5.602,0.0
273.756,1.077,4.544,0.0
273.859,1.048,5.49,0.0
273.964,1.103,5.228,0.0
274.068,1.102,5.092,0.0
274.173,1.104,4.342,0.0
274.277,1.142,4.802,0.0
274.382,1.07,5.502,0.0
274.486,1.1,4.516,0.0
274.59,1.074,5.474,0.0
274.695,1.102,5.072,0.0
274.799,1.076,4.488,0.0
274.904,1.074,5.45,0.0
275.008,1.076,4.518,0.0
275.113,1.045,5.49,0.0
275.217,1.074,4.516,0.0
275.322,1.042,5.502,0.0
275.426,1.073,4.46,0.0
275.531,1.047,4.836,0.0
275.635,1.069,5.588,0.0
275.739,1.073,4.598,0.0
275.843,1.072,5.528,0.0
275.947,1.1,5.25,0.0
276.052,1.072,5.148,0.0
276.156,1.105,4.342,0.0
276.261,1.075,4.698,0.0
276.365,1.097,5.574,0.0
276.47,1.076,4.552,0.0
276.574,1.1,5.502,0.0
276.678,1.073,5.226,0.0
276.783,1.103,4.39,0.0
276.887,1.048,5.462,0.0
276.992,1.072,4.756,0.0
277.096,1.073,5.324,0.0
277.201,1.076,4.476,0.0
277.305,1.074,5.46,0.0
277.41,1.074,4.95,0.0
277.514,1.072,4.506,0.0
277.617,1.043,5.496,0.0
277.722,1.073,4.496,0.0
277.826,1.101,5.466,0.0
277.931,1.074,5.256,0.0
278.035,1.101,5.146,0.0
278.14,1.099,4.376,0.0
278.244,1.102,4.72,0.0
278.349,1.075,5.556,0.0
278.453,1.102,4.568,0.0
278.557,1.069,5.498,0.0
278.662,1.101,5.19,0.0
278.766,1.102,4.434,0.0
278.871,1.071,5.454,0.0
278.975,1.073,4.522,0.0
279.08,1.073,5.484,0.0
279.184,1.075,4.53,0.0
279.289,1.071,5.492,0.0
279.393,1.072,5.196,0.0
279.497,1.072,4.444,0.0
279.601,1.044,5.432,0.0
279.705,1.073,4.514,0.0
279.81,1.073,4.78,0.0
279.914,1.073,5.592,0.0
280.019,1.1,5.29,0.0
280.123,1.099,4.634,0.0
280.228,1.074,4.63,0.0
280.332,1.099,5.522,0.0
280.436,1.072,4.554,0.0
280.541,1.098,5.496,0.0
280.645,1.073,5.182,0.0
280.75,1.074,4.432,0.0
280.854,1.046,5.446,0.0
280.959,1.073,4.516,0.0
281.063,1.045,5.494,0.0
281.168,1.072,4.494,0.0
281.272,1.045,5.492,0.0
281.377,1.074,5.21,0.0
281.48,1.073,4.39,0.0
281.584,1.101,5.462,0.0
281.689,1.101,4.516,0.0
281.793,1.101,4.774,0.0
281.898,1.071,5.606,0.0
282.002,1.074,5.226,0.0
282.107,1.098,5.0,0.0
282.211,1.105,4.426,0.0
282.316,1.072,5.444,0.0
282.42,1.098,4.518,0.0
282.524,1.046,5.088,0.0
282.629,1.072,5.446,0.0
282.733,1.074,4.5,0.0
282.838,1.073,5.502,0.0
282.942,1.043,4.494,0.0
283.047,1.071,5.492,0.0
283.151,1.048,4.52,0.0
283.256,1.071,5.484,0.0
283.359,1.073,5.22,0.0
283.463,1.1,4.376,0.0
283.568,1.071,5.458,0.0
283.672,1.099,4.46,0.0
283.777,1.07,4.828,0.0
283.881,1.1,5.61,0.0
283.986,1.138,5.23,0.0
284.09,1.099,5.122,0.0
284.195,1.139,4.394,0.0
284.299,1.099,5.442,0.0
284.403,1.072,4.51,0.0
284.508,1.069,4.782,0.0
284.612,1.044,5.612,0.0
284.717,1.073,4.548,0.0
284.821,1.046,5.494,0.0
284.926,1.072,4.504,0.0
285.03,1.045,5.5,0.0
285.135,1.072,4.524,0.0
285.238,1.045,5.298,0.0
285.342,1.1,5.316,0.0
285.447,1.102,4.472,0.0
285.551,1.099,5.46,0.0
285.656,1.1,5.052,0.0
285.76,1.099,4.518,0.0
285.865,1.071,4.772,0.0
285.969,1.097,5.604,0.0
286.074,1.071,5.266,0.0
286.178,1.102,4.434,0.0
286.283,1.043,5.452,0.0
286.387,1.072,4.534,0.0
286.491,1.044,4.768,0.0
286.596,1.075,5.562,0.0
286.7,1.11,4.542,0.0
286.805,1.071,5.464,0.0
286.909,1.047,4.558,0.0
287.014,1.072,5.488,0.0
287.117,1.072,4.512,0.0
287.222,1.07,4.798,0.0
287.326,1.071,5.596,0.0
287.43,1.072,4.588,0.0
287.535,1.1,5.514,0.0
287.639,1.072,5.254,0.0
287.744,1.1,4.428,0.0
287.848,1.071,4.746,0.0
287.953,1.1,5.532,0.0
288.057,1.073,5.298,0.0
288.162,1.097,4.434,0.0
288.266,1.045,5.452,0.0
288.37,1.07,4.87,0.0
288.475,1.042,4.55,0.0
288.579,1.108,5.49,0.0
288.684,1.072,4.534,0.0
288.788,1.046,5.42,0.0
288.893,1.071,4.514,0.0
288.997,1.07,5.498,0.0
289.101,1.047,4.52,0.0
289.205,1.1,4.808,0.0
289.309,1.071,5.566,0.0
289.414,1.1,4.552,0.0
289.518,1.072,5.496,0.0
289.623,1.1,5.226,0.0
289.727,1.074,4.4,0.0
289.832,1.137,4.71,0.0
289.936,1.071,4.878,0.0
290.041,1.066,5.618,0.0
290.145,1.042,4.568,0.0
290.249,1.072,5.498,0.0
290.354,1.045,5.206,0.0
290.458,1.071,4.4,0.0
290.563,1.044,5.416,0.0
290.667,1.072,4.492,0.0
290.772,1.045,4.75,0.0
290.876,1.07,4.872,0.0
290.98,1.043,5.594,0.0
291.084,1.074,4.804,0.0
291.188,1.07,4.67,0.0
291.293,1.097,5.53,0.0
291.397,1.136,4.552,0.0
291.502,1.07,5.46,0.0
291.606,1.098,5.254,0.0
291.711,1.1,4.442,0.0
291.815,1.07,4.74,0.0
291.92,1.099,4.87,0.0
292.024,1.042,5.616,0.0
292.129,1.07,4.568,0.0
292.233,1.043,5.492,0.0
292.337,1.073,5.186,0.0
292.442,1.072,4.442,0.0
292.546,1.071,5.432,0.0
292.651,1.073,4.46,0.0
292.755,1.073,5.522,0.0
292.86,1.071,4.556,0.0
292.963,1.073,5.482,0.0
293.068,1.104,5.222,0.0
293.172,1.14,4.404,0.0
293.276,1.1,5.414,0.0
293.381,1.139,4.464,0.0
293.485,1.097,4.776,0.0
293.59,1.071,5.622,0.0
293.694,1.096,4.566,0.0
293.799,1.071,5.166,0.0
293.903,1.096,4.728,0.0
294.008,1.043,5.572,0.0
294.112,1.072,4.558,0.0
294.216,1.046,4.898,0.0
294.321,1.071,5.53,0.0
294.425,1.044,4.538,0.0
294.53,1.069,5.48,0.0
294.634,1.044,5.118,0.0
294.739,1.074,5.174,0.0
294.842,1.073,4.4,0.0
294.947,1.099,5.384,0.0
295.051,1.103,5.212,0.0
295.155,1.101,4.396,0.0
295.26,1.098,5.436,0.0
295.364,1.071,4.594,0.0
295.469,1.098,4.756,0.0
295.573,1.068,5.576,0.0
295.678,1.103,4.552,0.0
295.782,1.07,5.5,0.0
295.887,1.07,4.534,0.0
295.991,1.072,5.464,0.0
296.095,1.073,4.512,0.0
296.2,1.072,4.792,0.0
296.304,1.041,5.616,0.0
296.409,1.074,4.568,0.0
296.513,1.041,5.498,0.0
296.618,1.072,5.224,0.0
296.721,1.07,5.096,0.0
296.826,1.072,4.338,0.0
296.93,1.138,4.712,0.0
297.035,1.071,5.576,0.0
297.139,1.102,4.534,0.0
297.243,1.07,5.48,0.0
297.348,1.099,5.214,0.0
297.452,1.101,4.376,0.0
297.557,1.099,5.46,0.0
297.661,1.072,4.5,0.0
297.766,1.097,5.502,0.0
297.87,1.048,4.51,0.0
297.975,1.068,5.488,0.0
298.079,1.047,4.95,0.0
298.183,1.071,4.528,0.0
298.288,1.045,5.496,0.0
298.392,1.069,4.52,0.0
298.497,1.042,5.122,0.0
298.601,1.072,5.45,0.0
298.705,1.044,5.216,0.0
298.809,1.101,4.516,0.0
298.914,1.071,4.656,0.0
299.018,1.098,5.572,0.0
299.122,1.099,4.558,0.0
299.227,1.072,5.494,0.0
299.331,1.099,5.218,0.0
299.436,1.074,4.414,0.0
299.54,1.096,5.39,0.0
299.645,1.099,4.614,0.0
299.749,1.042,5.414,0.0
299.854,1.074,4.48,0.0
299.958,1.042,5.42,0.0
300.062,1.074,5.214,0.0
300.167,1.072,4.412,0.0
300.271,1.071,5.402,0.0
300.376,1.072,4.466,0.0
300.48,1.071,4.808,0.0
300.585,1.045,5.568,0.0
300.688,1.044,5.236,0.0
300.793,1.098,5.142,0.0
300.897,1.099,4.352,0.0
301.001,1.098,5.396,0.0
301.106,1.099,4.512,0.0
301.21,1.098,4.804,0.0
301.315,1.072,5.55,0.0
301.419,1.098,4.55,0.0
301.524,1.07,5.458,0.0
301.628,1.096,4.55,0.0
301.733,1.069,5.458,0.0
301.837,1.073,4.568,0.0
301.942,1.071,5.032,0.0
302.046,1.043,5.496,0.0
302.15,1.07,4.514,0.0
302.255,1.042,5.49,0.0
302.359,1.074,5.106,0.0
302.463,1.072,4.494,0.0
302.567,1.072,5.446,0.0
302.672,1.097,5.088,0.0
302.776,1.074,5.156,0.0
302.881,1.097,4.392,0.0
302.985,1.073,5.418,0.0
303.089,1.099,4.634,0.0
303.194,1.072,4.702,0.0
303.298,1.135,5.572,0.0
303.403,1.074,4.544,0.0
303.507,1.098,5.438,0.0
303.612,1.043,4.538,0.0
303.716,1.07,5.498,0.0
303.821,1.044,4.496,0.0
303.925,1.069,4.804,0.0
304.029,1.043,5.564,0.0
304.134,1.072,4.548,0.0
304.238,1.043,5.494,0.0
304.343,1.073,5.216,0.0
304.447,1.072,4.398,0.0
304.551,1.045,5.452,0.0
304.655,1.098,4.506,0.0
304.76,1.069,5.492,0.0
304.864,1.099,4.504,0.0
304.968,1.068,5.496,0.0
305.073,1.099,5.208,0.0
305.177,1.098,4.396,0.0
305.282,1.095,5.442,0.0
305.386,1.07,4.516,0.0
305.491,1.098,4.798,0.0
305.595,1.043,4.894,0.0
305.7,1.068,5.616,0.0
305.804,1.049,5.226,0.0
305.908,1.07,4.476,0.0
306.013,1.043,5.446,0.0
306.117,1.07,4.524,0.0
306.222,1.043,4.788,0.0
306.326,1.07,5.61,0.0
306.43,1.109,4.564,0.0
306.534,1.097,5.458,0.0
306.639,1.069,4.56,0.0
306.743,1.098,5.49,0.0
306.847,1.098,4.528,0.0
306.952,1.096,5.25,0.0
307.056,1.069,5.34,0.0
307.161,1.096,4.472,0.0
307.265,1.071,5.46,0.0
307.37,1.097,4.988,0.0
307.474,1.044,4.506,0.0
307.579,1.068,4.774,0.0
307.683,1.043,5.612,0.0
307.788,1.07,5.246,0.0
307.892,1.041,4.426,0.0
307.996,1.07,5.426,0.0
308.101,1.044,4.574,0.0
308.205,1.071,4.734,0.0
308.309,1.042,5.566,0.0
308.413,1.096,4.552,0.0
308.518,1.072,5.476,0.0
308.622,1.098,4.514,0.0
308.727,1.07,5.494,0.0
308.831,1.098,4.534,0.0
308.935,1.071,4.744,0.0
309.04,1.096,5.58,0.0
309.144,1.069,4.56,0.0
309.249,1.095,5.5,0.0
309.353,1.043,5.218,0.0
309.458,1.069,4.394,0.0
309.562,1.039,4.766,0.0
309.667,1.069,4.862,0.0
309.771,1.04,5.65,0.0
309.875,1.068,4.584,0.0
309.98,1.042,5.534,0.0
310.084,1.068,5.208,0.0
310.188,1.111,4.396,0.0
310.292,1.098,5.458,0.0
310.397,1.069,4.506,0.0
310.501,1.098,5.486,0.0
310.606,1.101,4.518,0.0
310.71,1.096,5.496,0.0
310.814,1.098,5.194,0.0
310.919,1.098,4.438,0.0
311.023,1.069,5.458,0.0
311.128,1.099,4.53,0.0
311.232,1.041,4.776,0.0
311.337,1.069,5.586,0.0
311.441,1.04,4.596,0.0
311.546,1.067,5.106,0.0
311.65,1.04,4.794,0.0
311.755,1.04,5.606,0.0
311.859,1.07,4.55,0.0
311.963,1.107,4.796,0.0
312.067,1.067,5.618,0.0
312.171,1.097,4.544,0.0
312.276,1.068,5.49,0.0
312.38,1.096,5.23,0.0
312.485,1.138,5.07,0.0
312.589,1.1,4.36,0.0
312.694,1.073,5.176,0.0
312.798,1.098,5.34,0.0
312.902,1.073,4.442,0.0
313.007,1.07,5.46,0.0
313.111,1.068,4.97,0.0
313.216,1.07,4.524,0.0
313.32,1.069,5.492,0.0
313.425,1.07,5.154,0.0
313.529,1.069,5.142,0.0
313.634,1.071,4.356,0.0
313.738,1.068,5.418,0.0
313.842,1.072,4.634,0.0
313.946,1.044,4.676,0.0
314.05,1.098,5.538,0.0
314.155,1.071,4.53,0.0
314.259,1.135,5.348,0.0
314.364,1.071,5.284,0.0
314.468,1.099,5.14,0.0
314.573,1.102,4.436,0.0
314.677,1.094,4.676,0.0
314.781,1.069,5.54,0.0
314.886,1.098,4.514,0.0
314.99,1.043,5.49,0.0
315.095,1.072,5.19,0.0
315.199,1.041,4.432,0.0
315.304,1.07,5.454,0.0
315.408,1.041,4.498,0.0
315.513,1.07,5.474,0.0
315.617,1.044,4.524,0.0
315.721,1.067,5.502,0.0
315.825,1.072,5.214,0.0
315.929,1.098,4.402,0.0
316.034,1.069,5.418,0.0
316.138,1.096,4.412,0.0
316.243,1.136,4.774,0.0
316.347,1.066,5.608,0.0
316.452,1.095,5.258,0.0
316.556,1.098,5.11,0.0
316.66,1.097,4.412,0.0
316.765,1.068,5.406,0.0
316.869,1.097,4.494,0.0
316.974,1.043,4.746,0.0
317.078,1.068,5.558,0.0
317.183,1.042,4.55,0.0
317.287,1.104,5.49,0.0
317.392,1.07,4.508,0.0
317.496,1.106,5.502,0.0
317.601,1.07,4.51,0.0
317.704,1.038,4.786,0.0
317.808,1.069,5.592,0.0
317.913,1.096,4.596,0.0
318.017,1.094,5.538,0.0
318.122,1.094,5.214,0.0
318.226,1.067,4.386,0.0
318.331,1.067,4.748,0.0
318.435,1.067,5.31,0.0
318.54,1.068,5.386,0.0
318.644,1.095,4.52,0.0
318.748,1.042,5.496,0.0
318.853,1.068,5.222,0.0
318.957,1.072,4.382,0.0
319.062,1.067,5.446,0.0
319.166,1.069,4.516,0.0
319.271,1.043,4.788,0.0
319.375,1.066,4.908,0.0
319.48,1.041,5.64,0.0
319.584,1.07,5.048,0.0
319.687,1.07,4.606,0.0
319.792,1.068,5.484,0.0
319.896,1.069,4.504,0.0
320.001,1.132,5.162,0.0
320.105,1.068,5.424,0.0
320.21,1.096,4.48,0.0
320.314,1.07,4.708,0.0
320.419,1.067,4.918,0.0
320.523,1.07,5.638,0.0
320.627,1.092,4.58,0.0
320.732,1.068,5.528,0.0
320.836,1.065,5.244,0.0
320.941,1.07,4.42,0.0
321.045,1.042,5.422,0.0
321.15,1.07,5.008,0.0
321.254,1.07,5.208,0.0
321.359,1.067,4.4,0.0
321.462,1.041,5.422,0.0
321.566,1.096,5.156,0.0
321.671,1.095,4.398,0.0
321.775,1.094,5.446,0.0
321.88,1.096,4.634,0.0
321.984,1.095,4.728,0.0
322.089,1.067,5.558,0.0
322.193,1.093,4.556,0.0
322.298,1.069,5.462,0.0
322.402,1.094,4.556,0.0
322.507,1.041,5.484,0.0
322.611,1.068,4.512,0.0
322.715,1.038,4.79,0.0
322.82,1.04,5.582,0.0
322.924,1.07,4.592,0.0
323.029,1.039,5.542,0.0
323.133,1.071,5.184,0.0
323.238,1.068,5.12,0.0
323.341,1.108,4.396,0.0
323.446,1.096,4.752,0.0
323.55,1.067,5.574,0.0
323.654,1.096,4.556,0.0
323.759,1.064,5.494,0.0
323.863,1.067,5.222,0.0
323.968,1.092,4.4,0.0
324.072,1.069,5.404,0.0
324.177,1.096,4.464,0.0
324.281,1.094,5.484,0.0
324.386,1.067,4.51,0.0
324.49,1.066,5.498,0.0
324.594,1.068,5.2,0.0
324.699,1.068,4.43,0.0
324.803,1.041,5.452,0.0
324.908,1.07,4.518,0.0
325.012,1.038,4.786,0.0
325.117,1.068,5.606,0.0
325.22,1.042,5.222,0.0
325.325,1.098,5.124,0.0
325.429,1.099,4.384,0.0
325.533,1.097,5.45,0.0
325.638,1.095,4.514,0.0
325.742,1.098,4.784,0.0
325.847,1.065,5.592,0.0
325.951,1.069,4.6,0.0
326.056,1.065,5.516,0.0
326.16,1.095,4.57,0.0
326.265,1.04,5.494,0.0
326.369,1.07,4.512,0.0
326.473,1.039,4.8,0.0
326.578,1.064,5.58,0.0
326.682,1.041,4.55,0.0
326.787,1.065,5.474,0.0
326.891,1.042,5.216,0.0
326.996,1.067,4.392,0.0
327.099,1.038,5.448,0.0
327.204,1.093,4.598,0.0
327.308,1.068,5.46,0.0
327.412,1.094,4.518,0.0
327.517,1.069,5.496,0.0
327.621,1.094,5.208,0.0
327.726,1.096,4.398,0.0
327.83,1.093,5.452,0.0
327.935,1.07,4.518,0.0
328.039,1.093,4.788,0.0
328.144,1.037,4.926,0.0
328.248,1.062,5.64,0.0
328.353,1.038,5.028,0.0
328.457,1.071,4.59,0.0
328.561,1.039,5.54,0.0
328.666,1.068,4.53,0.0
328.77,1.039,4.838,0.0
328.875,1.068,5.574,0.0
328.978,1.038,4.562,0.0
329.083,1.095,5.484,0.0
329.187,1.069,4.506,0.0
329.292,1.092,5.496,0.0
329.396,1.069,4.498,0.0
329.5,1.092,5.284,0.0
329.605,1.068,5.334,0.0
329.709,1.096,4.442,0.0
329.814,1.069,5.458,0.0
329.918,1.094,5.048,0.0
330.023,1.04,4.516,0.0
330.127,1.102,4.792,0.0
330.232,1.039,5.62,0.0
330.336,1.065,5.226,0.0
330.44,1.039,4.442,0.0
330.545,1.065,5.462,0.0
330.649,1.039,4.712,0.0
330.754,1.066,4.676,0.0
330.857,1.038,5.54,0.0
330.962,1.095,4.51,0.0
331.066,1.065,5.498,0.0
331.171,1.096,4.524,0.0
331.275,1.064,5.486,0.0
331.379,1.091,4.494,0.0
331.484,1.067,4.792,0.0
331.588,1.09,5.62,0.0
331.693,1.064,4.552,0.0
331.797,1.092,5.492,0.0
331.902,1.043,5.21,0.0
332.006,1.07,4.382,0.0
332.111,1.04,4.754,0.0
332.215,1.04,4.862,0.0
332.319,1.063,5.622,0.0
332.424,1.066,4.6,0.0
332.528,1.068,5.53,0.0
332.632,1.066,5.25,0.0
332.736,1.096,4.434,0.0
332.841,1.065,5.454,0.0
332.945,1.067,4.534,0.0
333.05,1.094,5.454,0.0
333.154,1.071,4.494,0.0
333.259,1.092,5.484,0.0
333.363,1.067,5.22,0.0
333.467,1.092,4.398,0.0
333.572,1.064,5.462,0.0
333.676,1.091,4.514,0.0
333.781,1.039,4.778,0.0
333.885,1.07,5.582,0.0
333.99,1.039,5.304,0.0
334.094,1.066,5.146,0.0
334.199,1.068,4.366,0.0
334.303,1.066,5.4,0.0
334.407,1.07,4.466,0.0
334.511,1.038,4.788,0.0
334.615,1.065,5.622,0.0
334.72,1.093,4.552,0.0
334.824,1.066,5.502,0.0
334.929,1.094,5.192,0.0
335.033,1.094,5.146,0.0
335.138,1.094,4.34,0.0
335.242,1.065,4.71,0.0
335.346,1.094,5.55,0.0
335.451,1.067,4.542,0.0
335.555,1.09,5.49,0.0
335.66,1.066,5.22,0.0
335.764,1.066,4.398,0.0
335.869,1.042,5.442,0.0
335.973,1.067,4.57,0.0
336.078,1.036,5.444,0.0
336.182,1.066,4.508,0.0
336.286,1.066,5.488,0.0
336.391,1.066,5.214,0.0
336.494,1.107,4.388,0.0
336.599,1.093,5.448,0.0
336.703,1.066,4.52,0.0
336.808,1.094,4.786,0.0
336.912,1.066,5.616,0.0
337.017,1.093,5.26,0.0
337.121,1.095,5.136,0.0
337.225,1.093,4.362,0.0
337.33,1.063,5.422,0.0
337.434,1.096,4.468,0.0
337.539,1.039,4.75,0.0
337.643,1.065,5.578,0.0
337.748,1.068,4.546,0.0
337.852,1.065,5.484,0.0
337.957,1.064,4.508,0.0
338.061,1.064,5.502,0.0
338.166,1.066,4.502,0.0
338.27,1.064,4.964,0.0
338.373,1.042,5.502,0.0
338.478,1.091,4.516,0.0
338.582,1.066,5.488,0.0
338.687,1.068,5.216,0.0
338.791,1.09,4.412,0.0
338.896,1.066,4.706,0.0
339.0,1.093,5.374,0.0
339.105,1.063,5.372,0.0
339.209,1.093,4.48,0.0
339.313,1.091,5.432,0.0
339.418,1.089,5.122,0.0
339.522,1.065,4.47,0.0
339.627,1.034,5.458,0.0
339.731,1.067,4.52,0.0
339.836,1.037,4.788,0.0
339.94,1.063,4.914,0.0
340.045,1.039,5.652,0.0
340.149,1.064,4.89,0.0
340.252,1.066,4.636,0.0
340.357,1.067,5.53,0.0
340.461,1.094,4.552,0.0
340.566,1.067,4.962,0.0
340.67,1.093,5.478,0.0
340.775,1.066,4.516,0.0
340.879,1.092,4.786,0.0
340.984,1.063,4.908,0.0
341.088,1.129,5.638,0.0
341.192,1.068,4.598,0.0
341.297,1.09,5.31,0.0
341.401,1.039,5.374,0.0
341.506,1.065,4.478,0.0
341.61,1.065,5.426,0.0
341.715,1.062,5.108,0.0
341.819,1.065,4.472,0.0
341.924,1.066,4.738,0.0
342.028,1.037,5.498,0.0
342.132,1.062,5.302,0.0
342.236,1.04,4.454,0.0
342.34,1.092,5.452,0.0
342.445,1.094,5.028,0.0
342.549,1.094,4.524,0.0
342.654,1.066,5.46,0.0
342.758,1.095,4.544,0.0
342.863,1.064,5.49,0.0
342.967,1.091,4.534,0.0
343.071,1.066,5.444,0.0
343.176,1.093,4.744,0.0
343.28,1.036,4.622,0.0
343.385,1.061,5.524,0.0
343.489,1.038,4.558,0.0
343.594,1.061,5.314,0.0
343.698,1.035,5.336,0.0
343.803,1.063,5.122,0.0
343.907,1.066,4.634,0.0
344.012,1.064,4.572,0.0
344.115,1.037,5.53,0.0
344.219,1.062,4.552,0.0
344.324,1.128,5.476,0.0
344.428,1.066,5.202,0.0
344.533,1.093,4.402,0.0
344.637,1.064,5.422,0.0
344.742,1.093,5.058,0.0
344.846,1.133,5.16,0.0
344.951,1.096,4.416,0.0
345.055,1.066,5.422,0.0
345.159,1.094,5.144,0.0
345.264,1.129,4.394,0.0
345.368,1.063,5.456,0.0
345.473,1.063,4.87,0.0
345.577,1.064,4.548,0.0
345.682,1.038,5.504,0.0
345.786,1.064,5.226,0.0
345.891,1.066,5.102,0.0
345.995,1.064,4.354,0.0
346.098,1.04,5.388,0.0
346.203,1.092,4.654,0.0
346.307,1.065,4.712,0.0
346.412,1.088,5.568,0.0
346.516,1.066,4.562,0.0
346.621,1.092,5.448,0.0
346.725,1.093,5.248,0.0
346.83,1.064,5.12,0.0
346.934,1.094,4.416,0.0
347.038,1.094,4.72,0.0
347.143,1.041,5.558,0.0
347.247,1.063,4.542,0.0
347.352,1.035,5.486,0.0
347.456,1.062,5.218,0.0
347.561,1.064,4.394,0.0
347.665,1.061,5.452,0.0
347.77,1.066,4.526,0.0
347.874,1.036,5.498,0.0
347.979,1.067,4.502,0.0
348.082,1.033,5.494,0.0
348.186,1.092,5.208,0.0
348.291,1.132,4.39,0.0
348.395,1.092,5.464,0.0
348.5,1.091,4.534,0.0
348.604,1.09,4.746,0.0
348.709,1.063,4.858,0.0
348.813,1.13,5.63,0.0
348.918,1.063,5.304,0.0
349.022,1.093,4.44,0.0
349.126,1.037,5.44,0.0
349.231,1.063,4.452,0.0
349.335,1.035,4.834,0.0
349.44,1.06,5.612,0.0
349.544,1.037,4.552,0.0
349.649,1.064,5.482,0.0
349.753,1.037,4.528,0.0
349.858,1.062,5.472,0.0
349.961,1.039,4.5,0.0
350.065,1.091,4.774,0.0
350.17,1.063,5.602,0.0
350.274,1.09,4.568,0.0
350.379,1.06,5.484,0.0
350.483,1.093,5.226,0.0
350.588,1.094,4.398,0.0
350.692,1.09,4.77,0.0
350.797,1.061,4.864,0.0
350.901,1.088,5.63,0.0
351.005,1.066,4.606,0.0
351.11,1.06,5.504,0.0
351.214,1.037,5.214,0.0
351.319,1.064,4.382,0.0
351.423,1.035,5.462,0.0
351.528,1.064,4.448,0.0
351.632,1.036,4.824,0.0
351.737,1.062,4.902,0.0
351.84,1.037,5.652,0.0
351.944,1.064,5.3,0.0
352.049,1.095,4.45,0.0
352.153,1.092,5.464,0.0
352.258,1.09,4.52,0.0
352.362,1.088,4.782,0.0
352.467,1.062,5.598,0.0
352.571,1.091,4.598,0.0
352.676,1.062,5.508,0.0
352.78,1.088,4.55,0.0
352.884,1.031,5.5,0.0
352.989,1.063,4.52,0.0
353.093,1.035,4.788,0.0
353.198,1.035,5.616,0.0
353.302,1.064,4.568,0.0
353.407,1.099,5.484,0.0
353.511,1.066,5.206,0.0
353.616,1.062,5.1,0.0
353.719,1.066,4.342,0.0
353.823,1.089,4.714,0.0
353.928,1.065,5.578,0.0
354.032,1.091,4.552,0.0
354.137,1.062,5.502,0.0
354.241,1.092,5.222,0.0
354.346,1.092,4.416,0.0
354.45,1.063,5.38,0.0
354.555,1.089,4.516,0.0
354.659,1.088,5.488,0.0
354.764,1.065,4.534,0.0
354.868,1.062,5.454,0.0
354.972,1.066,5.192,0.0
355.077,1.063,4.438,0.0
355.181,1.034,5.448,0.0
355.286,1.064,4.518,0.0
355.39,1.034,4.806,0.0
355.495,1.062,5.562,0.0
355.598,1.037,5.248,0.0
355.703,1.093,5.12,0.0
355.807,1.092,4.406,0.0
355.911,1.094,5.406,0.0
356.016,1.13,4.482,0.0
356.12,1.091,4.756,0.0
356.225,1.065,5.57,0.0
356.329,1.091,4.568,0.0
356.434,1.061,5.502,0.0
356.538,1.092,4.516,0.0
356.643,1.035,5.48,0.0
356.747,1.063,4.518,0.0
356.851,1.035,4.806,0.0
356.956,1.063,5.568,0.0
357.06,1.037,4.538,0.0
357.165,1.06,5.5,0.0
357.269,1.061,5.228,0.0
357.374,1.064,4.402,0.0
357.477,1.062,5.406,0.0
357.582,1.092,4.46,0.0
357.686,1.064,5.496,0.0
357.79,1.091,4.504,0.0
357.895,1.064,5.496,0.0
357.999,1.09,5.22,0.0
358.104,1.131,4.4,0.0
358.208,1.088,5.41,0.0
358.313,1.061,4.472,0.0
358.417,1.087,4.752,0.0
358.522,1.033,4.872,0.0
358.626,1.058,5.62,0.0
358.731,1.035,5.204,0.0
358.835,1.061,4.426,0.0
358.939,1.034,5.452,0.0
359.044,1.064,4.516,0.0
359.148,1.032,4.794,0.0
359.253,1.06,5.618,0.0
359.356,1.064,4.556,0.0
359.461,1.066,5.494,0.0
359.565,1.09,4.516,0.0
359.67,1.088,5.49,0.0
359.774,1.089,4.516,0.0
359.878,1.064,4.798,0.0
359.983,1.059,5.612,0.0
360.087,1.063,4.552,0.0
360.192,1.059,5.486,0.0
360.296,1.088,5.226,0.0
360.401,1.088,4.4,0.0
360.505,1.061,4.712,0.0
360.61,1.03,5.288,0.0
360.714,1.059,5.412,0.0
360.818,1.098,4.478,0.0
360.923,1.06,5.442,0.0
361.027,1.035,5.146,0.0
361.132,1.061,4.432,0.0
361.235,1.033,5.456,0.0
361.34,1.065,4.53,0.0
361.444,1.063,5.474,0.0
361.549,1.093,4.508,0.0
361.653,1.061,5.484,0.0
361.757,1.065,5.038,0.0
361.862,1.09,4.516,0.0
361.966,1.087,5.498,0.0
362.071,1.088,4.502,0.0
362.175,1.086,4.796,0.0
362.28,1.032,5.6,0.0
362.384,1.063,4.594,0.0
362.489,1.03,4.852,0.0
362.593,1.033,4.91,0.0
362.697,1.033,5.65,0.0
362.802,1.061,4.598,0.0
362.906,1.057,5.318,0.0
363.011,1.062,5.368,0.0
363.114,1.062,4.47,0.0
363.219,1.088,5.448,0.0
363.323,1.061,5.224,0.0
363.428,1.088,5.09,0.0
363.532,1.093,4.362,0.0
363.636,1.089,5.278,0.0
363.741,1.059,5.256,0.0
363.845,1.088,4.432,0.0
363.95,1.062,5.434,0.0
364.054,1.089,5.172,0.0
364.159,1.059,4.442,0.0
364.263,1.06,5.432,0.0
364.368,1.032,5.074,0.0
364.472,1.062,5.18,0.0
364.577,1.063,4.408,0.0
364.681,1.056,5.386,0.0
364.785,1.035,5.016,0.0
364.89,1.06,4.496,0.0
364.993,1.032,5.494,0.0
365.098,1.09,4.522,0.0
365.202,1.06,5.06,0.0
365.307,1.087,5.494,0.0
365.411,1.063,5.21,0.0
365.516,1.089,4.634,0.0
365.62,1.059,4.586,0.0
365.724,1.087,5.532,0.0
365.829,1.059,4.564,0.0
365.933,1.088,5.27,0.0
366.038,1.033,5.338,0.0
366.142,1.06,4.42,0.0
366.247,1.033,5.456,0.0
366.351,1.057,4.524,0.0
366.456,1.033,5.496,0.0
366.56,1.063,4.52,0.0
366.664,1.035,5.436,0.0
366.769,1.062,5.236,0.0
366.872,1.062,4.438,0.0
366.977,1.06,5.436,0.0
367.081,1.092,5.008,0.0
367.186,1.092,4.532,0.0
367.29,1.059,5.488,0.0
367.395,1.061,5.08,0.0
367.499,1.088,5.152,0.0
367.603,1.092,4.382,0.0
367.708,1.062,5.444,0.0
367.812,1.09,4.852,0.0
367.917,1.059,4.59,0.0
368.021,1.058,5.51,0.0
368.126,1.101,4.562,0.0
368.23,1.061,4.854,0.0
368.335,1.032,4.872,0.0
368.439,1.056,5.618,0.0
368.543,1.099,4.738,0.0
368.648,1.059,4.656,0.0
368.751,1.033,5.552,0.0
368.856,1.088,4.552,0.0
368.96,1.061,5.036,0.0
369.065,1.088,5.482,0.0
369.169,1.089,4.516,0.0
369.274,1.089,4.784,0.0
369.378,1.061,4.912,0.0
369.483,1.086,5.644,0.0
369.587,1.088,4.59,0.0
369.691,1.086,5.452,0.0
369.796,1.058,5.302,0.0
369.9,1.06,4.428,0.0
370.005,1.03,5.462,0.0
370.109,1.058,5.174,0.0
370.214,1.06,4.444,0.0
370.318,1.057,4.752,0.0
370.423,1.031,5.58,0.0
370.527,1.06,5.232,0.0
370.63,1.035,4.436,0.0
370.735,1.088,5.456,0.0
370.839,1.089,5.086,0.0
370.944,1.092,4.468,0.0
371.048,1.06,5.444,0.0
371.153,1.087,4.518,0.0
371.257,1.059,5.496,0.0
371.362,1.088,4.52,0.0
371.466,1.06,5.498,0.0
371.57,1.088,5.028,0.0
371.675,1.062,4.522,0.0
371.779,1.056,5.482,0.0
371.884,1.061,4.52,0.0
371.988,1.054,5.044,0.0
372.093,1.03,5.502,0.0
372.197,1.057,5.216,0.0
372.302,1.061,4.874,0.0
372.406,1.06,4.432,0.0
372.509,1.034,5.462,0.0
372.614,1.088,4.512,0.0
372.718,1.056,5.122,0.0
372.823,1.084,5.456,0.0
372.927,1.089,4.498,0.0
373.032,1.057,5.48,0.0
373.136,1.087,5.184,0.0
373.241,1.063,5.138,0.0
373.345,1.09,4.36,0.0
373.449,1.058,5.128,0.0
373.554,1.087,5.37,0.0
373.658,1.124,4.482,0.0
373.763,1.055,5.456,0.0
373.867,1.058,5.122,0.0
373.972,1.061,4.48,0.0
374.076,1.033,5.432,0.0
374.181,1.056,4.798,0.0
374.285,1.056,5.336,0.0
374.39,1.033,4.438,0.0
374.494,1.059,5.46,0.0
374.597,1.059,5.054,0.0
374.702,1.088,4.512,0.0
374.806,1.062,5.49,0.0
374.911,1.088,4.512,0.0
375.015,1.061,4.796,0.0
375.12,1.088,5.614,0.0
375.224,1.062,5.266,0.0
375.329,1.088,4.948,0.0
375.433,1.059,4.436,0.0
375.537,1.084,5.432,0.0
375.642,1.058,4.512,0.0
375.746,1.055,4.778,0.0
375.851,1.029,5.604,0.0
375.955,1.059,4.556,0.0
376.06,1.03,5.498,0.0
376.164,1.058,4.494,0.0
376.269,1.026,5.496,0.0
376.373,1.06,4.532,0.0
376.476,1.028,4.8,0.0
376.581,1.084,5.556,0.0
376.685,1.059,4.538,0.0
376.79,1.087,5.504,0.0
376.894,1.061,5.184,0.0
376.999,1.086,4.43,0.0
377.103,1.059,4.746,0.0
377.208,1.126,5.398,0.0
377.312,1.057,5.368,0.0
377.416,1.088,4.472,0.0
377.521,1.03,5.446,0.0
377.625,1.057,5.21,0.0
377.73,1.059,4.382,0.0
377.834,1.057,5.452,0.0
377.939,1.035,4.52,0.0
378.043,1.056,4.796,0.0
378.148,1.032,4.902,0.0
378.252,1.093,5.632,0.0
378.355,1.031,5.296,0.0
378.46,1.087,4.438,0.0
378.564,1.058,5.454,0.0
378.669,1.062,4.512,0.0
378.773,1.084,4.778,0.0
378.878,1.055,5.616,0.0
378.982,1.084,4.568,0.0
379.087,1.056,5.402,0.0
379.191,1.086,4.554,0.0
379.295,1.055,5.5,0.0
379.4,1.083,4.498,0.0
379.504,1.059,4.796,0.0
379.609,1.027,5.62,0.0
379.713,1.054,4.554,0.0
379.818,1.032,5.484,0.0
379.922,1.06,5.216,0.0
380.027,1.06,5.092,0.0
380.131,1.058,4.356,0.0
380.235,1.029,4.708,0.0
380.339,1.085,5.556,0.0
380.443,1.057,4.56,0.0
380.548,1.084,5.48,0.0
380.652,1.085,5.198,0.0
380.757,1.059,4.432,0.0
380.861,1.085,5.462,0.0
380.966,1.058,4.512,0.0
381.07,1.085,5.484,0.0
381.175,1.057,4.522,0.0
381.279,1.123,5.486,0.0
381.383,1.03,5.228,0.0
381.488,1.056,4.382,0.0
381.592,1.032,5.422,0.0
381.697,1.056,4.522,0.0
381.801,1.029,4.77,0.0
381.906,1.029,5.594,0.0
382.01,1.03,5.292,0.0
382.115,1.059,5.142,0.0
382.218,1.06,4.348,0.0
382.322,1.085,5.418,0.0
382.427,1.06,4.458,0.0
382.531,1.084,4.784,0.0
382.636,1.056,5.614,0.0
382.74,1.062,4.544,0.0
382.845,1.122,5.484,0.0
382.949,1.061,5.212,0.0
383.054,1.084,5.104,0.0
383.158,1.084,4.352,0.0
383.262,1.084,4.712,0.0
383.367,1.027,5.572,0.0
383.471,1.057,4.552,0.0
383.576,1.027,5.5,0.0
383.68,1.056,5.22,0.0
383.785,1.058,4.398,0.0
383.889,1.056,5.428,0.0
383.994,1.059,4.518,0.0
384.098,1.056,5.488,0.0
384.201,1.057,4.512,0.0
384.306,1.087,5.484,0.0
384.41,1.087,5.208,0.0
384.515,1.085,4.382,0.0
384.619,1.084,5.432,0.0
384.724,1.059,4.52,0.0
384.828,1.085,4.796,0.0
384.933,1.056,4.894,0.0
385.037,1.054,5.636,0.0
385.142,1.053,5.284,0.0
385.246,1.085,4.438,0.0
385.35,1.026,5.45,0.0
385.455,1.055,4.496,0.0
385.559,1.028,4.788,0.0
385.664,1.027,5.61,0.0
385.768,1.03,4.548,0.0
385.873,1.053,5.466,0.0
385.977,1.03,4.55,0.0
386.082,1.054,5.476,0.0
386.185,1.027,4.504,0.0
386.289,1.083,4.776,0.0
386.394,1.053,5.604,0.0
386.498,1.086,4.562,0.0
386.603,1.055,5.494,0.0
386.707,1.084,5.224,0.0
386.812,1.083,4.406,0.0
386.916,1.083,4.724,0.0
387.021,1.055,4.86,0.0
387.125,1.079,5.636,0.0
387.229,1.054,4.578,0.0
387.334,1.054,5.544,0.0
387.438,1.054,5.194,0.0
387.543,1.056,4.44,0.0
387.647,1.026,5.434,0.0
387.752,1.055,4.634,0.0
387.856,1.093,4.706,0.0
387.961,1.051,4.886,0.0
388.065,1.024,5.618,0.0
388.168,1.055,5.222,0.0
388.273,1.085,4.434,0.0
388.377,1.054,5.462,0.0
388.482,1.086,4.614,0.0
388.586,1.056,4.722,0.0
388.691,1.08,5.58,0.0
388.795,1.057,4.544,0.0
388.9,1.082,5.476,0.0
389.004,1.053,4.496,0.0
389.108,1.118,5.494,0.0
389.213,1.029,4.614,0.0
389.317,1.049,4.716,0.0
389.422,1.027,5.576,0.0
389.526,1.053,4.556,0.0
389.631,1.026,5.41,0.0
389.735,1.056,5.264,0.0
389.84,1.057,5.142,0.0
389.944,1.054,4.654,0.0
390.047,1.052,4.548,0.0
390.152,1.083,5.498,0.0
390.256,1.085,4.5,0.0
390.361,1.056,5.392,0.0
390.465,1.081,5.296,0.0
390.57,1.055,4.426,0.0
390.674,1.08,5.436,0.0
390.779,1.055,5.226,0.0
390.883,1.082,5.102,0.0
390.988,1.084,4.352,0.0
391.092,1.081,5.198,0.0
391.196,1.025,5.336,0.0
391.301,1.055,4.436,0.0
391.405,1.028,5.444,0.0
391.51,1.053,5.122,0.0
391.614,1.051,4.472,0.0
391.719,1.054,5.44,0.0
391.823,1.053,4.768,0.0
391.928,1.053,5.332,0.0
392.032,1.052,4.494,0.0
392.135,1.051,5.46,0.0
392.24,1.087,5.128,0.0
392.344,1.058,4.464,0.0
392.449,1.083,5.476,0.0
392.553,1.054,4.5,0.0
392.658,1.08,4.794,0.0
392.762,1.054,4.914,0.0
392.867,1.053,5.644,0.0
392.971,1.051,5.246,0.0
393.075,1.083,4.49,0.0
393.18,1.029,5.456,0.0
393.284,1.053,4.512,0.0
393.389,1.027,4.808,0.0
393.493,1.049,5.582,0.0
393.598,1.028,4.56,0.0
393.702,1.054,5.472,0.0
393.807,1.027,4.51,0.0
393.911,1.051,5.502,0.0
394.014,1.028,4.534,0.0
394.119,1.078,4.738,0.0
394.223,1.051,5.572,0.0
394.328,1.083,4.538,0.0
394.432,1.117,5.484,0.0
394.537,1.055,5.188,0.0
394.641,1.082,4.44,0.0
394.746,1.054,4.748,0.0
394.85,1.081,4.864,0.0
394.955,1.052,5.638,0.0
395.059,1.079,4.59,0.0
395.163,1.027,5.542,0.0
395.268,1.053,5.19,0.0
395.372,1.027,4.434,0.0
395.477,1.053,5.45,0.0
395.581,1.027,4.452,0.0
395.686,1.051,4.826,0.0
395.79,1.023,4.926,0.0
395.895,1.053,5.65,0.0
395.998,1.054,5.304,0.0
396.102,1.08,4.432,0.0
396.207,1.052,5.444,0.0
396.311,1.081,4.476,0.0
396.416,1.051,4.786,0.0
396.52,1.051,5.608,0.0
396.625,1.081,4.556,0.0
396.729,1.052,5.49,0.0
396.834,1.082,4.516,0.0
396.938,1.053,5.5,0.0
397.042,1.081,4.554,0.0
397.147,1.052,4.76,0.0
397.251,1.024,5.552,0.0
397.356,1.051,4.574,0.0
397.46,1.024,5.432,0.0
397.565,1.051,5.236,0.0
397.669,1.052,5.142,0.0
397.774,1.052,4.634,0.0
397.878,1.051,4.558,0.0
397.981,1.052,5.492,0.0
398.086,1.082,4.514,0.0
398.19,1.049,5.344,0.0
398.295,1.08,5.268,0.0
398.399,1.055,4.432,0.0
398.504,1.079,5.46,0.0
398.608,1.051,5.22,0.0
398.713,1.083,5.1,0.0
398.817,1.054,4.344,0.0
398.921,1.051,5.086,0.0
399.026,1.052,5.356,0.0
399.13,1.051,4.464,0.0
399.235,1.051,5.482,0.0
399.339,1.052,5.22,0.0
399.444,1.055,4.388,0.0
399.548,1.022,5.446,0.0
399.653,1.053,4.646,0.0
399.756,1.088,5.414,0.0
399.86,1.052,4.488,0.0
399.965,1.079,5.444,0.0
400.069,1.054,5.216,0.0
400.174,1.078,4.41,0.0
400.278,1.054,5.408,0.0
400.383,1.081,4.48,0.0
400.487,1.052,4.76,0.0
400.592,1.052,4.872,0.0
400.696,1.051,5.576,0.0
400.801,1.077,5.306,0.0
400.905,1.051,4.432,0.0
401.009,1.049,5.436,0.0
401.114,1.023,4.518,0.0
401.218,1.05,4.788,0.0
401.323,1.047,5.596,0.0
401.427,1.052,4.59,0.0
401.532,1.023,5.538,0.0
401.636,1.051,4.532,0.0
401.74,1.022,5.502,0.0
401.844,1.078,4.528,0.0
401.948,1.053,4.802,0.0
402.053,1.081,5.574,0.0
402.157,1.052,4.55,0.0
402.262,1.077,5.496,0.0
402.366,1.055,5.202,0.0
402.471,1.079,4.384,0.0
402.575,1.052,4.75,0.0
402.68,1.048,4.866,0.0
402.784,1.048,5.636,0.0
402.888,1.049,4.594,0.0
402.993,1.05,5.514,0.0
403.097,1.051,5.266,0.0
403.202,1.022,4.438,0.0
403.306,1.05,5.46,0.0
403.411,1.05,4.782,0.0
403.514,1.051,5.336,0.0
403.619,1.051,4.442,0.0
403.723,1.079,5.448,0.0
403.827,1.05,5.22,0.0
403.932,1.079,4.412,0.0
404.036,1.054,5.424,0.0
404.141,1.082,4.654,0.0
404.245,1.077,4.676,0.0
404.35,1.077,5.536,0.0
404.454,1.077,4.52,0.0
404.559,1.074,5.494,0.0
404.663,1.049,4.506,0.0
404.767,1.048,5.484,0.0
404.872,1.025,4.712,0.0
404.976,1.05,4.688,0.0
405.081,1.026,5.542,0.0
405.185,1.05,4.532,0.0
405.29,1.026,4.968,0.0
405.394,1.048,5.482,0.0
405.498,1.051,5.22,0.0
405.602,1.078,4.74,0.0
405.707,1.077,4.516,0.0
405.811,1.08,5.47,0.0
405.915,1.08,4.518,0.0
406.02,1.078,4.836,0.0
406.124,1.05,5.568,0.0
406.229,1.077,4.556,0.0
406.333,1.049,5.484,0.0
406.438,1.078,4.526,0.0
406.542,1.021,5.5,0.0
406.647,1.048,4.518,0.0
406.751,1.019,4.814,0.0
406.855,1.048,5.55,0.0
406.96,1.022,4.558,0.0
407.064,1.049,5.502,0.0
407.169,1.023,5.222,0.0
407.273,1.051,4.382,0.0
407.377,1.021,5.444,0.0
407.481,1.051,4.602,0.0
407.586,1.115,5.402,0.0
407.69,1.053,4.478,0.0
407.794,1.073,5.462,0.0
407.899,1.049,5.222,0.0
408.003,1.078,4.384,0.0
408.108,1.049,5.454,0.0
408.212,1.076,4.506,0.0
408.317,1.075,4.808,0.0
408.421,1.02,4.87,0.0
408.526,1.048,5.594,0.0
408.63,1.045,5.302,0.0
408.734,1.049,4.424,0.0
408.839,1.02,5.444,0.0
408.943,1.051,4.514,0.0
409.048,1.021,4.798,0.0
409.152,1.047,5.602,0.0
409.256,1.048,4.558,0.0
409.36,1.076,5.494,0.0
409.465,1.078,4.524,0.0
409.569,1.048,5.49,0.0
409.673,1.076,4.51,0.0
409.778,1.047,4.78,0.0
409.882,1.045,5.616,0.0
409.987,1.049,4.54,0.0
410.091,1.113,5.464,0.0
410.196,1.047,5.264,0.0
410.3,1.077,4.434,0.0
410.405,1.047,4.748,0.0
410.509,1.015,4.882,0.0
410.614,1.044,5.61,0.0
410.718,1.049,4.542,0.0
410.822,1.051,5.496,0.0
410.927,1.046,5.224,0.0
411.031,1.02,4.394,0.0
411.136,1.047,5.436,0.0
411.239,1.022,4.89,0.0
411.344,1.079,5.228,0.0
411.448,1.051,4.422,0.0
411.553,1.074,5.462,0.0
411.657,1.075,5.226,0.0
411.761,1.116,4.394,0.0
411.866,1.073,5.432,0.0
411.97,1.078,4.95,0.0
412.075,1.078,4.532,0.0
412.179,1.049,5.502,0.0
412.284,1.075,4.516,0.0
412.388,1.019,5.48,0.0
412.493,1.05,4.528,0.0
412.597,1.019,5.502,0.0
412.701,1.046,4.988,0.0
412.806,1.02,4.494,0.0
412.91,1.047,5.484,0.0
413.015,1.02,4.512,0.0
413.119,1.045,4.922,0.0
413.223,1.018,5.52,0.0
413.327,1.078,5.25,0.0
413.432,1.075,4.742,0.0
413.536,1.048,4.55,0.0
413.64,1.109,5.5,0.0
413.745,1.049,4.51,0.0
413.849,1.044,4.84,0.0
413.954,1.075,5.58,0.0
414.058,1.114,4.572,0.0
414.163,1.073,5.462,0.0
414.267,1.11,4.562,0.0
414.372,1.047,5.49,0.0
414.476,1.048,4.512,0.0
414.58,1.049,4.804,0.0
414.685,1.018,5.568,0.0
414.789,1.046,4.558,0.0
414.894,1.017,5.49,0.0
414.998,1.046,5.222,0.0
415.102,1.045,4.398,0.0
415.206,1.074,5.44,0.0
415.311,1.071,4.504,0.0
415.415,1.072,5.498,0.0
415.519,1.075,4.504,0.0
415.624,1.045,5.466,0.0
415.728,1.075,5.23,0.0
415.833,1.049,4.426,0.0
415.937,1.071,5.46,0.0
416.042,1.046,4.522,0.0
416.146,1.109,4.774,0.0
416.251,1.017,4.898,0.0
416.355,1.018,5.618,0.0
416.46,1.019,5.292,0.0
416.564,1.044,4.42,0.0
416.668,1.021,5.456,0.0
416.773,1.045,4.53,0.0
416.877,1.017,4.776,0.0
416.982,1.044,5.62,0.0
417.085,1.02,4.55,0.0
417.19,1.073,5.484,0.0
417.294,1.049,4.51,0.0
417.399,1.071,5.496,0.0
417.503,1.072,4.506,0.0
417.607,1.071,4.792,0.0
417.712,1.042,5.616,0.0
417.816,1.07,4.546,0.0
417.921,1.043,5.47,0.0
418.025,1.074,5.228,0.0
418.13,1.109,4.394,0.0
418.234,1.042,4.738,0.0
418.339,1.016,4.874,0.0
418.443,1.046,5.604,0.0
418.547,1.018,4.568,0.0
418.652,1.043,5.498,0.0
418.756,1.017,5.212,0.0
418.861,1.047,4.414,0.0
418.964,1.082,5.42,0.0
419.069,1.047,4.614,0.0
419.173,1.07,5.378,0.0
419.278,1.048,4.472,0.0
419.382,1.071,5.42,0.0
419.486,1.043,5.198,0.0
419.591,1.072,4.43,0.0
419.695,1.046,5.444,0.0
419.8,1.071,4.614,0.0
419.904,1.045,4.708,0.0
420.009,1.014,5.562,0.0
420.113,1.044,4.55,0.0
420.218,1.015,5.498,0.0
420.322,1.045,4.5,0.0
420.427,1.016,5.496,0.0
420.531,1.044,4.634,0.0
420.635,1.044,4.706,0.0
420.74,1.043,5.576,0.0
420.844,1.046,4.544,0.0
420.948,1.018,5.394,0.0
421.052,1.069,5.296,0.0
421.157,1.046,5.142,0.0
421.261,1.074,4.614,0.0
421.366,1.074,4.552,0.0
421.47,1.045,5.478,0.0
421.574,1.072,4.52,0.0
421.679,1.045,5.422,0.0
421.783,1.073,5.262,0.0
421.888,1.07,4.438,0.0
421.992,1.07,5.452,0.0
422.097,1.046,4.506,0.0
422.201,1.044,5.472,0.0
422.306,1.017,4.528,0.0
422.41,1.04,5.406,0.0
422.514,1.016,5.222,0.0
422.619,1.042,4.434,0.0
422.723,1.016,5.458,0.0
422.828,1.045,5.218,0.0
422.932,1.049,4.384,0.0
423.036,1.044,5.42,0.0
423.14,1.071,4.838,0.0
423.245,1.044,5.274,0.0
423.349,1.073,4.43,0.0
423.453,1.044,5.448,0.0
423.558,1.068,5.192,0.0
423.662,1.072,4.442,0.0
423.767,1.069,5.44,0.0
423.871,1.042,4.526,0.0
423.976,1.067,4.798,0.0
424.08,1.015,4.912,0.0
424.185,1.042,5.63,0.0
424.289,1.014,5.146,0.0
424.393,1.045,4.518,0.0
424.498,1.013,5.496,0.0
424.602,1.042,4.528,0.0
424.707,1.015,4.774,0.0
424.811,1.042,5.602,0.0
424.915,1.042,4.55,0.0
425.019,1.07,5.494,0.0
425.124,1.041,4.512,0.0
425.228,1.069,5.488,0.0
425.332,1.07,4.512,0.0
425.437,1.044,4.79,0.0
425.541,1.042,5.604,0.0
425.646,1.041,4.544,0.0
425.75,1.043,5.484,0.0
425.855,1.068,5.216,0.0
425.959,1.07,4.394,0.0
426.064,1.041,4.754,0.0
426.168,1.011,4.882,0.0
426.273,1.041,5.62,0.0
426.377,1.041,4.546,0.0
426.481,1.038,5.486,0.0
426.586,1.041,5.22,0.0
426.69,1.046,4.382,0.0
426.795,1.04,5.464,0.0
426.898,1.043,4.524,0.0
427.003,1.106,5.474,0.0
427.107,1.048,4.498,0.0
427.212,1.102,5.48,0.0
427.316,1.045,5.226,0.0
427.42,1.069,4.398,0.0
427.525,1.039,5.44,0.0
427.629,1.068,4.51,0.0
427.734,1.039,4.792,0.0
427.838,1.067,5.602,0.0
427.943,1.078,4.542,0.0
428.047,1.036,5.486,0.0
428.152,1.015,4.518,0.0
428.256,1.041,5.496,0.0
428.36,1.039,4.534,0.0
428.465,1.039,4.738,0.0
428.569,1.013,5.568,0.0
428.674,1.04,4.544,0.0
428.777,1.014,5.492,0.0
428.882,1.069,5.224,0.0
428.986,1.068,5.09,0.0
429.091,1.072,4.288,0.0
429.195,1.038,4.752,0.0
429.299,1.041,5.572,0.0
429.404,1.062,4.548,0.0
429.508,1.041,5.502,0.0
429.613,1.068,5.206,0.0
429.717,1.068,4.388,0.0
429.822,1.038,5.448,0.0
429.926,1.04,4.508,0.0
430.031,1.012,5.478,0.0
430.135,1.041,4.52,0.0
430.239,1.012,5.476,0.0
430.344,1.04,5.218,0.0
430.448,1.042,4.4,0.0
430.553,1.042,5.39,0.0
430.656,1.04,4.832,0.0
430.761,1.067,4.592,0.0
430.865,1.037,5.514,0.0
430.97,1.068,5.266,0.0
431.074,1.072,5.148,0.0
431.179,1.041,4.364,0.0
431.283,1.065,5.424,0.0
431.387,1.039,4.89,0.0
431.492,1.062,4.532,0.0
431.596,1.038,5.496,0.0
431.701,1.066,4.512,0.0
431.805,1.039,5.046,0.0
431.91,1.01,4.774,0.0
432.014,1.035,5.62,0.0
432.119,1.074,4.93,0.0
432.223,1.04,4.594,0.0
432.327,1.008,5.532,0.0
432.432,1.041,4.56,0.0
432.536,1.076,5.074,0.0
432.64,1.009,5.462,0.0
432.744,1.063,4.516,0.0
432.849,1.039,4.89,0.0
432.953,1.038,4.834,0.0
433.058,1.04,5.602,0.0
433.162,1.067,4.556,0.0
433.266,1.041,5.128,0.0
433.371,1.062,5.452,0.0
433.475,1.064,4.504,0.0
433.58,1.06,5.486,0.0
433.684,1.04,5.22,0.0
433.789,1.04,4.4,0.0
433.893,1.014,4.714,0.0
433.998,1.072,5.292,0.0
434.102,1.009,5.394,0.0
434.206,1.039,4.518,0.0
434.311,1.01,5.49,0.0
434.415,1.037,5.228,0.0
434.519,1.041,4.4,0.0
434.623,1.065,5.408,0.0
434.728,1.102,4.49,0.0
434.832,1.065,5.442,0.0
434.937,1.067,4.508,0.0
435.041,1.036,5.494,0.0
435.145,1.068,5.226,0.0
435.25,1.039,4.404,0.0
435.354,1.101,5.42,0.0
435.459,1.038,4.456,0.0
435.563,1.071,4.786,0.0
435.668,1.038,5.608,0.0
435.772,1.038,4.558,0.0
435.877,1.036,5.322,0.0
435.981,1.034,4.63,0.0
436.086,1.032,5.532,0.0
436.19,1.037,4.558,0.0
436.294,1.035,4.784,0.0
436.399,1.009,5.6,0.0
436.502,1.061,4.604,0.0
436.607,1.039,5.48,0.0
436.711,1.062,5.22,0.0
436.816,1.064,5.088,0.0
436.92,1.041,4.364,0.0
437.025,1.063,4.718,0.0
437.129,1.034,5.562,0.0
437.233,1.061,4.536,0.0
437.338,1.033,5.498,0.0
437.442,1.06,5.224,0.0
437.547,1.072,4.376,0.0
437.651,1.036,5.444,0.0
437.756,1.009,4.506,0.0
437.86,1.032,5.488,0.0
437.965,1.01,4.534,0.0
438.069,1.033,5.434,0.0
438.173,1.009,5.198,0.0
438.278,1.039,4.454,0.0
438.381,1.007,5.452,0.0
438.486,1.065,4.534,0.0
438.59,1.035,4.75,0.0
438.695,1.061,5.55,0.0
438.799,1.037,5.266,0.0
438.904,1.066,5.148,0.0
439.008,1.063,4.338,0.0
439.112,1.061,5.418,0.0
439.217,1.037,4.476,0.0
439.321,1.059,4.738,0.0
439.426,1.006,5.58,0.0
439.53,1.038,4.56,0.0
439.635,1.008,5.496,0.0
439.739,1.034,4.516,0.0
439.844,1.011,5.496,0.0
439.948,1.033,4.512,0.0
440.052,1.007,4.78,0.0
440.157,1.031,5.592,0.0
440.261,1.034,4.588,0.0
440.365,1.033,5.54,0.0
440.469,1.062,5.212,0.0
440.574,1.1,4.378,0.0
440.678,1.06,4.746,0.0
440.783,1.032,4.87,0.0
440.887,1.058,5.598,0.0
440.991,1.037,4.612,0.0
441.096,1.058,5.49,0.0
441.2,1.031,5.224,0.0
441.305,1.06,4.398,0.0
441.409,1.034,5.454,0.0
441.514,1.034,4.614,0.0
441.618,1.033,4.708,0.0
441.723,1.004,4.87,0.0
441.827,1.031,5.606,0.0
441.932,1.032,5.262,0.0
442.036,1.035,4.438,0.0
442.14,1.036,5.454,0.0
442.244,1.009,4.614,0.0
442.348,1.057,4.692,0.0
442.453,1.033,5.576,0.0
442.557,1.063,4.552,0.0
442.662,1.032,5.496,0.0
442.766,1.06,4.51,0.0
442.871,1.031,5.48,0.0
442.975,1.059,4.594,0.0
443.079,1.03,4.75,0.0
443.184,1.065,5.576,0.0
443.288,1.004,4.554,0.0
443.393,1.066,5.46,0.0
443.497,1.031,5.254,0.0
443.602,1.031,5.14,0.0
443.706,1.038,4.436,0.0
443.811,1.03,4.68,0.0
443.915,1.035,5.51,0.0
444.019,1.032,4.55,0.0
444.123,1.034,5.482,0.0
444.227,1.061,5.212,0.0
444.332,1.096,4.4,0.0
444.436,1.059,5.418,0.0
444.541,1.095,4.994,0.0
444.645,1.061,5.19,0.0
444.75,1.098,4.4,0.0
444.854,1.058,5.39,0.0
444.958,1.058,5.216,0.0
445.063,1.058,4.394,0.0
445.167,1.032,5.448,0.0
445.272,1.035,4.93,0.0
445.376,1.034,4.558,0.0
445.481,1.007,5.482,0.0
445.585,1.032,5.086,0.0
445.69,1.033,5.16,0.0
445.794,1.033,4.41,0.0
445.897,1.006,5.406,0.0
446.002,1.06,4.832,0.0
446.106,1.033,4.548,0.0
446.211,1.059,5.462,0.0
446.315,1.059,4.56,0.0
446.42,1.056,4.834,0.0
446.524,1.029,5.568,0.0
446.629,1.06,5.254,0.0
446.733,1.032,4.778,0.0
446.838,1.052,4.55,0.0
446.942,1.006,5.49,0.0
447.046,1.03,4.506,0.0
447.151,1.003,4.926,0.0
447.255,1.001,5.53,0.0
447.36,1.031,4.556,0.0
447.464,1.062,5.494,0.0
447.569,1.007,4.498,0.0
447.673,1.028,5.494,0.0
447.777,1.002,4.518,0.0
447.881,1.057,5.284,0.0
447.985,1.033,5.334,0.0
448.09,1.059,4.434,0.0
448.194,1.029,5.456,0.0
448.299,1.056,5.214,0.0
448.403,1.055,4.398,0.0
448.508,1.054,4.748,0.0
448.612,1.031,5.366,0.0
448.717,1.053,5.37,0.0
448.821,1.088,4.466,0.0
448.925,1.026,5.458,0.0
449.03,1.027,5.266,0.0
449.134,1.03,4.45,0.0
449.239,1.0,5.456,0.0
449.343,1.027,4.512,0.0
449.448,0.999,4.786,0.0
449.552,1.024,4.924,0.0
449.656,1.002,5.618,0.0
449.76,1.057,5.3,0.0
449.864,1.029,4.438,0.0
449.969,1.054,5.462,0.0
450.073,1.054,4.52,0.0
450.178,1.054,4.782,0.0
450.282,1.027,5.6,0.0
450.387,1.053,4.592,0.0
450.491,1.027,5.5,0.0
450.596,1.052,4.558,0.0
450.7,0.997,5.464,0.0
450.804,1.028,4.572,0.0
450.909,1.024,4.788,0.0
451.013,0.998,5.6,0.0
451.118,1.025,4.594,0.0
451.222,1.0,5.538,0.0
451.327,1.028,5.22,0.0
451.43,1.028,5.102,0.0
451.535,1.058,4.348,0.0
451.639,1.025,4.716,0.0
451.743,1.051,5.572,0.0
451.848,1.052,4.572,0.0
451.952,1.025,5.462,0.0
452.057,1.054,5.246,0.0
452.161,1.029,4.444,0.0
452.266,1.053,5.436,0.0
452.37,1.028,4.494,0.0
452.475,1.049,5.494,0.0
452.579,1.027,4.528,0.0
452.684,1.024,5.472,0.0
452.788,1.025,5.202,0.0
452.892,1.026,4.41,0.0
452.997,0.995,5.384,0.0
453.101,1.025,4.488,0.0
453.206,0.999,4.8,0.0
453.31,1.058,5.558,0.0
453.414,1.0,5.252,0.0
453.518,1.055,5.146,0.0
453.623,1.055,4.376,0.0
453.727,1.055,5.404,0.0
453.831,1.051,4.476,0.0
453.936,1.025,4.752,0.0
454.04,1.026,5.566,0.0
454.145,1.025,4.538,0.0
454.249,1.026,5.466,0.0
454.354,1.051,4.57,0.0
454.458,0.999,5.482,0.0
454.563,1.023,4.514,0.0
454.667,0.994,4.788,0.0
454.771,1.021,5.616,0.0
454.876,1.023,4.558,0.0
454.98,1.023,5.492,0.0
455.085,1.023,5.204,0.0
455.189,1.028,4.392,0.0
455.294,1.021,5.464,0.0
455.397,1.026,4.524,0.0
455.502,1.048,5.466,0.0
455.606,1.027,4.566,0.0
455.71,1.053,5.472,0.0
455.815,1.026,5.212,0.0
455.919,1.05,4.4,0.0
456.024,1.022,5.408,0.0
456.128,1.053,4.514,0.0
456.233,1.022,4.746,0.0
456.337,1.046,4.866,0.0
456.442,0.992,5.654,0.0
456.546,1.021,5.266,0.0
456.651,1.022,4.494,0.0
456.755,1.021,5.462,0.0
456.859,1.024,4.462,0.0
456.964,1.021,4.838,0.0
457.068,0.992,5.616,0.0
457.173,1.022,4.572,0.0
457.276,0.995,5.482,0.0
457.381,1.052,4.532,0.0
457.485,1.023,5.488,0.0
457.59,1.026,4.454,0.0
457.694,1.022,4.824,0.0
457.798,1.021,5.608,0.0
457.903,1.052,4.552,0.0
458.007,1.022,5.504,0.0
458.112,1.046,5.212,0.0
458.216,1.024,4.404,0.0
458.321,1.045,4.71,0.0
458.425,0.991,4.864,0.0
458.53,1.053,5.658,0.0
458.634,0.996,4.61,0.0
458.738,1.055,5.492,0.0
458.843,0.994,5.2,0.0
458.947,1.02,4.436,0.0
459.052,1.019,5.462,0.0
459.156,1.023,4.712,0.0
459.26,0.995,5.384,0.0
459.364,1.05,4.46,0.0
459.469,1.022,5.502,0.0
459.573,1.049,5.208,0.0
459.677,1.051,4.388,0.0
459.782,1.021,5.462,0.0
459.886,1.051,4.634,0.0
459.991,1.017,4.706,0.0
460.095,1.015,5.566,0.0
460.2,1.02,4.558,0.0
460.304,0.991,5.492,0.0
460.409,1.015,4.514,0.0
460.513,0.99,5.494,0.0
460.617,1.018,4.554,0.0
460.722,0.991,4.752,0.0
460.826,1.015,5.57,0.0
460.931,1.054,4.568,0.0
461.035,1.014,5.496,0.0
461.139,1.018,5.204,0.0
461.243,1.024,5.102,0.0
461.348,1.047,4.338,0.0
461.452,1.019,4.694,0.0
461.556,1.079,5.558,0.0
461.661,1.017,4.558,0.0
461.765,1.045,5.498,0.0
461.87,1.02,5.208,0.0
461.974,1.047,4.392,0.0
462.079,1.021,5.442,0.0
462.183,1.044,4.674,0.0
462.288,0.992,5.372,0.0
462.392,1.016,4.474,0.0
462.497,0.988,5.452,0.0
462.601,1.018,5.224,0.0
462.705,1.053,4.382,0.0
462.81,1.014,5.434,0.0
462.914,0.992,4.574,0.0
463.019,1.014,4.736,0.0
463.122,0.989,5.564,0.0
463.227,1.045,5.252,0.0
463.331,1.046,5.13,0.0
463.436,1.049,4.4,0.0
463.54,1.079,5.408,0.0
463.644,1.023,4.476,0.0
463.749,1.041,4.738,0.0
463.853,1.014,5.558,0.0
463.958,1.046,4.548,0.0
464.062,1.017,5.502,0.0
464.167,1.042,4.506,0.0
464.271,1.011,5.474,0.0
464.376,1.015,4.52,0.0
464.48,1.014,4.792,0.0
464.584,0.984,5.594,0.0
464.689,1.014,4.598,0.0
464.793,0.99,5.542,0.0
464.898,1.014,5.218,0.0
465.001,1.017,4.414,0.0
465.106,1.046,5.424,0.0
465.21,1.044,4.468,0.0
465.315,1.016,5.446,0.0
465.419,1.042,4.52,0.0
465.523,1.015,5.486,0.0
465.628,1.046,5.186,0.0
465.732,1.043,4.438,0.0
465.837,1.041,5.45,0.0
465.941,1.04,4.554,0.0
466.046,1.037,4.752,0.0
466.15,0.982,4.866,0.0
466.255,1.042,5.63,0.0
466.359,0.987,5.27,0.0
466.463,1.01,4.42,0.0
466.568,1.015,5.456,0.0
466.672,1.012,4.454,0.0
466.777,1.013,4.844,0.0
466.881,0.98,5.614,0.0
466.985,1.018,4.568,0.0
467.089,1.076,5.462,0.0
467.194,1.014,4.544,0.0
467.298,1.039,5.498,0.0
467.403,1.014,4.512,0.0
467.507,1.038,4.776,0.0
467.611,1.011,5.61,0.0
467.716,1.037,4.536,0.0
467.82,1.012,5.482,0.0
467.925,1.038,5.186,0.0
468.029,1.037,4.428,0.0
468.134,1.006,4.752,0.0
468.238,0.981,4.874,0.0
468.343,1.008,5.586,0.0
468.447,0.982,4.596,0.0
468.551,1.009,5.534,0.0
468.656,1.014,5.212,0.0
468.76,1.01,4.392,0.0
468.864,0.987,5.462,0.0
468.968,1.014,4.534,0.0
469.073,1.038,5.456,0.0
469.177,1.013,4.52,0.0
469.282,1.034,5.496,0.0
469.386,1.012,5.22,0.0
469.49,1.04,4.398,0.0
469.595,1.011,5.44,0.0
469.699,1.039,4.496,0.0
469.804,1.008,4.794,0.0
469.908,1.003,5.6,0.0
470.013,1.008,4.578,0.0
470.117,0.979,5.542,0.0
470.222,1.01,4.518,0.0
470.326,0.979,5.498,0.0
470.43,1.011,4.518,0.0
470.535,1.042,4.794,0.0
470.639,0.979,5.59,0.0
470.744,1.008,4.596,0.0
470.847,0.98,5.526,0.0
470.952,1.038,5.238,0.0
471.056,1.037,5.142,0.0
471.161,1.04,4.36,0.0
471.265,1.069,4.71,0.0
471.369,1.01,5.576,0.0
471.474,1.034,4.558,0.0
471.578,1.009,5.49,0.0
471.683,1.033,5.192,0.0
471.787,1.009,4.44,0.0
471.892,0.978,5.454,0.0
471.996,1.006,4.506,0.0
472.101,0.978,5.484,0.0
472.205,1.006,4.514,0.0
472.31,0.977,5.46,0.0
472.414,1.007,5.254,0.0
472.518,1.004,4.454,0.0
472.623,1.003,5.428,0.0
472.726,1.008,4.508,0.0
472.831,1.035,4.786,0.0
472.935,1.003,5.608,0.0
473.04,1.037,5.262,0.0
473.144,1.033,5.136,0.0
473.249,1.011,4.354,0.0
473.353,1.069,5.394,0.0
473.457,1.008,4.53,0.0
473.562,1.003,4.774,0.0
473.666,1.024,5.612,0.0
473.771,1.062,4.552,0.0
473.875,1.0,5.488,0.0
473.98,1.002,4.52,0.0
474.084,1.002,5.486,0.0
474.189,0.979,4.534,0.0
474.293,1.0,4.748,0.0
474.397,0.976,5.55,0.0
474.502,1.003,4.54,0.0
474.605,1.003,5.482,0.0
474.71,1.027,5.22,0.0
474.814,1.008,4.39,0.0
474.919,1.005,4.748,0.0
475.023,1.001,4.89,0.0
475.128,0.999,5.606,0.0
475.232,1.031,4.556,0.0
475.336,0.993,5.49,0.0
475.441,1.027,5.214,0.0
475.545,1.026,4.414,0.0
475.65,1.0,5.404,0.0
475.754,1.034,4.49,0.0
475.859,0.995,4.748,0.0
475.963,0.971,4.866,0.0
476.068,1.031,5.658,0.0
476.172,0.973,5.304,0.0
476.276,1.003,4.442,0.0
476.38,0.975,5.45,0.0
476.484,1.031,4.514,0.0
476.589,0.997,4.788,0.0
476.693,1.025,5.606,0.0
476.798,1.027,4.552,0.0
476.902,0.997,5.106,0.0
477.007,1.001,4.748,0.0
477.111,1.02,5.576,0.0
477.215,1.0,4.554,0.0
477.32,1.02,5.014,0.0
477.424,0.968,5.484,0.0
477.529,0.996,4.52,0.0
477.633,0.996,5.484,0.0
477.738,0.996,5.22,0.0
477.842,0.997,4.39,0.0
477.947,0.995,4.756,0.0
478.051,0.996,5.426,0.0
478.156,0.999,5.336,0.0
478.259,1.003,4.436,0.0
478.363,1.022,5.444,0.0
478.468,1.004,5.208,0.0
478.572,1.025,4.402,0.0
478.677,0.997,5.402,0.0
478.781,1.024,4.472,0.0
478.886,0.994,5.462,0.0
478.99,1.021,4.518,0.0
479.095,0.992,5.474,0.0
479.199,1.019,5.066,0.0
479.303,0.972,4.516,0.0
479.408,0.99,5.492,0.0
479.512,0.997,4.514,0.0
479.617,0.966,5.07,0.0
479.721,0.988,5.458,0.0
479.826,0.995,5.21,0.0
479.93,0.998,4.778,0.0
480.034,0.996,4.508,0.0
480.138,1.017,5.49,0.0
480.242,0.996,4.532,0.0
480.347,1.018,5.372,0.0
480.451,1.023,5.276,0.0
480.556,1.0,4.418,0.0
480.66,1.015,5.456,0.0
480.765,0.994,5.168,0.0
480.869,1.022,5.134,0.0
480.974,0.997,4.362,0.0
481.078,0.985,5.416,0.0
481.182,0.99,5.182,0.0
481.287,0.989,4.386,0.0
481.391,0.988,5.456,0.0
481.496,0.99,4.756,0.0
481.6,0.991,4.62,0.0
481.705,0.989,5.53,0.0
481.808,0.991,5.248,0.0
481.913,1.022,5.136,0.0
482.017,1.019,4.368,0.0
482.121,1.017,5.408,0.0
482.226,1.021,4.634,0.0
482.33,0.991,4.668,0.0
482.435,1.013,5.53,0.0
482.539,0.992,4.552,0.0
482.644,1.046,5.278,0.0
482.748,0.99,4.634,0.0
482.853,0.983,5.53,0.0
482.957,0.988,4.498,0.0
483.062,0.955,4.834,0.0
483.166,0.983,5.596,0.0
483.27,0.96,4.602,0.0
483.375,0.984,5.496,0.0
483.479,0.96,5.218,0.0
483.584,0.99,4.4,0.0
483.687,0.987,5.412,0.0
483.792,1.018,4.48,0.0
483.896,0.988,5.45,0.0
484.001,1.014,4.514,0.0
484.105,1.013,5.502,0.0
484.209,1.014,5.212,0.0
484.314,1.017,4.386,0.0
484.418,0.982,5.458,0.0
484.523,1.011,4.574,0.0
484.627,0.979,4.764,0.0
484.732,0.981,4.88,0.0
484.836,0.955,5.594,0.0
484.941,0.981,5.298,0.0
485.045,0.983,4.444,0.0
485.149,0.981,5.456,0.0
485.254,0.96,4.496,0.0
485.358,0.981,4.788,0.0
485.462,0.958,5.618,0.0
485.566,1.014,4.538,0.0
485.671,0.982,5.5,0.0
485.775,1.011,4.502,0.0
485.88,0.981,5.488,0.0
485.984,1.011,4.502,0.0
486.088,0.981,4.808,0.0
486.193,0.978,5.562,0.0
486.297,0.982,4.558,0.0
486.402,1.003,5.492,0.0
486.506,0.951,5.22,0.0
486.611,0.98,4.382,0.0
486.715,0.978,4.748,0.0
486.82,0.949,4.87,0.0
486.924,0.972,5.618,0.0
487.028,0.981,4.572,0.0
487.133,0.978,5.494,0.0
487.236,0.981,5.2,0.0
487.341,1.011,4.44,0.0
487.445,0.98,5.448,0.0
487.55,0.982,4.506,0.0
487.654,0.978,5.486,0.0
487.759,0.98,4.518,0.0
487.863,1.034,5.49,0.0
487.967,0.981,5.192,0.0
488.072,1.004,4.42,0.0
488.176,0.997,5.46,0.0
488.281,0.974,4.532,0.0
488.385,0.97,4.788,0.0
488.49,0.944,5.612,0.0
488.594,0.975,5.252,0.0
488.699,0.972,4.912,0.0
488.803,0.979,4.474,0.0
488.908,0.95,5.454,0.0
489.012,0.978,4.526,0.0
489.115,0.948,5.0,0.0
489.22,0.999,5.486,0.0
489.324,0.978,4.518,0.0
489.429,0.998,5.496,0.0
489.533,0.975,5.18,0.0
489.638,1.001,5.138,0.0
489.742,1.004,4.354,0.0
489.847,0.998,5.398,0.0
489.951,0.97,5.226,0.0
490.055,1.001,4.382,0.0
490.16,0.945,5.434,0.0
490.264,0.971,4.93,0.0
490.369,0.944,4.538,0.0
490.473,0.998,5.478,0.0
490.578,0.971,5.208,0.0
490.682,0.97,5.102,0.0
490.787,0.974,4.356,0.0
490.89,0.998,5.418,0.0
490.994,1.003,4.614,0.0
491.099,0.97,4.66,0.0
491.203,0.993,5.554,0.0
491.308,1.029,4.552,0.0
491.412,0.994,5.496,0.0
491.517,0.996,5.19,0.0
491.621,1.0,5.12,0.0
491.726,0.993,4.416,0.0
491.83,0.991,4.706,0.0
491.934,0.934,5.572,0.0
492.039,0.961,4.542,0.0
492.143,0.936,5.492,0.0
492.248,0.962,5.188,0.0
492.352,0.942,4.454,0.0
492.457,0.959,5.456,0.0
492.561,0.941,4.516,0.0
492.666,0.965,5.476,0.0
492.769,0.941,4.514,0.0
492.873,0.989,5.49,0.0
492.978,0.992,5.222,0.0
493.082,0.993,4.396,0.0
493.187,0.962,5.446,0.0
493.291,0.97,4.516,0.0
493.396,0.962,4.806,0.0
493.5,0.981,4.866,0.0
493.605,0.955,5.658,0.0
493.709,0.983,5.268,0.0
493.814,0.932,4.424,0.0
493.918,0.953,5.44,0.0
494.022,0.937,4.504,0.0
494.127,0.984,4.794,0.0
494.231,0.952,5.594,0.0
494.336,0.956,4.604,0.0
494.44,0.958,5.484,0.0
494.545,0.957,4.504,0.0
494.648,0.958,5.466,0.0
494.753,0.985,4.56,0.0
494.857,0.956,4.794,0.0
494.961,0.95,5.592,0.0
495.066,0.962,4.588,0.0
495.17,0.978,5.534,0.0
495.275,0.957,5.202,0.0
495.379,0.982,4.382,0.0
495.484,0.974,4.744,0.0
495.588,0.922,5.396,0.0
495.693,0.95,5.346,0.0
495.797,0.957,4.474,0.0
495.901,0.949,5.434,0.0
496.006,0.929,5.172,0.0
496.11,0.953,4.44,0.0
496.215,0.952,5.436,0.0
496.319,0.951,4.514,0.0
496.423,0.925,5.5,0.0
496.527,0.979,4.514,0.0
496.632,0.951,5.494,0.0
496.736,0.978,4.87,0.0
496.84,0.955,4.542,0.0
496.945,0.971,5.494,0.0
497.049,0.953,4.516,0.0
497.154,0.999,5.388,0.0
497.258,0.949,5.284,0.0
497.363,0.971,4.422,0.0
497.467,0.944,4.736,0.0
497.572,0.914,4.874,0.0
497.676,0.916,5.616,0.0
497.78,0.945,4.546,0.0
497.885,0.943,5.474,0.0
497.989,0.946,5.19,0.0
498.094,0.951,4.43,0.0
498.198,0.941,5.456,0.0
498.302,0.928,4.534,0.0
498.406,0.972,5.436,0.0
498.511,0.947,4.5,0.0
498.615,0.965,5.466,0.0
498.719,0.944,5.242,0.0
498.824,0.974,4.446,0.0
498.928,0.941,5.424,0.0
499.033,0.968,4.528,0.0
499.137,0.938,4.778,0.0
499.242,0.953,5.61,0.0
499.346,0.911,4.542,0.0
499.451,0.933,5.488,0.0
499.555,0.938,4.51,0.0
499.66,0.934,5.472,0.0
499.764,0.914,4.512,0.0
499.868,0.934,4.786,0.0
499.973,0.907,5.596,0.0
500.077,0.94,4.598,0.0
500.181,0.909,5.54,0.0
500.285,0.966,5.202,0.0
500.39,0.944,5.102,0.0
500.494,0.969,4.362,0.0
500.599,0.935,5.038,0.0
500.703,0.935,5.386,0.0
500.807,0.962,4.518,0.0
500.912,0.929,5.5,0.0
501.016,0.955,5.142,0.0
501.121,0.933,4.436,0.0
501.225,0.928,5.458,0.0
501.33,0.907,5.194,0.0
501.434,0.933,5.112,0.0
501.539,0.933,4.394,0.0
501.643,0.93,5.458,0.0
501.747,0.909,4.654,0.0
501.852,0.931,4.71,0.0
501.955,0.907,5.57,0.0
502.06,0.959,4.562,0.0
502.164,0.931,5.496,0.0
502.269,0.96,5.208,0.0
502.373,0.962,5.09,0.0
502.478,0.962,4.346,0.0
502.582,0.926,4.724,0.0
502.686,0.944,5.574,0.0
502.791,0.925,4.54,0.0
502.895,0.94,5.502,0.0
503.0,0.899,5.2,0.0
503.104,1.175,0.0,0.0
503.208,1.177,0.0,0.0
503.312,1.178,0.0,0.0
503.417,1.177,0.0,0.0
503.521,1.181,0.0,0.0
503.624,1.184,0.0,0.0
503.729,1.184,0.0,0.0
503.833,1.186,0.0,0.0
503.938,1.182,0.0,0.0
504.042,1.187,0.0,0.0
504.146,1.191,0.0,0.0
504.25,1.188,0.0,0.0
504.355,1.187,0.0,0.0
504.459,1.19,0.0,0.0
504.562,1.189,0.0,0.0
504.667,1.189,0.0,0.0
504.771,1.191,0.0,0.0
504.876,1.189,0.0,0.0
504.979,1.193,0.0,0.0
505.084,1.19,0.0,0.0
505.188,1.192,0.0,0.0
505.293,1.19,0.0,0.0
505.396,1.191,0.0,0.0
505.5,1.194,0.0,0.0
505.605,1.191,0.0,0.0
505.709,1.193,0.0,0.0
505.813,1.191,0.0,0.0
505.917,1.193,0.0,0.0
506.022,1.195,0.0,0.0
506.126,1.196,0.0,0.0
506.23,1.199,0.0,0.0
506.334,1.195,0.0,0.0
506.438,1.199,0.0,0.0
506.543,1.199,0.0,0.0
506.646,1.197,0.0,0.0
506.751,1.199,0.0,0.0
506.855,1.197,0.0,0.0
506.96,1.197,0.0,0.0
507.063,1.199,0.0,0.0
507.167,1.194,0.0,0.0
507.272,1.199,0.0,0.0
507.376,1.199,0.0,0.0
507.48,1.198,0.0,0.0
507.584,1.199,0.0,0.0
507.689,1.198,0.0,0.0
507.793,1.199,0.0,0.0
507.897,1.2,0.0,0.0
508.001,1.202,0.0,0.0
508.105,1.198,0.0,0.0
508.21,1.199,0.0,0.0
508.313,1.199,0.0,0.0
508.418,1.199,0.0,0.0
508.522,1.201,0.0,0.0
508.627,1.205,0.0,0.0
508.73,1.201,0.0,0.0
508.835,1.201,0.0,0.0
508.939,1.202,0.0,0.0
509.043,1.203,0.0,0.0
509.147,1.202,0.0,0.0
509.251,1.203,0.0,0.0
509.356,1.203,0.0,0.0
509.46,1.203,0.0,0.0
509.564,1.202,0.0,0.0
509.668,1.202,0.0,0.0
509.773,1.202,0.0,0.0
509.877,1.205,0.0,0.0
509.98,1.205,0.0,0.0
510.085,1.203,0.0,0.0
510.189,1.203,0.0,0.0
510.294,1.201,0.0,0.0
510.397,1.207,0.0,0.0
510.502,1.202,0.0,0.0
510.606,1.205,0.0,0.0
510.711,1.207,0.0,0.0
510.814,1.207,0.0,0.0
510.918,1.205,0.0,0.0
511.023,1.204,0.0,0.0
511.127,1.208,0.0,0.0
511.231,1.204,0.0,0.0
511.335,1.209,0.0,0.0
511.44,1.207,0.0,0.0
511.544,1.207,0.0,0.0
511.647,1.206,0.0,0.0
511.752,1.204,0.0,0.0
511.856,1.207,0.0,0.0
511.961,1.205,0.0,0.0
512.064,1.204,0.0,0.0
512.169,1.208,0.0,0.0
512.273,1.208,0.0,0.0
512.378,1.209,0.0,0.0
512.481,1.207,0.0,0.0
1025.17,1.206,0.0,0.0
1025.275,1.207,0.0,0.0
1025.379,1.207,0.0,0.0
1025.484,1.208,0.0,0.0
1025.588,1.207,0.0,0.0
1025.692,1.208,0.0,0.0
1025.796,1.207,0.0,0.0
1025.901,1.21,0.0,0.0
1026.005,1.208,0.0,0.0
1026.108,1.209,0.0,0.0
1026.213,1.207,0.0,0.0
1026.317,1.207,0.0,0.0
1026.422,1.21,0.0,0.0
1026.526,1.208,0.0,0.0
1026.63,1.209,0.0,0.0
1026.734,1.21,0.0,0.0
1026.839,1.209,0.0,0.0
1026.943,1.211,0.0,0.0
1027.047,1.206,0.0,0.0
1027.151,1.209,0.0,0.0
1027.255,1.212,0.0,0.0
1027.36,1.211,0.0,0.0
1027.464,1.21,0.0,0.0
1027.569,1.212,0.0,0.0
1027.672,1.211,0.0,0.0
1027.777,1.209,0.0,0.0
1027.881,1.209,0.0,0.0
1027.985,1.215,0.0,0.0
1543.595,1.212,0.0,0.0
1543.699,1.212,0.0,0.0
1543.803,1.213,0.0,0.0
1543.907,1.21,0.0,0.0
1544.012,1.209,0.0,0.0
1544.116,1.214,0.0,0.0
1544.221,1.211,0.0,0.0
1544.324,1.212,0.0,0.0
1544.428,1.212,0.0,0.0
1544.533,1.211,0.0,0.0
1544.637,1.21,0.0,0.0
1544.742,1.213,0.0,0.0
1544.845,1.213,0.0,0.0
1544.95,1.213,0.0,0.0
1545.054,1.211,0.0,0.0
1545.159,1.212,0.0,0.0
1545.263,1.214,0.0,0.0
1545.366,1.217,0.0,0.0
1545.471,1.217,0.0,0.0
1545.575,1.215,0.0,0.0
2063.27,1.214,0.0,0.0
2063.374,1.214,0.0,0.0
2063.479,1.215,0.0,0.0
2063.582,1.218,0.0,0.0
2063.687,1.215,0.0,0.0
2063.791,1.212,0.0,0.0
2063.895,1.211,0.0,0.0
2064.0,1.215,0.0,0.0
2064.103,1.212,0.0,0.0
2064.208,1.217,0.0,0.0
2064.312,1.217,0.0,0.0
2064.417,1.215,0.0,0.0
2064.521,1.217,0.0,0.0
2064.625,1.216,0.0,0.0
2064.729,1.215,0.0,0.0
2064.833,1.215,0.0,0.0
2064.938,1.213,0.0,0.0
2065.042,1.212,0.0,0.0
2065.146,1.215,0.0,0.0
2065.25,1.214,0.0,0.0
2065.355,1.219,0.0,0.0
2065.459,1.217,0.0,0.0
2065.564,1.216,0.0,0.0
2065.667,1.215,0.0,0.0
2065.771,1.215,0.0,0.0
2065.876,1.217,0.0,0.0
2065.98,1.217,0.0,0.0
2066.085,1.214,0.0,0.0
2066.188,1.217,0.0,0.0
2066.293,1.216,0.0,0.0
2066.397,1.216,0.0,0.0
2066.502,1.217,0.0,0.0
2066.606,1.215,0.0,0.0
2066.709,1.218,0.0,0.0
2066.814,1.217,0.0,0.0
2066.918,1.216,0.0,0.0
2067.023,1.217,0.0,0.0
2067.127,1.214,0.0,0.0
2067.231,1.217,0.0,0.0
2067.335,1.218,0.0,0.0
2067.439,1.216,0.0,0.0
2067.544,1.218,0.0,0.0
2067.648,1.218,0.0,0.0
2067.752,1.22,0.0,0.0
2067.856,1.216,0.0,0.0
2067.961,1.22,0.0,0.0
2068.065,1.217,0.0,0.0
2068.17,1.22,0.0,0.0
2068.273,1.219,0.0,0.0
2068.377,1.214,0.0,0.0
2068.482,1.216,0.0,0.0
2068.586,1.217,0.0,0.0
2068.691,1.22,0.0,0.0
2068.794,1.219,0.0,0.0
2068.899,1.219,0.0,0.0
2069.003,1.218,0.0,0.0
2069.108,1.218,0.0,0.0
2069.212,1.218,0.0,0.0
2069.315,1.216,0.0,0.0
2069.42,1.219,0.0,0.0
2069.524,1.223,0.0,0.0
2069.629,1.218,0.0,0.0
2069.733,1.221,0.0,0.0
2069.837,1.222,0.0,0.0
2069.941,1.222,0.0,0.0
2070.046,1.221,0.0,0.0
2070.15,1.22,0.0,0.0
2070.254,1.218,0.0,0.0
2070.358,1.219,0.0,0.0
2070.462,1.221,0.0,0.0
2070.567,1.218,0.0,0.0
2070.671,1.218,0.0,0.0
2070.776,1.221,0.0,0.0
2070.879,1.218,0.0,0.0
2070.984,1.218,0.0,0.0
2071.088,1.22,0.0,0.0
2071.192,1.221,0.0,0.0
2071.297,1.219,0.0,0.0
2071.4,1.219,0.0,0.0
2071.505,1.221,0.0,0.0
2071.609,1.222,0.0,0.0
2071.714,1.224,0.0,0.0
2071.818,1.22,0.0,0.0
2071.922,1.224,0.0,0.0
2072.026,1.22,0.0,0.0
2072.13,1.22,0.0,0.0
2072.235,1.218,0.0,0.0
2072.339,1.22,0.0,0.0
2072.443,1.218,0.0,0.0
2072.547,1.221,0.0,0.0
2072.652,1.222,0.0,0.0
2072.756,1.221,0.0,0.0
2072.861,1.223,0.0,0.0
2072.964,1.223,0.0,0.0
2073.068,1.222,0.0,0.0
2073.173,1.222,0.0,0.0
2073.277,1.222,0.0,0.0
2073.382,1.222,0.0,0.0
2073.485,1.222,0.0,0.0
2073.59,1.224,0.0,0.0
2073.694,1.221,0.0,0.0
2073.799,1.223,0.0,0.0
2073.903,1.222,0.0,0.0
